ISO-10303-21;
HEADER;
FILE_DESCRIPTION(('Open CASCADE Model'),'2;1');
FILE_NAME('Open CASCADE Shape Model','2026-09-18T13:08:11',('Author'),(
    'Open CASCADE'),'Open CASCADE STEP processor 7.9','build123d',
  'Unknown');
FILE_SCHEMA(('AUTOMOTIVE_DESIGN { 1 0 10303 214 1 1 1 1 }'));
ENDSEC;
DATA;
#1 = APPLICATION_PROTOCOL_DEFINITION('international standard',
  'automotive_design',2000,#2);
#2 = APPLICATION_CONTEXT(
  'core data for automotive mechanical design processes');
#3 = SHAPE_DEFINITION_REPRESENTATION(#4,#10);
#4 = PRODUCT_DEFINITION_SHAPE('','',#5);
#5 = PRODUCT_DEFINITION('design','',#6,#9);
#6 = PRODUCT_DEFINITION_FORMATION('','',#7);
#7 = PRODUCT('COMPOUND','COMPOUND','',(#8));
#8 = PRODUCT_CONTEXT('',#2,'mechanical');
#9 = PRODUCT_DEFINITION_CONTEXT('part definition',#2,'design');
#10 = ADVANCED_BREP_SHAPE_REPRESENTATION('',(#11,#15),#2972);
#11 = AXIS2_PLACEMENT_3D('',#12,#13,#14);
#12 = CARTESIAN_POINT('',(0.,0.,0.));
#13 = DIRECTION('',(0.,0.,1.));
#14 = DIRECTION('',(1.,0.,-0.));
#15 = MANIFOLD_SOLID_BREP('',#16);
#16 = CLOSED_SHELL('',(#17,#306,#382,#556,#869,#1268,#1323,#1472,#1527,
    #2095,#2118,#2142,#2255,#2304,#2353,#2422,#2445,#2469,#2545,#2710,
    #2757,#2770,#2777,#2784,#2814,#2821,#2848,#2875,#2908,#2935,#2962));
#17 = ADVANCED_FACE('',(#18),#32,.T.);
#18 = FACE_BOUND('',#19,.T.);
#19 = EDGE_LOOP('',(#20,#55,#83,#111,#139,#167,#195,#223,#251,#280));
#20 = ORIENTED_EDGE('',*,*,#21,.T.);
#21 = EDGE_CURVE('',#22,#24,#26,.T.);
#22 = VERTEX_POINT('',#23);
#23 = CARTESIAN_POINT('',(19.,21.151442512301,34.));
#24 = VERTEX_POINT('',#25);
#25 = CARTESIAN_POINT('',(19.,23.,34.));
#26 = SURFACE_CURVE('',#27,(#31,#43),.PCURVE_S1.);
#27 = LINE('',#28,#29);
#28 = CARTESIAN_POINT('',(19.,-23.,34.));
#29 = VECTOR('',#30,1.);
#30 = DIRECTION('',(-0.,1.,0.));
#31 = PCURVE('',#32,#37);
#32 = PLANE('',#33);
#33 = AXIS2_PLACEMENT_3D('',#34,#35,#36);
#34 = CARTESIAN_POINT('',(3.,-23.,34.));
#35 = DIRECTION('',(0.,0.,1.));
#36 = DIRECTION('',(1.,0.,-0.));
#37 = DEFINITIONAL_REPRESENTATION('',(#38),#42);
#38 = LINE('',#39,#40);
#39 = CARTESIAN_POINT('',(16.,0.));
#40 = VECTOR('',#41,1.);
#41 = DIRECTION('',(0.,1.));
#42 = ( GEOMETRIC_REPRESENTATION_CONTEXT(2) 
PARAMETRIC_REPRESENTATION_CONTEXT() REPRESENTATION_CONTEXT('2D SPACE',''
  ) );
#43 = PCURVE('',#44,#49);
#44 = PLANE('',#45);
#45 = AXIS2_PLACEMENT_3D('',#46,#47,#48);
#46 = CARTESIAN_POINT('',(19.,-23.,0.));
#47 = DIRECTION('',(1.,0.,-0.));
#48 = DIRECTION('',(0.,0.,1.));
#49 = DEFINITIONAL_REPRESENTATION('',(#50),#54);
#50 = LINE('',#51,#52);
#51 = CARTESIAN_POINT('',(34.,0.));
#52 = VECTOR('',#53,1.);
#53 = DIRECTION('',(0.,-1.));
#54 = ( GEOMETRIC_REPRESENTATION_CONTEXT(2) 
PARAMETRIC_REPRESENTATION_CONTEXT() REPRESENTATION_CONTEXT('2D SPACE',''
  ) );
#55 = ORIENTED_EDGE('',*,*,#56,.F.);
#56 = EDGE_CURVE('',#57,#24,#59,.T.);
#57 = VERTEX_POINT('',#58);
#58 = CARTESIAN_POINT('',(3.,23.,34.));
#59 = SURFACE_CURVE('',#60,(#64,#71),.PCURVE_S1.);
#60 = LINE('',#61,#62);
#61 = CARTESIAN_POINT('',(3.,23.,34.));
#62 = VECTOR('',#63,1.);
#63 = DIRECTION('',(1.,0.,-0.));
#64 = PCURVE('',#32,#65);
#65 = DEFINITIONAL_REPRESENTATION('',(#66),#70);
#66 = LINE('',#67,#68);
#67 = CARTESIAN_POINT('',(0.,46.));
#68 = VECTOR('',#69,1.);
#69 = DIRECTION('',(1.,0.));
#70 = ( GEOMETRIC_REPRESENTATION_CONTEXT(2) 
PARAMETRIC_REPRESENTATION_CONTEXT() REPRESENTATION_CONTEXT('2D SPACE',''
  ) );
#71 = PCURVE('',#72,#77);
#72 = PLANE('',#73);
#73 = AXIS2_PLACEMENT_3D('',#74,#75,#76);
#74 = CARTESIAN_POINT('',(3.,23.,0.));
#75 = DIRECTION('',(-0.,1.,0.));
#76 = DIRECTION('',(0.,0.,1.));
#77 = DEFINITIONAL_REPRESENTATION('',(#78),#82);
#78 = LINE('',#79,#80);
#79 = CARTESIAN_POINT('',(34.,0.));
#80 = VECTOR('',#81,1.);
#81 = DIRECTION('',(0.,1.));
#82 = ( GEOMETRIC_REPRESENTATION_CONTEXT(2) 
PARAMETRIC_REPRESENTATION_CONTEXT() REPRESENTATION_CONTEXT('2D SPACE',''
  ) );
#83 = ORIENTED_EDGE('',*,*,#84,.F.);
#84 = EDGE_CURVE('',#85,#57,#87,.T.);
#85 = VERTEX_POINT('',#86);
#86 = CARTESIAN_POINT('',(3.,11.,34.));
#87 = SURFACE_CURVE('',#88,(#92,#99),.PCURVE_S1.);
#88 = LINE('',#89,#90);
#89 = CARTESIAN_POINT('',(3.,-23.,34.));
#90 = VECTOR('',#91,1.);
#91 = DIRECTION('',(-0.,1.,0.));
#92 = PCURVE('',#32,#93);
#93 = DEFINITIONAL_REPRESENTATION('',(#94),#98);
#94 = LINE('',#95,#96);
#95 = CARTESIAN_POINT('',(0.,0.));
#96 = VECTOR('',#97,1.);
#97 = DIRECTION('',(0.,1.));
#98 = ( GEOMETRIC_REPRESENTATION_CONTEXT(2) 
PARAMETRIC_REPRESENTATION_CONTEXT() REPRESENTATION_CONTEXT('2D SPACE',''
  ) );
#99 = PCURVE('',#100,#105);
#100 = PLANE('',#101);
#101 = AXIS2_PLACEMENT_3D('',#102,#103,#104);
#102 = CARTESIAN_POINT('',(3.,-23.,0.));
#103 = DIRECTION('',(1.,0.,-0.));
#104 = DIRECTION('',(0.,0.,1.));
#105 = DEFINITIONAL_REPRESENTATION('',(#106),#110);
#106 = LINE('',#107,#108);
#107 = CARTESIAN_POINT('',(34.,0.));
#108 = VECTOR('',#109,1.);
#109 = DIRECTION('',(0.,-1.));
#110 = ( GEOMETRIC_REPRESENTATION_CONTEXT(2) 
PARAMETRIC_REPRESENTATION_CONTEXT() REPRESENTATION_CONTEXT('2D SPACE',''
  ) );
#111 = ORIENTED_EDGE('',*,*,#112,.F.);
#112 = EDGE_CURVE('',#113,#85,#115,.T.);
#113 = VERTEX_POINT('',#114);
#114 = CARTESIAN_POINT('',(3.,-11.,34.));
#115 = SURFACE_CURVE('',#116,(#120,#127),.PCURVE_S1.);
#116 = LINE('',#117,#118);
#117 = CARTESIAN_POINT('',(3.,-23.,34.));
#118 = VECTOR('',#119,1.);
#119 = DIRECTION('',(-0.,1.,0.));
#120 = PCURVE('',#32,#121);
#121 = DEFINITIONAL_REPRESENTATION('',(#122),#126);
#122 = LINE('',#123,#124);
#123 = CARTESIAN_POINT('',(0.,0.));
#124 = VECTOR('',#125,1.);
#125 = DIRECTION('',(0.,1.));
#126 = ( GEOMETRIC_REPRESENTATION_CONTEXT(2) 
PARAMETRIC_REPRESENTATION_CONTEXT() REPRESENTATION_CONTEXT('2D SPACE',''
  ) );
#127 = PCURVE('',#128,#133);
#128 = PLANE('',#129);
#129 = AXIS2_PLACEMENT_3D('',#130,#131,#132);
#130 = CARTESIAN_POINT('',(3.,-11.,-1.5));
#131 = DIRECTION('',(1.,0.,-0.));
#132 = DIRECTION('',(0.,0.,1.));
#133 = DEFINITIONAL_REPRESENTATION('',(#134),#138);
#134 = LINE('',#135,#136);
#135 = CARTESIAN_POINT('',(35.5,12.));
#136 = VECTOR('',#137,1.);
#137 = DIRECTION('',(0.,-1.));
#138 = ( GEOMETRIC_REPRESENTATION_CONTEXT(2) 
PARAMETRIC_REPRESENTATION_CONTEXT() REPRESENTATION_CONTEXT('2D SPACE',''
  ) );
#139 = ORIENTED_EDGE('',*,*,#140,.F.);
#140 = EDGE_CURVE('',#141,#113,#143,.T.);
#141 = VERTEX_POINT('',#142);
#142 = CARTESIAN_POINT('',(3.,-23.,34.));
#143 = SURFACE_CURVE('',#144,(#148,#155),.PCURVE_S1.);
#144 = LINE('',#145,#146);
#145 = CARTESIAN_POINT('',(3.,-23.,34.));
#146 = VECTOR('',#147,1.);
#147 = DIRECTION('',(-0.,1.,0.));
#148 = PCURVE('',#32,#149);
#149 = DEFINITIONAL_REPRESENTATION('',(#150),#154);
#150 = LINE('',#151,#152);
#151 = CARTESIAN_POINT('',(0.,0.));
#152 = VECTOR('',#153,1.);
#153 = DIRECTION('',(0.,1.));
#154 = ( GEOMETRIC_REPRESENTATION_CONTEXT(2) 
PARAMETRIC_REPRESENTATION_CONTEXT() REPRESENTATION_CONTEXT('2D SPACE',''
  ) );
#155 = PCURVE('',#156,#161);
#156 = PLANE('',#157);
#157 = AXIS2_PLACEMENT_3D('',#158,#159,#160);
#158 = CARTESIAN_POINT('',(3.,-23.,0.));
#159 = DIRECTION('',(1.,0.,-0.));
#160 = DIRECTION('',(0.,0.,1.));
#161 = DEFINITIONAL_REPRESENTATION('',(#162),#166);
#162 = LINE('',#163,#164);
#163 = CARTESIAN_POINT('',(34.,0.));
#164 = VECTOR('',#165,1.);
#165 = DIRECTION('',(0.,-1.));
#166 = ( GEOMETRIC_REPRESENTATION_CONTEXT(2) 
PARAMETRIC_REPRESENTATION_CONTEXT() REPRESENTATION_CONTEXT('2D SPACE',''
  ) );
#167 = ORIENTED_EDGE('',*,*,#168,.T.);
#168 = EDGE_CURVE('',#141,#169,#171,.T.);
#169 = VERTEX_POINT('',#170);
#170 = CARTESIAN_POINT('',(19.,-23.,34.));
#171 = SURFACE_CURVE('',#172,(#176,#183),.PCURVE_S1.);
#172 = LINE('',#173,#174);
#173 = CARTESIAN_POINT('',(3.,-23.,34.));
#174 = VECTOR('',#175,1.);
#175 = DIRECTION('',(1.,0.,-0.));
#176 = PCURVE('',#32,#177);
#177 = DEFINITIONAL_REPRESENTATION('',(#178),#182);
#178 = LINE('',#179,#180);
#179 = CARTESIAN_POINT('',(0.,0.));
#180 = VECTOR('',#181,1.);
#181 = DIRECTION('',(1.,0.));
#182 = ( GEOMETRIC_REPRESENTATION_CONTEXT(2) 
PARAMETRIC_REPRESENTATION_CONTEXT() REPRESENTATION_CONTEXT('2D SPACE',''
  ) );
#183 = PCURVE('',#184,#189);
#184 = PLANE('',#185);
#185 = AXIS2_PLACEMENT_3D('',#186,#187,#188);
#186 = CARTESIAN_POINT('',(3.,-23.,0.));
#187 = DIRECTION('',(-0.,1.,0.));
#188 = DIRECTION('',(0.,0.,1.));
#189 = DEFINITIONAL_REPRESENTATION('',(#190),#194);
#190 = LINE('',#191,#192);
#191 = CARTESIAN_POINT('',(34.,0.));
#192 = VECTOR('',#193,1.);
#193 = DIRECTION('',(0.,1.));
#194 = ( GEOMETRIC_REPRESENTATION_CONTEXT(2) 
PARAMETRIC_REPRESENTATION_CONTEXT() REPRESENTATION_CONTEXT('2D SPACE',''
  ) );
#195 = ORIENTED_EDGE('',*,*,#196,.T.);
#196 = EDGE_CURVE('',#169,#197,#199,.T.);
#197 = VERTEX_POINT('',#198);
#198 = CARTESIAN_POINT('',(19.,-21.1514425123,34.));
#199 = SURFACE_CURVE('',#200,(#204,#211),.PCURVE_S1.);
#200 = LINE('',#201,#202);
#201 = CARTESIAN_POINT('',(19.,-23.,34.));
#202 = VECTOR('',#203,1.);
#203 = DIRECTION('',(-0.,1.,0.));
#204 = PCURVE('',#32,#205);
#205 = DEFINITIONAL_REPRESENTATION('',(#206),#210);
#206 = LINE('',#207,#208);
#207 = CARTESIAN_POINT('',(16.,0.));
#208 = VECTOR('',#209,1.);
#209 = DIRECTION('',(0.,1.));
#210 = ( GEOMETRIC_REPRESENTATION_CONTEXT(2) 
PARAMETRIC_REPRESENTATION_CONTEXT() REPRESENTATION_CONTEXT('2D SPACE',''
  ) );
#211 = PCURVE('',#212,#217);
#212 = PLANE('',#213);
#213 = AXIS2_PLACEMENT_3D('',#214,#215,#216);
#214 = CARTESIAN_POINT('',(19.,-23.,0.));
#215 = DIRECTION('',(1.,0.,-0.));
#216 = DIRECTION('',(0.,0.,1.));
#217 = DEFINITIONAL_REPRESENTATION('',(#218),#222);
#218 = LINE('',#219,#220);
#219 = CARTESIAN_POINT('',(34.,0.));
#220 = VECTOR('',#221,1.);
#221 = DIRECTION('',(0.,-1.));
#222 = ( GEOMETRIC_REPRESENTATION_CONTEXT(2) 
PARAMETRIC_REPRESENTATION_CONTEXT() REPRESENTATION_CONTEXT('2D SPACE',''
  ) );
#223 = ORIENTED_EDGE('',*,*,#224,.T.);
#224 = EDGE_CURVE('',#197,#225,#227,.T.);
#225 = VERTEX_POINT('',#226);
#226 = CARTESIAN_POINT('',(16.327861963506,-18.68966607218,34.));
#227 = SURFACE_CURVE('',#228,(#232,#239),.PCURVE_S1.);
#228 = LINE('',#229,#230);
#229 = CARTESIAN_POINT('',(15.133340451877,-17.58918216215,34.));
#230 = VECTOR('',#231,1.);
#231 = DIRECTION('',(-0.735463264787,0.677564599244,0.));
#232 = PCURVE('',#32,#233);
#233 = DEFINITIONAL_REPRESENTATION('',(#234),#238);
#234 = LINE('',#235,#236);
#235 = CARTESIAN_POINT('',(12.133340451877,5.410817837841));
#236 = VECTOR('',#237,1.);
#237 = DIRECTION('',(-0.735463264787,0.677564599244));
#238 = ( GEOMETRIC_REPRESENTATION_CONTEXT(2) 
PARAMETRIC_REPRESENTATION_CONTEXT() REPRESENTATION_CONTEXT('2D SPACE',''
  ) );
#239 = PCURVE('',#240,#245);
#240 = PLANE('',#241);
#241 = AXIS2_PLACEMENT_3D('',#242,#243,#244);
#242 = CARTESIAN_POINT('',(19.,-21.1514425123,16.));
#243 = DIRECTION('',(-0.677564599244,-0.735463264787,0.));
#244 = DIRECTION('',(0.,0.,1.));
#245 = DEFINITIONAL_REPRESENTATION('',(#246),#250);
#246 = LINE('',#247,#248);
#247 = CARTESIAN_POINT('',(18.,5.25744756163));
#248 = VECTOR('',#249,1.);
#249 = DIRECTION('',(0.,1.));
#250 = ( GEOMETRIC_REPRESENTATION_CONTEXT(2) 
PARAMETRIC_REPRESENTATION_CONTEXT() REPRESENTATION_CONTEXT('2D SPACE',''
  ) );
#251 = ORIENTED_EDGE('',*,*,#252,.F.);
#252 = EDGE_CURVE('',#253,#225,#255,.T.);
#253 = VERTEX_POINT('',#254);
#254 = CARTESIAN_POINT('',(16.327861963506,18.689666072187,34.));
#255 = SURFACE_CURVE('',#256,(#261,#268),.PCURVE_S1.);
#256 = CIRCLE('',#257,21.8);
#257 = AXIS2_PLACEMENT_3D('',#258,#259,#260);
#258 = CARTESIAN_POINT('',(27.55,0.,34.));
#259 = DIRECTION('',(0.,0.,1.));
#260 = DIRECTION('',(1.,0.,-0.));
#261 = PCURVE('',#32,#262);
#262 = DEFINITIONAL_REPRESENTATION('',(#263),#267);
#263 = CIRCLE('',#264,21.8);
#264 = AXIS2_PLACEMENT_2D('',#265,#266);
#265 = CARTESIAN_POINT('',(24.55,23.));
#266 = DIRECTION('',(1.,0.));
#267 = ( GEOMETRIC_REPRESENTATION_CONTEXT(2) 
PARAMETRIC_REPRESENTATION_CONTEXT() REPRESENTATION_CONTEXT('2D SPACE',''
  ) );
#268 = PCURVE('',#269,#274);
#269 = CYLINDRICAL_SURFACE('',#270,21.8);
#270 = AXIS2_PLACEMENT_3D('',#271,#272,#273);
#271 = CARTESIAN_POINT('',(27.55,0.,16.));
#272 = DIRECTION('',(0.,0.,1.));
#273 = DIRECTION('',(1.,0.,-0.));
#274 = DEFINITIONAL_REPRESENTATION('',(#275),#279);
#275 = LINE('',#276,#277);
#276 = CARTESIAN_POINT('',(0.,18.));
#277 = VECTOR('',#278,1.);
#278 = DIRECTION('',(1.,0.));
#279 = ( GEOMETRIC_REPRESENTATION_CONTEXT(2) 
PARAMETRIC_REPRESENTATION_CONTEXT() REPRESENTATION_CONTEXT('2D SPACE',''
  ) );
#280 = ORIENTED_EDGE('',*,*,#281,.F.);
#281 = EDGE_CURVE('',#22,#253,#282,.T.);
#282 = SURFACE_CURVE('',#283,(#287,#294),.PCURVE_S1.);
#283 = LINE('',#284,#285);
#284 = CARTESIAN_POINT('',(3.671891389801,7.030025080736,34.));
#285 = VECTOR('',#286,1.);
#286 = DIRECTION('',(-0.735463264787,-0.677564599244,0.));
#287 = PCURVE('',#32,#288);
#288 = DEFINITIONAL_REPRESENTATION('',(#289),#293);
#289 = LINE('',#290,#291);
#290 = CARTESIAN_POINT('',(0.671891389801,30.030025080736));
#291 = VECTOR('',#292,1.);
#292 = DIRECTION('',(-0.735463264787,-0.677564599244));
#293 = ( GEOMETRIC_REPRESENTATION_CONTEXT(2) 
PARAMETRIC_REPRESENTATION_CONTEXT() REPRESENTATION_CONTEXT('2D SPACE',''
  ) );
#294 = PCURVE('',#295,#300);
#295 = PLANE('',#296);
#296 = AXIS2_PLACEMENT_3D('',#297,#298,#299);
#297 = CARTESIAN_POINT('',(19.,21.151442512301,16.));
#298 = DIRECTION('',(0.677564599244,-0.735463264787,0.));
#299 = DIRECTION('',(0.,0.,1.));
#300 = DEFINITIONAL_REPRESENTATION('',(#301),#305);
#301 = LINE('',#302,#303);
#302 = CARTESIAN_POINT('',(18.,20.841433344244));
#303 = VECTOR('',#304,1.);
#304 = DIRECTION('',(0.,1.));
#305 = ( GEOMETRIC_REPRESENTATION_CONTEXT(2) 
PARAMETRIC_REPRESENTATION_CONTEXT() REPRESENTATION_CONTEXT('2D SPACE',''
  ) );
#306 = ADVANCED_FACE('',(#307),#184,.F.);
#307 = FACE_BOUND('',#308,.F.);
#308 = EDGE_LOOP('',(#309,#339,#360,#361));
#309 = ORIENTED_EDGE('',*,*,#310,.F.);
#310 = EDGE_CURVE('',#311,#313,#315,.T.);
#311 = VERTEX_POINT('',#312);
#312 = CARTESIAN_POINT('',(3.,-23.,0.));
#313 = VERTEX_POINT('',#314);
#314 = CARTESIAN_POINT('',(19.,-23.,0.));
#315 = SURFACE_CURVE('',#316,(#320,#327),.PCURVE_S1.);
#316 = LINE('',#317,#318);
#317 = CARTESIAN_POINT('',(3.,-23.,0.));
#318 = VECTOR('',#319,1.);
#319 = DIRECTION('',(1.,0.,-0.));
#320 = PCURVE('',#184,#321);
#321 = DEFINITIONAL_REPRESENTATION('',(#322),#326);
#322 = LINE('',#323,#324);
#323 = CARTESIAN_POINT('',(0.,0.));
#324 = VECTOR('',#325,1.);
#325 = DIRECTION('',(0.,1.));
#326 = ( GEOMETRIC_REPRESENTATION_CONTEXT(2) 
PARAMETRIC_REPRESENTATION_CONTEXT() REPRESENTATION_CONTEXT('2D SPACE',''
  ) );
#327 = PCURVE('',#328,#333);
#328 = PLANE('',#329);
#329 = AXIS2_PLACEMENT_3D('',#330,#331,#332);
#330 = CARTESIAN_POINT('',(3.,-23.,0.));
#331 = DIRECTION('',(0.,0.,1.));
#332 = DIRECTION('',(1.,0.,-0.));
#333 = DEFINITIONAL_REPRESENTATION('',(#334),#338);
#334 = LINE('',#335,#336);
#335 = CARTESIAN_POINT('',(0.,0.));
#336 = VECTOR('',#337,1.);
#337 = DIRECTION('',(1.,0.));
#338 = ( GEOMETRIC_REPRESENTATION_CONTEXT(2) 
PARAMETRIC_REPRESENTATION_CONTEXT() REPRESENTATION_CONTEXT('2D SPACE',''
  ) );
#339 = ORIENTED_EDGE('',*,*,#340,.T.);
#340 = EDGE_CURVE('',#311,#141,#341,.T.);
#341 = SURFACE_CURVE('',#342,(#346,#353),.PCURVE_S1.);
#342 = LINE('',#343,#344);
#343 = CARTESIAN_POINT('',(3.,-23.,0.));
#344 = VECTOR('',#345,1.);
#345 = DIRECTION('',(0.,0.,1.));
#346 = PCURVE('',#184,#347);
#347 = DEFINITIONAL_REPRESENTATION('',(#348),#352);
#348 = LINE('',#349,#350);
#349 = CARTESIAN_POINT('',(0.,0.));
#350 = VECTOR('',#351,1.);
#351 = DIRECTION('',(1.,0.));
#352 = ( GEOMETRIC_REPRESENTATION_CONTEXT(2) 
PARAMETRIC_REPRESENTATION_CONTEXT() REPRESENTATION_CONTEXT('2D SPACE',''
  ) );
#353 = PCURVE('',#156,#354);
#354 = DEFINITIONAL_REPRESENTATION('',(#355),#359);
#355 = LINE('',#356,#357);
#356 = CARTESIAN_POINT('',(0.,0.));
#357 = VECTOR('',#358,1.);
#358 = DIRECTION('',(1.,0.));
#359 = ( GEOMETRIC_REPRESENTATION_CONTEXT(2) 
PARAMETRIC_REPRESENTATION_CONTEXT() REPRESENTATION_CONTEXT('2D SPACE',''
  ) );
#360 = ORIENTED_EDGE('',*,*,#168,.T.);
#361 = ORIENTED_EDGE('',*,*,#362,.F.);
#362 = EDGE_CURVE('',#313,#169,#363,.T.);
#363 = SURFACE_CURVE('',#364,(#368,#375),.PCURVE_S1.);
#364 = LINE('',#365,#366);
#365 = CARTESIAN_POINT('',(19.,-23.,0.));
#366 = VECTOR('',#367,1.);
#367 = DIRECTION('',(0.,0.,1.));
#368 = PCURVE('',#184,#369);
#369 = DEFINITIONAL_REPRESENTATION('',(#370),#374);
#370 = LINE('',#371,#372);
#371 = CARTESIAN_POINT('',(0.,16.));
#372 = VECTOR('',#373,1.);
#373 = DIRECTION('',(1.,0.));
#374 = ( GEOMETRIC_REPRESENTATION_CONTEXT(2) 
PARAMETRIC_REPRESENTATION_CONTEXT() REPRESENTATION_CONTEXT('2D SPACE',''
  ) );
#375 = PCURVE('',#212,#376);
#376 = DEFINITIONAL_REPRESENTATION('',(#377),#381);
#377 = LINE('',#378,#379);
#378 = CARTESIAN_POINT('',(0.,0.));
#379 = VECTOR('',#380,1.);
#380 = DIRECTION('',(1.,0.));
#381 = ( GEOMETRIC_REPRESENTATION_CONTEXT(2) 
PARAMETRIC_REPRESENTATION_CONTEXT() REPRESENTATION_CONTEXT('2D SPACE',''
  ) );
#382 = ADVANCED_FACE('',(#383),#328,.F.);
#383 = FACE_BOUND('',#384,.F.);
#384 = EDGE_LOOP('',(#385,#408,#409,#432,#461,#484,#507,#530));
#385 = ORIENTED_EDGE('',*,*,#386,.F.);
#386 = EDGE_CURVE('',#311,#387,#389,.T.);
#387 = VERTEX_POINT('',#388);
#388 = CARTESIAN_POINT('',(3.,-11.,0.));
#389 = SURFACE_CURVE('',#390,(#394,#401),.PCURVE_S1.);
#390 = LINE('',#391,#392);
#391 = CARTESIAN_POINT('',(3.,-23.,0.));
#392 = VECTOR('',#393,1.);
#393 = DIRECTION('',(-0.,1.,0.));
#394 = PCURVE('',#328,#395);
#395 = DEFINITIONAL_REPRESENTATION('',(#396),#400);
#396 = LINE('',#397,#398);
#397 = CARTESIAN_POINT('',(0.,0.));
#398 = VECTOR('',#399,1.);
#399 = DIRECTION('',(0.,1.));
#400 = ( GEOMETRIC_REPRESENTATION_CONTEXT(2) 
PARAMETRIC_REPRESENTATION_CONTEXT() REPRESENTATION_CONTEXT('2D SPACE',''
  ) );
#401 = PCURVE('',#156,#402);
#402 = DEFINITIONAL_REPRESENTATION('',(#403),#407);
#403 = LINE('',#404,#405);
#404 = CARTESIAN_POINT('',(0.,0.));
#405 = VECTOR('',#406,1.);
#406 = DIRECTION('',(0.,-1.));
#407 = ( GEOMETRIC_REPRESENTATION_CONTEXT(2) 
PARAMETRIC_REPRESENTATION_CONTEXT() REPRESENTATION_CONTEXT('2D SPACE',''
  ) );
#408 = ORIENTED_EDGE('',*,*,#310,.T.);
#409 = ORIENTED_EDGE('',*,*,#410,.T.);
#410 = EDGE_CURVE('',#313,#411,#413,.T.);
#411 = VERTEX_POINT('',#412);
#412 = CARTESIAN_POINT('',(19.,-18.19086309112,0.));
#413 = SURFACE_CURVE('',#414,(#418,#425),.PCURVE_S1.);
#414 = LINE('',#415,#416);
#415 = CARTESIAN_POINT('',(19.,-23.,0.));
#416 = VECTOR('',#417,1.);
#417 = DIRECTION('',(-0.,1.,0.));
#418 = PCURVE('',#328,#419);
#419 = DEFINITIONAL_REPRESENTATION('',(#420),#424);
#420 = LINE('',#421,#422);
#421 = CARTESIAN_POINT('',(16.,0.));
#422 = VECTOR('',#423,1.);
#423 = DIRECTION('',(0.,1.));
#424 = ( GEOMETRIC_REPRESENTATION_CONTEXT(2) 
PARAMETRIC_REPRESENTATION_CONTEXT() REPRESENTATION_CONTEXT('2D SPACE',''
  ) );
#425 = PCURVE('',#212,#426);
#426 = DEFINITIONAL_REPRESENTATION('',(#427),#431);
#427 = LINE('',#428,#429);
#428 = CARTESIAN_POINT('',(0.,0.));
#429 = VECTOR('',#430,1.);
#430 = DIRECTION('',(0.,-1.));
#431 = ( GEOMETRIC_REPRESENTATION_CONTEXT(2) 
PARAMETRIC_REPRESENTATION_CONTEXT() REPRESENTATION_CONTEXT('2D SPACE',''
  ) );
#432 = ORIENTED_EDGE('',*,*,#433,.F.);
#433 = EDGE_CURVE('',#434,#411,#436,.T.);
#434 = VERTEX_POINT('',#435);
#435 = CARTESIAN_POINT('',(19.,18.190863091123,0.));
#436 = SURFACE_CURVE('',#437,(#442,#449),.PCURVE_S1.);
#437 = CIRCLE('',#438,20.1);
#438 = AXIS2_PLACEMENT_3D('',#439,#440,#441);
#439 = CARTESIAN_POINT('',(27.55,0.,0.));
#440 = DIRECTION('',(0.,0.,1.));
#441 = DIRECTION('',(1.,0.,-0.));
#442 = PCURVE('',#328,#443);
#443 = DEFINITIONAL_REPRESENTATION('',(#444),#448);
#444 = CIRCLE('',#445,20.1);
#445 = AXIS2_PLACEMENT_2D('',#446,#447);
#446 = CARTESIAN_POINT('',(24.55,23.));
#447 = DIRECTION('',(1.,0.));
#448 = ( GEOMETRIC_REPRESENTATION_CONTEXT(2) 
PARAMETRIC_REPRESENTATION_CONTEXT() REPRESENTATION_CONTEXT('2D SPACE',''
  ) );
#449 = PCURVE('',#450,#455);
#450 = CONICAL_SURFACE('',#451,20.1,0.785398163397);
#451 = AXIS2_PLACEMENT_3D('',#452,#453,#454);
#452 = CARTESIAN_POINT('',(27.55,0.,0.));
#453 = DIRECTION('',(-0.,-0.,-1.));
#454 = DIRECTION('',(1.,0.,-0.));
#455 = DEFINITIONAL_REPRESENTATION('',(#456),#460);
#456 = LINE('',#457,#458);
#457 = CARTESIAN_POINT('',(-0.,-0.));
#458 = VECTOR('',#459,1.);
#459 = DIRECTION('',(-1.,-0.));
#460 = ( GEOMETRIC_REPRESENTATION_CONTEXT(2) 
PARAMETRIC_REPRESENTATION_CONTEXT() REPRESENTATION_CONTEXT('2D SPACE',''
  ) );
#461 = ORIENTED_EDGE('',*,*,#462,.T.);
#462 = EDGE_CURVE('',#434,#463,#465,.T.);
#463 = VERTEX_POINT('',#464);
#464 = CARTESIAN_POINT('',(19.,23.,0.));
#465 = SURFACE_CURVE('',#466,(#470,#477),.PCURVE_S1.);
#466 = LINE('',#467,#468);
#467 = CARTESIAN_POINT('',(19.,-23.,0.));
#468 = VECTOR('',#469,1.);
#469 = DIRECTION('',(-0.,1.,0.));
#470 = PCURVE('',#328,#471);
#471 = DEFINITIONAL_REPRESENTATION('',(#472),#476);
#472 = LINE('',#473,#474);
#473 = CARTESIAN_POINT('',(16.,0.));
#474 = VECTOR('',#475,1.);
#475 = DIRECTION('',(0.,1.));
#476 = ( GEOMETRIC_REPRESENTATION_CONTEXT(2) 
PARAMETRIC_REPRESENTATION_CONTEXT() REPRESENTATION_CONTEXT('2D SPACE',''
  ) );
#477 = PCURVE('',#44,#478);
#478 = DEFINITIONAL_REPRESENTATION('',(#479),#483);
#479 = LINE('',#480,#481);
#480 = CARTESIAN_POINT('',(0.,0.));
#481 = VECTOR('',#482,1.);
#482 = DIRECTION('',(0.,-1.));
#483 = ( GEOMETRIC_REPRESENTATION_CONTEXT(2) 
PARAMETRIC_REPRESENTATION_CONTEXT() REPRESENTATION_CONTEXT('2D SPACE',''
  ) );
#484 = ORIENTED_EDGE('',*,*,#485,.F.);
#485 = EDGE_CURVE('',#486,#463,#488,.T.);
#486 = VERTEX_POINT('',#487);
#487 = CARTESIAN_POINT('',(3.,23.,0.));
#488 = SURFACE_CURVE('',#489,(#493,#500),.PCURVE_S1.);
#489 = LINE('',#490,#491);
#490 = CARTESIAN_POINT('',(3.,23.,0.));
#491 = VECTOR('',#492,1.);
#492 = DIRECTION('',(1.,0.,-0.));
#493 = PCURVE('',#328,#494);
#494 = DEFINITIONAL_REPRESENTATION('',(#495),#499);
#495 = LINE('',#496,#497);
#496 = CARTESIAN_POINT('',(0.,46.));
#497 = VECTOR('',#498,1.);
#498 = DIRECTION('',(1.,0.));
#499 = ( GEOMETRIC_REPRESENTATION_CONTEXT(2) 
PARAMETRIC_REPRESENTATION_CONTEXT() REPRESENTATION_CONTEXT('2D SPACE',''
  ) );
#500 = PCURVE('',#72,#501);
#501 = DEFINITIONAL_REPRESENTATION('',(#502),#506);
#502 = LINE('',#503,#504);
#503 = CARTESIAN_POINT('',(0.,0.));
#504 = VECTOR('',#505,1.);
#505 = DIRECTION('',(0.,1.));
#506 = ( GEOMETRIC_REPRESENTATION_CONTEXT(2) 
PARAMETRIC_REPRESENTATION_CONTEXT() REPRESENTATION_CONTEXT('2D SPACE',''
  ) );
#507 = ORIENTED_EDGE('',*,*,#508,.F.);
#508 = EDGE_CURVE('',#509,#486,#511,.T.);
#509 = VERTEX_POINT('',#510);
#510 = CARTESIAN_POINT('',(3.,11.,0.));
#511 = SURFACE_CURVE('',#512,(#516,#523),.PCURVE_S1.);
#512 = LINE('',#513,#514);
#513 = CARTESIAN_POINT('',(3.,-23.,0.));
#514 = VECTOR('',#515,1.);
#515 = DIRECTION('',(-0.,1.,0.));
#516 = PCURVE('',#328,#517);
#517 = DEFINITIONAL_REPRESENTATION('',(#518),#522);
#518 = LINE('',#519,#520);
#519 = CARTESIAN_POINT('',(0.,0.));
#520 = VECTOR('',#521,1.);
#521 = DIRECTION('',(0.,1.));
#522 = ( GEOMETRIC_REPRESENTATION_CONTEXT(2) 
PARAMETRIC_REPRESENTATION_CONTEXT() REPRESENTATION_CONTEXT('2D SPACE',''
  ) );
#523 = PCURVE('',#100,#524);
#524 = DEFINITIONAL_REPRESENTATION('',(#525),#529);
#525 = LINE('',#526,#527);
#526 = CARTESIAN_POINT('',(0.,0.));
#527 = VECTOR('',#528,1.);
#528 = DIRECTION('',(0.,-1.));
#529 = ( GEOMETRIC_REPRESENTATION_CONTEXT(2) 
PARAMETRIC_REPRESENTATION_CONTEXT() REPRESENTATION_CONTEXT('2D SPACE',''
  ) );
#530 = ORIENTED_EDGE('',*,*,#531,.F.);
#531 = EDGE_CURVE('',#387,#509,#532,.T.);
#532 = SURFACE_CURVE('',#533,(#537,#544),.PCURVE_S1.);
#533 = LINE('',#534,#535);
#534 = CARTESIAN_POINT('',(3.,-23.,0.));
#535 = VECTOR('',#536,1.);
#536 = DIRECTION('',(-0.,1.,0.));
#537 = PCURVE('',#328,#538);
#538 = DEFINITIONAL_REPRESENTATION('',(#539),#543);
#539 = LINE('',#540,#541);
#540 = CARTESIAN_POINT('',(0.,0.));
#541 = VECTOR('',#542,1.);
#542 = DIRECTION('',(0.,1.));
#543 = ( GEOMETRIC_REPRESENTATION_CONTEXT(2) 
PARAMETRIC_REPRESENTATION_CONTEXT() REPRESENTATION_CONTEXT('2D SPACE',''
  ) );
#544 = PCURVE('',#545,#550);
#545 = PLANE('',#546);
#546 = AXIS2_PLACEMENT_3D('',#547,#548,#549);
#547 = CARTESIAN_POINT('',(3.,-11.,-1.5));
#548 = DIRECTION('',(1.,0.,-0.));
#549 = DIRECTION('',(0.,0.,1.));
#550 = DEFINITIONAL_REPRESENTATION('',(#551),#555);
#551 = LINE('',#552,#553);
#552 = CARTESIAN_POINT('',(1.5,12.));
#553 = VECTOR('',#554,1.);
#554 = DIRECTION('',(0.,-1.));
#555 = ( GEOMETRIC_REPRESENTATION_CONTEXT(2) 
PARAMETRIC_REPRESENTATION_CONTEXT() REPRESENTATION_CONTEXT('2D SPACE',''
  ) );
#556 = ADVANCED_FACE('',(#557),#450,.F.);
#557 = FACE_BOUND('',#558,.F.);
#558 = EDGE_LOOP('',(#559,#590,#622,#647,#648,#675,#707,#731));
#559 = ORIENTED_EDGE('',*,*,#560,.F.);
#560 = EDGE_CURVE('',#561,#563,#565,.T.);
#561 = VERTEX_POINT('',#562);
#562 = CARTESIAN_POINT('',(16.543517715128,13.086915133552,3.));
#563 = VERTEX_POINT('',#564);
#564 = CARTESIAN_POINT('',(10.513882243491,1.476716555862,3.));
#565 = SURFACE_CURVE('',#566,(#571,#578),.PCURVE_S1.);
#566 = CIRCLE('',#567,17.1);
#567 = AXIS2_PLACEMENT_3D('',#568,#569,#570);
#568 = CARTESIAN_POINT('',(27.55,0.,3.));
#569 = DIRECTION('',(0.,0.,1.));
#570 = DIRECTION('',(1.,0.,-0.));
#571 = PCURVE('',#450,#572);
#572 = DEFINITIONAL_REPRESENTATION('',(#573),#577);
#573 = LINE('',#574,#575);
#574 = CARTESIAN_POINT('',(-0.,-3.));
#575 = VECTOR('',#576,1.);
#576 = DIRECTION('',(-1.,-0.));
#577 = ( GEOMETRIC_REPRESENTATION_CONTEXT(2) 
PARAMETRIC_REPRESENTATION_CONTEXT() REPRESENTATION_CONTEXT('2D SPACE',''
  ) );
#578 = PCURVE('',#579,#584);
#579 = CYLINDRICAL_SURFACE('',#580,17.1);
#580 = AXIS2_PLACEMENT_3D('',#581,#582,#583);
#581 = CARTESIAN_POINT('',(27.55,0.,0.));
#582 = DIRECTION('',(0.,0.,1.));
#583 = DIRECTION('',(1.,0.,-0.));
#584 = DEFINITIONAL_REPRESENTATION('',(#585),#589);
#585 = LINE('',#586,#587);
#586 = CARTESIAN_POINT('',(0.,3.));
#587 = VECTOR('',#588,1.);
#588 = DIRECTION('',(1.,0.));
#589 = ( GEOMETRIC_REPRESENTATION_CONTEXT(2) 
PARAMETRIC_REPRESENTATION_CONTEXT() REPRESENTATION_CONTEXT('2D SPACE',''
  ) );
#590 = ORIENTED_EDGE('',*,*,#591,.F.);
#591 = EDGE_CURVE('',#592,#561,#594,.T.);
#592 = VERTEX_POINT('',#593);
#593 = CARTESIAN_POINT('',(19.,15.907110616067,2.040690263695));
#594 = SURFACE_CURVE('',#595,(#600,#610),.PCURVE_S1.);
#595 = HYPERBOLA('',#596,16.895116980075,16.895116980075);
#596 = AXIS2_PLACEMENT_3D('',#597,#598,#599);
#597 = CARTESIAN_POINT('',(14.810112646197,11.096857572432,20.1));
#598 = DIRECTION('',(-0.754057362777,0.656808566968,0.));
#599 = DIRECTION('',(0.,0.,-1.));
#600 = PCURVE('',#450,#601);
#601 = DEFINITIONAL_REPRESENTATION('',(#602),#609);
#602 = B_SPLINE_CURVE_WITH_KNOTS('',5,(#603,#604,#605,#606,#607,#608),
  .UNSPECIFIED.,.F.,.F.,(6,6),(-0.369133901075,-0.155578460665),
  .PIECEWISE_BEZIER_KNOTS.);
#603 = CARTESIAN_POINT('',(-2.063988474111,-2.040690263695));
#604 = CARTESIAN_POINT('',(-2.103946193427,-2.313151155379));
#605 = CARTESIAN_POINT('',(-2.144657429761,-2.544431520375));
#606 = CARTESIAN_POINT('',(-2.18600845767,-2.735566511737));
#607 = CARTESIAN_POINT('',(-2.227860125276,-2.887279764144));
#608 = CARTESIAN_POINT('',(-2.27005947203,-3.));
#609 = ( GEOMETRIC_REPRESENTATION_CONTEXT(2) 
PARAMETRIC_REPRESENTATION_CONTEXT() REPRESENTATION_CONTEXT('2D SPACE',''
  ) );
#610 = PCURVE('',#611,#616);
#611 = PLANE('',#612);
#612 = AXIS2_PLACEMENT_3D('',#613,#614,#615);
#613 = CARTESIAN_POINT('',(19.,15.907110616067,3.));
#614 = DIRECTION('',(0.754057362777,-0.656808566968,0.));
#615 = DIRECTION('',(0.,0.,1.));
#616 = DEFINITIONAL_REPRESENTATION('',(#617),#621);
#617 = ( BOUNDED_CURVE() B_SPLINE_CURVE(2,(#618,#619,#620),
.UNSPECIFIED.,.F.,.F.) B_SPLINE_CURVE_WITH_KNOTS((3,3),(-0.369133901075,
-0.155578460665),.PIECEWISE_BEZIER_KNOTS.) CURVE() 
GEOMETRIC_REPRESENTATION_ITEM() RATIONAL_B_SPLINE_CURVE((1.,
1.005706159233,1.)) REPRESENTATION_ITEM('') );
#618 = CARTESIAN_POINT('',(-0.959309736305,0.));
#619 = CARTESIAN_POINT('',(-0.280734470107,1.921036577807));
#620 = CARTESIAN_POINT('',(-3.552713678801E-15,3.740027777369));
#621 = ( GEOMETRIC_REPRESENTATION_CONTEXT(2) 
PARAMETRIC_REPRESENTATION_CONTEXT() REPRESENTATION_CONTEXT('2D SPACE',''
  ) );
#622 = ORIENTED_EDGE('',*,*,#623,.T.);
#623 = EDGE_CURVE('',#592,#434,#624,.T.);
#624 = SURFACE_CURVE('',#625,(#630,#640),.PCURVE_S1.);
#625 = HYPERBOLA('',#626,8.55,8.55);
#626 = AXIS2_PLACEMENT_3D('',#627,#628,#629);
#627 = CARTESIAN_POINT('',(19.,0.,20.1));
#628 = DIRECTION('',(1.,0.,0.));
#629 = DIRECTION('',(0.,-0.,-1.));
#630 = PCURVE('',#450,#631);
#631 = DEFINITIONAL_REPRESENTATION('',(#632),#639);
#632 = B_SPLINE_CURVE_WITH_KNOTS('',5,(#633,#634,#635,#636,#637,#638),
  .UNSPECIFIED.,.F.,.F.,(6,6),(1.316957896925,1.499280023188),
  .PIECEWISE_BEZIER_KNOTS.);
#633 = CARTESIAN_POINT('',(-2.094395102393,-3.));
#634 = CARTESIAN_POINT('',(-2.076162889767,-2.459997071885));
#635 = CARTESIAN_POINT('',(-2.058650376573,-1.891572803423));
#636 = CARTESIAN_POINT('',(-2.041832290841,-1.293231191305));
#637 = CARTESIAN_POINT('',(-2.025681454233,-0.663319367468));
#638 = CARTESIAN_POINT('',(-2.010170467371,1.7763568394E-15));
#639 = ( GEOMETRIC_REPRESENTATION_CONTEXT(2) 
PARAMETRIC_REPRESENTATION_CONTEXT() REPRESENTATION_CONTEXT('2D SPACE',''
  ) );
#640 = PCURVE('',#44,#641);
#641 = DEFINITIONAL_REPRESENTATION('',(#642),#646);
#642 = ( BOUNDED_CURVE() B_SPLINE_CURVE(2,(#643,#644,#645),
.UNSPECIFIED.,.F.,.F.) B_SPLINE_CURVE_WITH_KNOTS((3,3),(1.316957896925,
1.499280023188),.PIECEWISE_BEZIER_KNOTS.) CURVE() 
GEOMETRIC_REPRESENTATION_ITEM() RATIONAL_B_SPLINE_CURVE((1.,
1.004158048085,1.)) REPRESENTATION_ITEM('') );
#643 = CARTESIAN_POINT('',(3.,-37.80903440471));
#644 = CARTESIAN_POINT('',(1.653719963229,-39.36358468798));
#645 = CARTESIAN_POINT('',(-3.552713678801E-15,-41.19086309112));
#646 = ( GEOMETRIC_REPRESENTATION_CONTEXT(2) 
PARAMETRIC_REPRESENTATION_CONTEXT() REPRESENTATION_CONTEXT('2D SPACE',''
  ) );
#647 = ORIENTED_EDGE('',*,*,#433,.T.);
#648 = ORIENTED_EDGE('',*,*,#649,.T.);
#649 = EDGE_CURVE('',#411,#650,#652,.T.);
#650 = VERTEX_POINT('',#651);
#651 = CARTESIAN_POINT('',(19.,-15.90711061606,2.040690263695));
#652 = SURFACE_CURVE('',#653,(#658,#668),.PCURVE_S1.);
#653 = HYPERBOLA('',#654,8.55,8.55);
#654 = AXIS2_PLACEMENT_3D('',#655,#656,#657);
#655 = CARTESIAN_POINT('',(19.,0.,20.1));
#656 = DIRECTION('',(1.,0.,0.));
#657 = DIRECTION('',(0.,-0.,-1.));
#658 = PCURVE('',#450,#659);
#659 = DEFINITIONAL_REPRESENTATION('',(#660),#667);
#660 = B_SPLINE_CURVE_WITH_KNOTS('',5,(#661,#662,#663,#664,#665,#666),
  .UNSPECIFIED.,.F.,.F.,(6,6),(-1.499280023188,-1.316957896925),
  .PIECEWISE_BEZIER_KNOTS.);
#661 = CARTESIAN_POINT('',(-4.273014839808,1.7763568394E-15));
#662 = CARTESIAN_POINT('',(-4.257503852947,-0.663319367468));
#663 = CARTESIAN_POINT('',(-4.241353016338,-1.293231191305));
#664 = CARTESIAN_POINT('',(-4.224534930606,-1.891572803423));
#665 = CARTESIAN_POINT('',(-4.207022417413,-2.459997071885));
#666 = CARTESIAN_POINT('',(-4.188790204786,-3.));
#667 = ( GEOMETRIC_REPRESENTATION_CONTEXT(2) 
PARAMETRIC_REPRESENTATION_CONTEXT() REPRESENTATION_CONTEXT('2D SPACE',''
  ) );
#668 = PCURVE('',#212,#669);
#669 = DEFINITIONAL_REPRESENTATION('',(#670),#674);
#670 = ( BOUNDED_CURVE() B_SPLINE_CURVE(2,(#671,#672,#673),
.UNSPECIFIED.,.F.,.F.) B_SPLINE_CURVE_WITH_KNOTS((3,3),(-1.499280023188,
-1.316957896925),.PIECEWISE_BEZIER_KNOTS.) CURVE() 
GEOMETRIC_REPRESENTATION_ITEM() RATIONAL_B_SPLINE_CURVE((1.,
1.004158048085,1.)) REPRESENTATION_ITEM('') );
#671 = CARTESIAN_POINT('',(-3.552713678801E-15,-4.809136908876));
#672 = CARTESIAN_POINT('',(1.653719963229,-6.636415312017));
#673 = CARTESIAN_POINT('',(3.,-8.190965595286));
#674 = ( GEOMETRIC_REPRESENTATION_CONTEXT(2) 
PARAMETRIC_REPRESENTATION_CONTEXT() REPRESENTATION_CONTEXT('2D SPACE',''
  ) );
#675 = ORIENTED_EDGE('',*,*,#676,.T.);
#676 = EDGE_CURVE('',#650,#677,#679,.T.);
#677 = VERTEX_POINT('',#678);
#678 = CARTESIAN_POINT('',(16.543517715128,-13.08691513355,3.));
#679 = SURFACE_CURVE('',#680,(#685,#695),.PCURVE_S1.);
#680 = HYPERBOLA('',#681,16.895116980075,16.895116980075);
#681 = AXIS2_PLACEMENT_3D('',#682,#683,#684);
#682 = CARTESIAN_POINT('',(14.810112646197,-11.09685757243,20.1));
#683 = DIRECTION('',(0.754057362777,0.656808566968,0.));
#684 = DIRECTION('',(-0.,0.,-1.));
#685 = PCURVE('',#450,#686);
#686 = DEFINITIONAL_REPRESENTATION('',(#687),#694);
#687 = B_SPLINE_CURVE_WITH_KNOTS('',5,(#688,#689,#690,#691,#692,#693),
  .UNSPECIFIED.,.F.,.F.,(6,6),(-0.369133901075,-0.155578460665),
  .PIECEWISE_BEZIER_KNOTS.);
#688 = CARTESIAN_POINT('',(-4.219196833069,-2.040690263695));
#689 = CARTESIAN_POINT('',(-4.179239113753,-2.313151155379));
#690 = CARTESIAN_POINT('',(-4.138527877419,-2.544431520375));
#691 = CARTESIAN_POINT('',(-4.09717684951,-2.735566511737));
#692 = CARTESIAN_POINT('',(-4.055325181904,-2.887279764144));
#693 = CARTESIAN_POINT('',(-4.01312583515,-3.));
#694 = ( GEOMETRIC_REPRESENTATION_CONTEXT(2) 
PARAMETRIC_REPRESENTATION_CONTEXT() REPRESENTATION_CONTEXT('2D SPACE',''
  ) );
#695 = PCURVE('',#696,#701);
#696 = PLANE('',#697);
#697 = AXIS2_PLACEMENT_3D('',#698,#699,#700);
#698 = CARTESIAN_POINT('',(19.,-15.90711061606,3.));
#699 = DIRECTION('',(-0.754057362777,-0.656808566968,0.));
#700 = DIRECTION('',(0.,0.,1.));
#701 = DEFINITIONAL_REPRESENTATION('',(#702),#706);
#702 = ( BOUNDED_CURVE() B_SPLINE_CURVE(2,(#703,#704,#705),
.UNSPECIFIED.,.F.,.F.) B_SPLINE_CURVE_WITH_KNOTS((3,3),(-0.369133901075,
-0.155578460665),.PIECEWISE_BEZIER_KNOTS.) CURVE() 
GEOMETRIC_REPRESENTATION_ITEM() RATIONAL_B_SPLINE_CURVE((1.,
1.005706159233,1.)) REPRESENTATION_ITEM('') );
#703 = CARTESIAN_POINT('',(-0.959309736305,-8.881784197001E-16));
#704 = CARTESIAN_POINT('',(-0.280734470107,1.921036577807));
#705 = CARTESIAN_POINT('',(0.,3.740027777369));
#706 = ( GEOMETRIC_REPRESENTATION_CONTEXT(2) 
PARAMETRIC_REPRESENTATION_CONTEXT() REPRESENTATION_CONTEXT('2D SPACE',''
  ) );
#707 = ORIENTED_EDGE('',*,*,#708,.F.);
#708 = EDGE_CURVE('',#709,#677,#711,.T.);
#709 = VERTEX_POINT('',#710);
#710 = CARTESIAN_POINT('',(10.513882243491,-1.476716555862,3.));
#711 = SURFACE_CURVE('',#712,(#717,#724),.PCURVE_S1.);
#712 = CIRCLE('',#713,17.1);
#713 = AXIS2_PLACEMENT_3D('',#714,#715,#716);
#714 = CARTESIAN_POINT('',(27.55,0.,3.));
#715 = DIRECTION('',(0.,0.,1.));
#716 = DIRECTION('',(1.,0.,-0.));
#717 = PCURVE('',#450,#718);
#718 = DEFINITIONAL_REPRESENTATION('',(#719),#723);
#719 = LINE('',#720,#721);
#720 = CARTESIAN_POINT('',(-0.,-3.));
#721 = VECTOR('',#722,1.);
#722 = DIRECTION('',(-1.,-0.));
#723 = ( GEOMETRIC_REPRESENTATION_CONTEXT(2) 
PARAMETRIC_REPRESENTATION_CONTEXT() REPRESENTATION_CONTEXT('2D SPACE',''
  ) );
#724 = PCURVE('',#579,#725);
#725 = DEFINITIONAL_REPRESENTATION('',(#726),#730);
#726 = LINE('',#727,#728);
#727 = CARTESIAN_POINT('',(0.,3.));
#728 = VECTOR('',#729,1.);
#729 = DIRECTION('',(1.,0.));
#730 = ( GEOMETRIC_REPRESENTATION_CONTEXT(2) 
PARAMETRIC_REPRESENTATION_CONTEXT() REPRESENTATION_CONTEXT('2D SPACE',''
  ) );
#731 = ORIENTED_EDGE('',*,*,#732,.F.);
#732 = EDGE_CURVE('',#563,#709,#733,.T.);
#733 = SURFACE_CURVE('',#734,(#762,#813),.PCURVE_S1.);
#734 = B_SPLINE_CURVE_WITH_KNOTS('',6,(#735,#736,#737,#738,#739,#740,
    #741,#742,#743,#744,#745,#746,#747,#748,#749,#750,#751,#752,#753,
    #754,#755,#756,#757,#758,#759,#760,#761),.UNSPECIFIED.,.F.,.F.,(7,5,
    5,5,5,7),(0.,0.474521691076,0.920349034584,0.95158986844,1.,
    2.000326308762),.UNSPECIFIED.);
#735 = CARTESIAN_POINT('',(10.513882243491,1.476716555862,3.));
#736 = CARTESIAN_POINT('',(10.489448239767,1.366102774133,2.985209627958
    ));
#737 = CARTESIAN_POINT('',(10.466838178931,1.253993770404,2.971480306042
    ));
#738 = CARTESIAN_POINT('',(10.446186114506,1.140440041527,2.958905455405
    ));
#739 = CARTESIAN_POINT('',(10.427631147589,1.025527710182,2.947581548963
    ));
#740 = CARTESIAN_POINT('',(10.41130566347,0.909386144607,2.937600084025)
  );
#741 = CARTESIAN_POINT('',(10.384186970947,0.682091530784,2.920996681382
    ));
#742 = CARTESIAN_POINT('',(10.373118206203,0.571056196641,2.914207640235
    ));
#743 = CARTESIAN_POINT('',(10.364212781859,0.459248070174,2.908738178726
    ));
#744 = CARTESIAN_POINT('',(10.357547579289,0.346847790928,2.90464117804)
  );
#745 = CARTESIAN_POINT('',(10.353173429372,0.234060626348,2.901951564137
    ));
#746 = CARTESIAN_POINT('',(10.350962934081,0.113204697762,2.900592200603
    ));
#747 = CARTESIAN_POINT('',(10.350829514348,0.10528966009,2.900510151497)
  );
#748 = CARTESIAN_POINT('',(10.350707435296,9.737391751249E-02,
    2.900435075408));
#749 = CARTESIAN_POINT('',(10.350596702163,8.945754631549E-02,
    2.900366975929));
#750 = CARTESIAN_POINT('',(10.3504973194,8.154062293158E-02,
    2.900305856116));
#751 = CARTESIAN_POINT('',(10.35027288324,6.135459089291E-02,
    2.900167827973));
#752 = CARTESIAN_POINT('',(10.350163739084,4.908481574295E-02,
    2.900100703066));
#753 = CARTESIAN_POINT('',(10.350081871846,3.681418353135E-02,
    2.900050353121));
#754 = CARTESIAN_POINT('',(10.350027290628,2.454297963625E-02,
    2.900016784385));
#755 = CARTESIAN_POINT('',(10.35,1.227148977416E-02,2.9));
#756 = CARTESIAN_POINT('',(10.35,-0.253572830176,2.9));
#757 = CARTESIAN_POINT('',(10.361652539119,-0.507154755508,
    2.907166389593));
#758 = CARTESIAN_POINT('',(10.384959918307,-0.757869297692,
    2.921501896581));
#759 = CARTESIAN_POINT('',(10.418980286222,-1.003820873618,
    2.942363247017));
#760 = CARTESIAN_POINT('',(10.462413001225,-1.243713090933,
    2.968844678488));
#761 = CARTESIAN_POINT('',(10.513882243491,-1.476716555862,3.));
#762 = PCURVE('',#450,#763);
#763 = DEFINITIONAL_REPRESENTATION('',(#764),#812);
#764 = B_SPLINE_CURVE_WITH_KNOTS('',3,(#765,#766,#767,#768,#769,#770,
    #771,#772,#773,#774,#775,#776,#777,#778,#779,#780,#781,#782,#783,
    #784,#785,#786,#787,#788,#789,#790,#791,#792,#793,#794,#795,#796,
    #797,#798,#799,#800,#801,#802,#803,#804,#805,#806,#807,#808,#809,
    #810,#811),.UNSPECIFIED.,.F.,.F.,(4,1,1,1,1,1,1,1,1,1,1,1,1,1,1,1,1,
    1,1,1,1,1,1,1,1,1,1,1,1,1,1,1,1,1,1,1,1,1,1,1,1,1,1,1,4),(0.,
    4.546196156278E-02,9.092392312556E-02,0.136385884688,0.181847846251,
    0.227309807814,0.272771769377,0.318233730939,0.363695692502,
    0.409157654065,0.454619615628,0.500081577191,0.545543538753,
    0.591005500316,0.636467461879,0.681929423442,0.727391385004,
    0.772853346567,0.81831530813,0.863777269693,0.909239231256,
    0.954701192818,1.000163154381,1.045625115944,1.091087077507,
    1.13654903907,1.182011000632,1.227472962195,1.272934923758,
    1.318396885321,1.363858846883,1.409320808446,1.454782770009,
    1.500244731572,1.545706693135,1.591168654697,1.63663061626,
    1.682092577823,1.727554539386,1.773016500948,1.818478462511,
    1.863940424074,1.909402385637,1.9548643472,2.000326308762),
  .QUASI_UNIFORM_KNOTS.);
#765 = CARTESIAN_POINT('',(-3.055127260846,-3.));
#766 = CARTESIAN_POINT('',(-3.056385737741,-2.997165994555));
#767 = CARTESIAN_POINT('',(-3.058908607484,-2.991595362369));
#768 = CARTESIAN_POINT('',(-3.062710414228,-2.983541488966));
#769 = CARTESIAN_POINT('',(-3.066529498907,-2.975799624671));
#770 = CARTESIAN_POINT('',(-3.070365561971,-2.968379719583));
#771 = CARTESIAN_POINT('',(-3.074218251769,-2.961291672846));
#772 = CARTESIAN_POINT('',(-3.078087155479,-2.954545289932));
#773 = CARTESIAN_POINT('',(-3.081971798591,-2.948150234231));
#774 = CARTESIAN_POINT('',(-3.085871641948,-2.942115980814));
#775 = CARTESIAN_POINT('',(-3.089786079381,-2.936451770812));
#776 = CARTESIAN_POINT('',(-3.093714434795,-2.931166564779));
#777 = CARTESIAN_POINT('',(-3.097655960243,-2.926269003201));
#778 = CARTESIAN_POINT('',(-3.101609911072,-2.921767216825));
#779 = CARTESIAN_POINT('',(-3.105575339069,-2.917669047763));
#780 = CARTESIAN_POINT('',(-3.109551284575,-2.913981736909));
#781 = CARTESIAN_POINT('',(-3.113536739091,-2.910711931397));
#782 = CARTESIAN_POINT('',(-3.117530652673,-2.907865630676));
#783 = CARTESIAN_POINT('',(-3.121531929271,-2.905448149328));
#784 = CARTESIAN_POINT('',(-3.125539424932,-2.90346407594));
#785 = CARTESIAN_POINT('',(-3.129551945994,-2.901917232671));
#786 = CARTESIAN_POINT('',(-3.13356824391,-2.900810637621));
#787 = CARTESIAN_POINT('',(-3.137587022946,-2.900146456888));
#788 = CARTESIAN_POINT('',(-3.141607079972,-2.899925979317));
#789 = CARTESIAN_POINT('',(-3.145627142012,-2.900149643001));
#790 = CARTESIAN_POINT('',(-3.14964576438,-2.900816978094));
#791 = CARTESIAN_POINT('',(-3.153661561009,-2.901926579793));
#792 = CARTESIAN_POINT('',(-3.157673230539,-2.903476157465));
#793 = CARTESIAN_POINT('',(-3.161679543748,-2.905462585522));
#794 = CARTESIAN_POINT('',(-3.165679341604,-2.90788195272));
#795 = CARTESIAN_POINT('',(-3.169671530746,-2.910729610766));
#796 = CARTESIAN_POINT('',(-3.173655079906,-2.914000221975));
#797 = CARTESIAN_POINT('',(-3.17762901635,-2.91768780604));
#798 = CARTESIAN_POINT('',(-3.181592422556,-2.921785785854));
#799 = CARTESIAN_POINT('',(-3.185544433085,-2.926287032403));
#800 = CARTESIAN_POINT('',(-3.189484231647,-2.931183908673));
#801 = CARTESIAN_POINT('',(-3.193411048343,-2.93646831257));
#802 = CARTESIAN_POINT('',(-3.197324157108,-2.942131718829));
#803 = CARTESIAN_POINT('',(-3.20122287332,-2.948165219874));
#804 = CARTESIAN_POINT('',(-3.205106551594,-2.9545595656));
#805 = CARTESIAN_POINT('',(-3.208974583731,-2.961305202143));
#806 = CARTESIAN_POINT('',(-3.21282639691,-2.968392309212));
#807 = CARTESIAN_POINT('',(-3.216661451727,-2.975810837472));
#808 = CARTESIAN_POINT('',(-3.220479241615,-2.983550540312));
#809 = CARTESIAN_POINT('',(-3.22427928783,-2.99160102098));
#810 = CARTESIAN_POINT('',(-3.226800530433,-2.997168151468));
#811 = CARTESIAN_POINT('',(-3.228058046334,-3.));
#812 = ( GEOMETRIC_REPRESENTATION_CONTEXT(2) 
PARAMETRIC_REPRESENTATION_CONTEXT() REPRESENTATION_CONTEXT('2D SPACE',''
  ) );
#813 = PCURVE('',#814,#819);
#814 = CONICAL_SURFACE('',#815,2.25,0.785398163397);
#815 = AXIS2_PLACEMENT_3D('',#816,#817,#818);
#816 = CARTESIAN_POINT('',(8.5,0.,7.));
#817 = DIRECTION('',(1.,0.,0.));
#818 = DIRECTION('',(0.,1.,0.));
#819 = DEFINITIONAL_REPRESENTATION('',(#820),#868);
#820 = B_SPLINE_CURVE_WITH_KNOTS('',3,(#821,#822,#823,#824,#825,#826,
    #827,#828,#829,#830,#831,#832,#833,#834,#835,#836,#837,#838,#839,
    #840,#841,#842,#843,#844,#845,#846,#847,#848,#849,#850,#851,#852,
    #853,#854,#855,#856,#857,#858,#859,#860,#861,#862,#863,#864,#865,
    #866,#867),.UNSPECIFIED.,.F.,.F.,(4,1,1,1,1,1,1,1,1,1,1,1,1,1,1,1,1,
    1,1,1,1,1,1,1,1,1,1,1,1,1,1,1,1,1,1,1,1,1,1,1,1,1,1,1,4),(0.,
    4.546196156278E-02,9.092392312556E-02,0.136385884688,0.181847846251,
    0.227309807814,0.272771769377,0.318233730939,0.363695692502,
    0.409157654065,0.454619615628,0.500081577191,0.545543538753,
    0.591005500316,0.636467461879,0.681929423442,0.727391385004,
    0.772853346567,0.81831530813,0.863777269693,0.909239231256,
    0.954701192818,1.000163154381,1.045625115944,1.091087077507,
    1.13654903907,1.182011000632,1.227472962195,1.272934923758,
    1.318396885321,1.363858846883,1.409320808446,1.454782770009,
    1.500244731572,1.545706693135,1.591168654697,1.63663061626,
    1.682092577823,1.727554539386,1.773016500948,1.818478462511,
    1.863940424074,1.909402385637,1.9548643472,2.000326308762),
  .QUASI_UNIFORM_KNOTS.);
#821 = CARTESIAN_POINT('',(5.06604668978,2.013882243491));
#822 = CARTESIAN_POINT('',(5.061153368984,2.009200406005));
#823 = CARTESIAN_POINT('',(5.05131206632,2.000004120873));
#824 = CARTESIAN_POINT('',(5.036389201285,1.98672616094));
#825 = CARTESIAN_POINT('',(5.021308321768,1.973978959905));
#826 = CARTESIAN_POINT('',(5.00607293898,1.961776833783));
#827 = CARTESIAN_POINT('',(4.99068698716,1.950134039786));
#828 = CARTESIAN_POINT('',(4.975154894331,1.9390647197));
#829 = CARTESIAN_POINT('',(4.959481581788,1.928582832012));
#830 = CARTESIAN_POINT('',(4.943672481554,1.918702083225));
#831 = CARTESIAN_POINT('',(4.927733547363,1.909435854953));
#832 = CARTESIAN_POINT('',(4.91167126653,1.900797130244));
#833 = CARTESIAN_POINT('',(4.895492666591,1.892798409083));
#834 = CARTESIAN_POINT('',(4.879204998349,1.885451487863));
#835 = CARTESIAN_POINT('',(4.862816582152,1.878767767137));
#836 = CARTESIAN_POINT('',(4.846336009783,1.872757767966));
#837 = CARTESIAN_POINT('',(4.829772283329,1.867431152187));
#838 = CARTESIAN_POINT('',(4.813134769154,1.862796642406));
#839 = CARTESIAN_POINT('',(4.796433199267,1.858861968497));
#840 = CARTESIAN_POINT('',(4.779677659103,1.85563380717));
#841 = CARTESIAN_POINT('',(4.762878573488,1.853117722532));
#842 = CARTESIAN_POINT('',(4.746046704875,1.851318110427));
#843 = CARTESIAN_POINT('',(4.72919309604,1.850238128528));
#844 = CARTESIAN_POINT('',(4.712328456545,1.849879646073));
#845 = CARTESIAN_POINT('',(4.695463816469,1.850243315079));
#846 = CARTESIAN_POINT('',(4.678610926059,1.851328439357));
#847 = CARTESIAN_POINT('',(4.661781259387,1.853132946151));
#848 = CARTESIAN_POINT('',(4.644985876561,1.85565347961));
#849 = CARTESIAN_POINT('',(4.628235450101,1.858885471259));
#850 = CARTESIAN_POINT('',(4.611540248698,1.862823215053));
#851 = CARTESIAN_POINT('',(4.594910133826,1.867459939444));
#852 = CARTESIAN_POINT('',(4.578354554386,1.872787878332));
#853 = CARTESIAN_POINT('',(4.561882543382,1.878798340249));
#854 = CARTESIAN_POINT('',(4.545502715556,1.885481775845));
#855 = CARTESIAN_POINT('',(4.529223266243,1.892827843534));
#856 = CARTESIAN_POINT('',(4.513051971362,1.900825473265));
#857 = CARTESIAN_POINT('',(4.496996188497,1.909462928364));
#858 = CARTESIAN_POINT('',(4.481062859026,1.918727865393));
#859 = CARTESIAN_POINT('',(4.465258511269,1.92860739203));
#860 = CARTESIAN_POINT('',(4.449589264467,1.939088122901));
#861 = CARTESIAN_POINT('',(4.434060833935,1.950156233538));
#862 = CARTESIAN_POINT('',(4.418678535868,1.96179751182));
#863 = CARTESIAN_POINT('',(4.403447297045,1.973997409346));
#864 = CARTESIAN_POINT('',(4.388371649553,1.986741083677));
#865 = CARTESIAN_POINT('',(4.373455784352,2.000013465426));
#866 = CARTESIAN_POINT('',(4.363620853314,2.009203970804));
#867 = CARTESIAN_POINT('',(4.35873127099,2.013882243491));
#868 = ( GEOMETRIC_REPRESENTATION_CONTEXT(2) 
PARAMETRIC_REPRESENTATION_CONTEXT() REPRESENTATION_CONTEXT('2D SPACE',''
  ) );
#869 = ADVANCED_FACE('',(#870),#814,.F.);
#870 = FACE_BOUND('',#871,.F.);
#871 = EDGE_LOOP('',(#872,#897,#926,#974,#975,#1025,#1054,#1218,#1240,
    #1241));
#872 = ORIENTED_EDGE('',*,*,#873,.T.);
#873 = EDGE_CURVE('',#874,#876,#878,.T.);
#874 = VERTEX_POINT('',#875);
#875 = CARTESIAN_POINT('',(8.5,2.25,7.));
#876 = VERTEX_POINT('',#877);
#877 = CARTESIAN_POINT('',(10.95,4.7,7.));
#878 = SEAM_CURVE('',#879,(#883,#890),.PCURVE_S1.);
#879 = LINE('',#880,#881);
#880 = CARTESIAN_POINT('',(8.5,2.25,7.));
#881 = VECTOR('',#882,1.);
#882 = DIRECTION('',(0.707106781187,0.707106781187,-1.731912112471E-16)
  );
#883 = PCURVE('',#814,#884);
#884 = DEFINITIONAL_REPRESENTATION('',(#885),#889);
#885 = LINE('',#886,#887);
#886 = CARTESIAN_POINT('',(6.28318530718,-0.));
#887 = VECTOR('',#888,1.);
#888 = DIRECTION('',(0.,1.));
#889 = ( GEOMETRIC_REPRESENTATION_CONTEXT(2) 
PARAMETRIC_REPRESENTATION_CONTEXT() REPRESENTATION_CONTEXT('2D SPACE',''
  ) );
#890 = PCURVE('',#814,#891);
#891 = DEFINITIONAL_REPRESENTATION('',(#892),#896);
#892 = LINE('',#893,#894);
#893 = CARTESIAN_POINT('',(0.,-0.));
#894 = VECTOR('',#895,1.);
#895 = DIRECTION('',(0.,1.));
#896 = ( GEOMETRIC_REPRESENTATION_CONTEXT(2) 
PARAMETRIC_REPRESENTATION_CONTEXT() REPRESENTATION_CONTEXT('2D SPACE',''
  ) );
#897 = ORIENTED_EDGE('',*,*,#898,.F.);
#898 = EDGE_CURVE('',#899,#876,#901,.T.);
#899 = VERTEX_POINT('',#900);
#900 = CARTESIAN_POINT('',(10.95,4.104875150355,4.710895371548));
#901 = SURFACE_CURVE('',#902,(#907,#914),.PCURVE_S1.);
#902 = CIRCLE('',#903,4.7);
#903 = AXIS2_PLACEMENT_3D('',#904,#905,#906);
#904 = CARTESIAN_POINT('',(10.95,0.,7.));
#905 = DIRECTION('',(1.,0.,0.));
#906 = DIRECTION('',(0.,1.,0.));
#907 = PCURVE('',#814,#908);
#908 = DEFINITIONAL_REPRESENTATION('',(#909),#913);
#909 = LINE('',#910,#911);
#910 = CARTESIAN_POINT('',(0.,2.45));
#911 = VECTOR('',#912,1.);
#912 = DIRECTION('',(1.,0.));
#913 = ( GEOMETRIC_REPRESENTATION_CONTEXT(2) 
PARAMETRIC_REPRESENTATION_CONTEXT() REPRESENTATION_CONTEXT('2D SPACE',''
  ) );
#914 = PCURVE('',#915,#920);
#915 = PLANE('',#916);
#916 = AXIS2_PLACEMENT_3D('',#917,#918,#919);
#917 = CARTESIAN_POINT('',(10.95,0.,7.));
#918 = DIRECTION('',(1.,0.,0.));
#919 = DIRECTION('',(0.,1.,0.));
#920 = DEFINITIONAL_REPRESENTATION('',(#921),#925);
#921 = CIRCLE('',#922,4.7);
#922 = AXIS2_PLACEMENT_2D('',#923,#924);
#923 = CARTESIAN_POINT('',(0.,0.));
#924 = DIRECTION('',(1.,0.));
#925 = ( GEOMETRIC_REPRESENTATION_CONTEXT(2) 
PARAMETRIC_REPRESENTATION_CONTEXT() REPRESENTATION_CONTEXT('2D SPACE',''
  ) );
#926 = ORIENTED_EDGE('',*,*,#927,.T.);
#927 = EDGE_CURVE('',#899,#563,#928,.T.);
#928 = SURFACE_CURVE('',#929,(#942,#958),.PCURVE_S1.);
#929 = B_SPLINE_CURVE_WITH_KNOTS('',6,(#930,#931,#932,#933,#934,#935,
    #936,#937,#938,#939,#940,#941),.UNSPECIFIED.,.F.,.F.,(7,5,7),(0.,
    0.671717367811,1.),.UNSPECIFIED.);
#930 = CARTESIAN_POINT('',(10.95,4.104875150355,4.710895371548));
#931 = CARTESIAN_POINT('',(10.901077410632,3.907033570828,4.456569376029
    ));
#932 = CARTESIAN_POINT('',(10.848454780639,3.682086855074,4.214405986211
    ));
#933 = CARTESIAN_POINT('',(10.793747630349,3.43049226214,3.986016817982)
  );
#934 = CARTESIAN_POINT('',(10.738813539924,3.152644357341,3.773759694914
    ));
#935 = CARTESIAN_POINT('',(10.685772142465,2.849187430817,3.580556711793
    ));
#936 = CARTESIAN_POINT('',(10.612960894407,2.360718467015,3.326509260983
    ));
#937 = CARTESIAN_POINT('',(10.590054189876,2.194532793337,3.248527862152
    ));
#938 = CARTESIAN_POINT('',(10.568412431716,2.022695163286,3.176396339289
    ));
#939 = CARTESIAN_POINT('',(10.548318010994,1.845482565218,3.110598563736
    ));
#940 = CARTESIAN_POINT('',(10.530055290321,1.663296936971,3.051641484541
    ));
#941 = CARTESIAN_POINT('',(10.513882055583,1.476714388068,2.9999994));
#942 = PCURVE('',#814,#943);
#943 = DEFINITIONAL_REPRESENTATION('',(#944),#957);
#944 = B_SPLINE_CURVE_WITH_KNOTS('',6,(#945,#946,#947,#948,#949,#950,
    #951,#952,#953,#954,#955,#956),.UNSPECIFIED.,.F.,.F.,(7,5,7),(0.,
    0.671717367811,1.),.UNSPECIFIED.);
#945 = CARTESIAN_POINT('',(5.774483851755,2.45));
#946 = CARTESIAN_POINT('',(5.706722125432,2.401077410632));
#947 = CARTESIAN_POINT('',(5.63671869332,2.348454780639));
#948 = CARTESIAN_POINT('',(5.563916740635,2.293747630349));
#949 = CARTESIAN_POINT('',(5.487860197689,2.238813539924));
#950 = CARTESIAN_POINT('',(5.408175847799,2.185772142465));
#951 = CARTESIAN_POINT('',(5.283770860574,2.112960894407));
#952 = CARTESIAN_POINT('',(5.242019017847,2.090054189876));
#953 = CARTESIAN_POINT('',(5.19934182396,2.068412431716));
#954 = CARTESIAN_POINT('',(5.155751665742,2.048318010995));
#955 = CARTESIAN_POINT('',(5.11129147154,2.030055290321));
#956 = CARTESIAN_POINT('',(5.066046164101,2.013882055583));
#957 = ( GEOMETRIC_REPRESENTATION_CONTEXT(2) 
PARAMETRIC_REPRESENTATION_CONTEXT() REPRESENTATION_CONTEXT('2D SPACE',''
  ) );
#958 = PCURVE('',#579,#959);
#959 = DEFINITIONAL_REPRESENTATION('',(#960),#973);
#960 = B_SPLINE_CURVE_WITH_KNOTS('',6,(#961,#962,#963,#964,#965,#966,
    #967,#968,#969,#970,#971,#972),.UNSPECIFIED.,.F.,.F.,(7,5,7),(0.,
    0.671717367811,1.),.UNSPECIFIED.);
#961 = CARTESIAN_POINT('',(2.899174082994,4.710895371548));
#962 = CARTESIAN_POINT('',(2.911092250435,4.456569376029));
#963 = CARTESIAN_POINT('',(2.924601103349,4.214405986211));
#964 = CARTESIAN_POINT('',(2.93965507773,3.986016817982));
#965 = CARTESIAN_POINT('',(2.956212723559,3.773759694914));
#966 = CARTESIAN_POINT('',(2.974222123189,3.580556711793));
#967 = CARTESIAN_POINT('',(3.003103162824,3.326509260983));
#968 = CARTESIAN_POINT('',(3.012912917543,3.248527862152));
#969 = CARTESIAN_POINT('',(3.023040214256,3.176396339289));
#970 = CARTESIAN_POINT('',(3.033468655018,3.110598563736));
#971 = CARTESIAN_POINT('',(3.044175212867,3.051641484541));
#972 = CARTESIAN_POINT('',(3.055127388093,2.9999994));
#973 = ( GEOMETRIC_REPRESENTATION_CONTEXT(2) 
PARAMETRIC_REPRESENTATION_CONTEXT() REPRESENTATION_CONTEXT('2D SPACE',''
  ) );
#974 = ORIENTED_EDGE('',*,*,#732,.T.);
#975 = ORIENTED_EDGE('',*,*,#976,.T.);
#976 = EDGE_CURVE('',#709,#977,#979,.T.);
#977 = VERTEX_POINT('',#978);
#978 = CARTESIAN_POINT('',(10.95,-4.104875150355,4.710895371548));
#979 = SURFACE_CURVE('',#980,(#993,#1009),.PCURVE_S1.);
#980 = B_SPLINE_CURVE_WITH_KNOTS('',6,(#981,#982,#983,#984,#985,#986,
    #987,#988,#989,#990,#991,#992),.UNSPECIFIED.,.F.,.F.,(7,5,7),(0.,
    0.326093666128,1.),.UNSPECIFIED.);
#981 = CARTESIAN_POINT('',(10.513882055583,-1.476714388068,2.9999994));
#982 = CARTESIAN_POINT('',(10.529947484178,-1.662053231231,
    3.051297253222));
#983 = CARTESIAN_POINT('',(10.548074872138,-1.843053176056,
    3.109813258587));
#984 = CARTESIAN_POINT('',(10.568010415032,-2.019151514443,
    3.175080842169));
#985 = CARTESIAN_POINT('',(10.589477855117,-2.1899495733,3.246606821047)
  );
#986 = CARTESIAN_POINT('',(10.612198004584,-2.355177194531,
    3.323912835405));
#987 = CARTESIAN_POINT('',(10.684907985466,-2.844239194343,
    3.577410384798));
#988 = CARTESIAN_POINT('',(10.738097447361,-3.149021291936,
    3.770993849957));
#989 = CARTESIAN_POINT('',(10.793212965339,-3.428032796684,
    3.983785281084));
#990 = CARTESIAN_POINT('',(10.848111900375,-3.680620961941,
    4.212828556163));
#991 = CARTESIAN_POINT('',(10.900917911512,-3.906388560858,4.45574021361
    ));
#992 = CARTESIAN_POINT('',(10.95,-4.104875150355,4.710895371548));
#993 = PCURVE('',#814,#994);
#994 = DEFINITIONAL_REPRESENTATION('',(#995),#1008);
#995 = B_SPLINE_CURVE_WITH_KNOTS('',6,(#996,#997,#998,#999,#1000,#1001,
    #1002,#1003,#1004,#1005,#1006,#1007),.UNSPECIFIED.,.F.,.F.,(7,5,7),(
    0.,0.326093666128,1.),.UNSPECIFIED.);
#996 = CARTESIAN_POINT('',(4.358731796669,2.013882055583));
#997 = CARTESIAN_POINT('',(4.313788081468,2.029947484178));
#998 = CARTESIAN_POINT('',(4.269619161609,2.048074872138));
#999 = CARTESIAN_POINT('',(4.226307716828,2.068010415032));
#1000 = CARTESIAN_POINT('',(4.183897122455,2.089477855117));
#1001 = CARTESIAN_POINT('',(4.142399048543,2.112198004584));
#1002 = CARTESIAN_POINT('',(4.017901108968,2.184907985466));
#1003 = CARTESIAN_POINT('',(3.937909303207,2.238097447361));
#1004 = CARTESIAN_POINT('',(3.861572757997,2.293212965339));
#1005 = CARTESIAN_POINT('',(3.788515358395,2.348111900375));
#1006 = CARTESIAN_POINT('',(3.718276754465,2.400917911512));
#1007 = CARTESIAN_POINT('',(3.650294109014,2.45));
#1008 = ( GEOMETRIC_REPRESENTATION_CONTEXT(2) 
PARAMETRIC_REPRESENTATION_CONTEXT() REPRESENTATION_CONTEXT('2D SPACE',''
  ) );
#1009 = PCURVE('',#579,#1010);
#1010 = DEFINITIONAL_REPRESENTATION('',(#1011),#1024);
#1011 = B_SPLINE_CURVE_WITH_KNOTS('',6,(#1012,#1013,#1014,#1015,#1016,
    #1017,#1018,#1019,#1020,#1021,#1022,#1023),.UNSPECIFIED.,.F.,.F.,(7,
    5,7),(0.,0.326093666128,1.),.UNSPECIFIED.);
#1012 = CARTESIAN_POINT('',(3.228057919087,2.9999994));
#1013 = CARTESIAN_POINT('',(3.238937090255,3.051297253222));
#1014 = CARTESIAN_POINT('',(3.249573881641,3.109813258587));
#1015 = CARTESIAN_POINT('',(3.259936565888,3.175080842169));
#1016 = CARTESIAN_POINT('',(3.270002278122,3.246606821047));
#1017 = CARTESIAN_POINT('',(3.279755056361,3.323912835405));
#1018 = CARTESIAN_POINT('',(3.308669526471,3.577410384798));
#1019 = CARTESIAN_POINT('',(3.326756679503,3.770993849957));
#1020 = CARTESIAN_POINT('',(3.343383070469,3.983785281084));
#1021 = CARTESIAN_POINT('',(3.358496172421,4.212828556163));
#1022 = CARTESIAN_POINT('',(3.372054200722,4.45574021361));
#1023 = CARTESIAN_POINT('',(3.384011224186,4.710895371548));
#1024 = ( GEOMETRIC_REPRESENTATION_CONTEXT(2) 
PARAMETRIC_REPRESENTATION_CONTEXT() REPRESENTATION_CONTEXT('2D SPACE',''
  ) );
#1025 = ORIENTED_EDGE('',*,*,#1026,.F.);
#1026 = EDGE_CURVE('',#1027,#977,#1029,.T.);
#1027 = VERTEX_POINT('',#1028);
#1028 = CARTESIAN_POINT('',(10.95,-4.104875150355,9.289104628452));
#1029 = SURFACE_CURVE('',#1030,(#1035,#1042),.PCURVE_S1.);
#1030 = CIRCLE('',#1031,4.7);
#1031 = AXIS2_PLACEMENT_3D('',#1032,#1033,#1034);
#1032 = CARTESIAN_POINT('',(10.95,0.,7.));
#1033 = DIRECTION('',(1.,0.,0.));
#1034 = DIRECTION('',(0.,1.,0.));
#1035 = PCURVE('',#814,#1036);
#1036 = DEFINITIONAL_REPRESENTATION('',(#1037),#1041);
#1037 = LINE('',#1038,#1039);
#1038 = CARTESIAN_POINT('',(0.,2.45));
#1039 = VECTOR('',#1040,1.);
#1040 = DIRECTION('',(1.,0.));
#1041 = ( GEOMETRIC_REPRESENTATION_CONTEXT(2) 
PARAMETRIC_REPRESENTATION_CONTEXT() REPRESENTATION_CONTEXT('2D SPACE',''
  ) );
#1042 = PCURVE('',#1043,#1048);
#1043 = PLANE('',#1044);
#1044 = AXIS2_PLACEMENT_3D('',#1045,#1046,#1047);
#1045 = CARTESIAN_POINT('',(10.95,0.,7.));
#1046 = DIRECTION('',(1.,0.,0.));
#1047 = DIRECTION('',(0.,1.,0.));
#1048 = DEFINITIONAL_REPRESENTATION('',(#1049),#1053);
#1049 = CIRCLE('',#1050,4.7);
#1050 = AXIS2_PLACEMENT_2D('',#1051,#1052);
#1051 = CARTESIAN_POINT('',(0.,0.));
#1052 = DIRECTION('',(1.,0.));
#1053 = ( GEOMETRIC_REPRESENTATION_CONTEXT(2) 
PARAMETRIC_REPRESENTATION_CONTEXT() REPRESENTATION_CONTEXT('2D SPACE',''
  ) );
#1054 = ORIENTED_EDGE('',*,*,#1055,.T.);
#1055 = EDGE_CURVE('',#1027,#1056,#1058,.T.);
#1056 = VERTEX_POINT('',#1057);
#1057 = CARTESIAN_POINT('',(10.95,4.104875150355,9.289104628452));
#1058 = SURFACE_CURVE('',#1059,(#1110,#1164),.PCURVE_S1.);
#1059 = B_SPLINE_CURVE_WITH_KNOTS('',7,(#1060,#1061,#1062,#1063,#1064,
    #1065,#1066,#1067,#1068,#1069,#1070,#1071,#1072,#1073,#1074,#1075,
    #1076,#1077,#1078,#1079,#1080,#1081,#1082,#1083,#1084,#1085,#1086,
    #1087,#1088,#1089,#1090,#1091,#1092,#1093,#1094,#1095,#1096,#1097,
    #1098,#1099,#1100,#1101,#1102,#1103,#1104,#1105,#1106,#1107,#1108,
    #1109),.UNSPECIFIED.,.F.,.F.,(8,6,6,6,6,6,6,6,8),(0.,0.283912739484,
    0.362071436966,0.406534118012,0.49978090456,0.593469249149,
    0.637932058956,0.716091091136,1.),.UNSPECIFIED.);
#1060 = CARTESIAN_POINT('',(10.95,-4.104875150355,9.289104628452));
#1061 = CARTESIAN_POINT('',(10.899970097673,-3.902555628273,
    9.549187033725));
#1062 = CARTESIAN_POINT('',(10.846196997373,-3.672753308385,
    9.796805547874));
#1063 = CARTESIAN_POINT('',(10.79022654072,-3.415840146884,
    10.030555276376));
#1064 = CARTESIAN_POINT('',(10.733818029869,-3.132124967369,
    10.248232543208));
#1065 = CARTESIAN_POINT('',(10.678988230396,-2.822181026807,
    10.447046654776));
#1066 = CARTESIAN_POINT('',(10.627944908587,-2.486950865612,
    10.623672993491));
#1067 = CARTESIAN_POINT('',(10.570531946901,-2.029182813437,
    10.815854492416));
#1068 = CARTESIAN_POINT('',(10.558599863358,-1.928607479245,
    10.855358407501));
#1069 = CARTESIAN_POINT('',(10.547177380521,-1.826326382238,
    10.892798145339));
#1070 = CARTESIAN_POINT('',(10.536313106442,-1.722403996229,
    10.92808820049));
#1071 = CARTESIAN_POINT('',(10.52605505192,-1.616917575629,
    10.961142411211));
#1072 = CARTESIAN_POINT('',(10.516449637206,-1.509958747508,
    10.991876053407));
#1073 = CARTESIAN_POINT('',(10.502472608991,-1.340012280066,
    11.036325288607));
#1074 = CARTESIAN_POINT('',(10.497629867542,-1.277947795976,
    11.05166547862));
#1075 = CARTESIAN_POINT('',(10.493020635809,-1.215461562233,
    11.066213352094));
#1076 = CARTESIAN_POINT('',(10.488652654321,-1.152575083942,
    11.079954458785));
#1077 = CARTESIAN_POINT('',(10.484533242681,-1.089311460461,
    11.092875050742));
#1078 = CARTESIAN_POINT('',(10.48066929957,-1.025695385402,
    11.104962082305));
#1079 = CARTESIAN_POINT('',(10.469513223212,-0.827653984144,
    11.139778015316));
#1080 = CARTESIAN_POINT('',(10.463110558851,-0.692111547502,
    11.159634179346));
#1081 = CARTESIAN_POINT('',(10.457919214739,-0.555381475502,
    11.175656914123));
#1082 = CARTESIAN_POINT('',(10.453986961019,-0.417735617903,
    11.187754272886));
#1083 = CARTESIAN_POINT('',(10.45134751539,-0.279462720924,
    11.195861068671));
#1084 = CARTESIAN_POINT('',(10.450018625597,-0.140869112743,
    11.199942792806));
#1085 = CARTESIAN_POINT('',(10.449981590761,0.136966608389,
    11.200056542668));
#1086 = CARTESIAN_POINT('',(10.451285883283,0.276224003182,
    11.196050363137));
#1087 = CARTESIAN_POINT('',(10.453913503939,0.415163412956,
    11.18798025735));
#1088 = CARTESIAN_POINT('',(10.457846682266,0.553473985048,
    11.175880780101));
#1089 = CARTESIAN_POINT('',(10.463051357867,0.690862702851,
    11.159817783891));
#1090 = CARTESIAN_POINT('',(10.46947913539,0.827053692103,11.13988442438
    ));
#1091 = CARTESIAN_POINT('',(10.480671366936,1.025729791389,
    11.104955617338));
#1092 = CARTESIAN_POINT('',(10.484535439643,1.089345880005,
    11.092868165072));
#1093 = CARTESIAN_POINT('',(10.488654979648,1.152609505423,
    11.079947152821));
#1094 = CARTESIAN_POINT('',(10.493023088063,1.215495974318,
    11.066205626612));
#1095 = CARTESIAN_POINT('',(10.497632445093,1.277982187647,
    11.051657334727));
#1096 = CARTESIAN_POINT('',(10.502475310036,1.340046640646,
    11.036316727707));
#1097 = CARTESIAN_POINT('',(10.516452685755,1.509993144077,
    10.991866307767));
#1098 = CARTESIAN_POINT('',(10.526058322297,1.616952013862,
    10.961131894668));
#1099 = CARTESIAN_POINT('',(10.536316593456,1.722438441992,
    10.92807691325));
#1100 = CARTESIAN_POINT('',(10.547181078069,1.826360803039,
    10.89278608901));
#1101 = CARTESIAN_POINT('',(10.558603764551,1.928641844241,
    10.855345584793));
#1102 = CARTESIAN_POINT('',(10.570536044188,2.029217093425,
    10.815840906848));
#1103 = CARTESIAN_POINT('',(10.627949076562,2.486978243738,
    10.623658571291));
#1104 = CARTESIAN_POINT('',(10.678991961933,2.822202117959,
    10.447033124319));
#1105 = CARTESIAN_POINT('',(10.733821099441,3.132140404999,
    10.248220696923));
#1106 = CARTESIAN_POINT('',(10.790228823991,3.415850627471,
    10.03054574019));
#1107 = CARTESIAN_POINT('',(10.846198460068,3.672759559722,
    9.796798813285));
#1108 = CARTESIAN_POINT('',(10.899970778894,3.902558383112,9.54918349237
    ));
#1109 = CARTESIAN_POINT('',(10.95,4.104875150355,9.289104628452));
#1110 = PCURVE('',#814,#1111);
#1111 = DEFINITIONAL_REPRESENTATION('',(#1112),#1163);
#1112 = B_SPLINE_CURVE_WITH_KNOTS('',7,(#1113,#1114,#1115,#1116,#1117,
    #1118,#1119,#1120,#1121,#1122,#1123,#1124,#1125,#1126,#1127,#1128,
    #1129,#1130,#1131,#1132,#1133,#1134,#1135,#1136,#1137,#1138,#1139,
    #1140,#1141,#1142,#1143,#1144,#1145,#1146,#1147,#1148,#1149,#1150,
    #1151,#1152,#1153,#1154,#1155,#1156,#1157,#1158,#1159,#1160,#1161,
    #1162),.UNSPECIFIED.,.F.,.F.,(8,6,6,6,6,6,6,6,8),(0.,0.283912739484,
    0.362071436966,0.406534118012,0.49978090456,0.593469249149,
    0.637932058956,0.716091091136,1.),.UNSPECIFIED.);
#1113 = CARTESIAN_POINT('',(2.632891198165,2.45));
#1114 = CARTESIAN_POINT('',(2.563595754215,2.399970097673));
#1115 = CARTESIAN_POINT('',(2.492047332906,2.346196997373));
#1116 = CARTESIAN_POINT('',(2.417669637094,2.29022654072));
#1117 = CARTESIAN_POINT('',(2.340003185533,2.233818029869));
#1118 = CARTESIAN_POINT('',(2.258670228385,2.178988230396));
#1119 = CARTESIAN_POINT('',(2.173419232763,2.127944908587));
#1120 = CARTESIAN_POINT('',(2.05960651027,2.070531946901));
#1121 = CARTESIAN_POINT('',(2.034745255015,2.058599863358));
#1122 = CARTESIAN_POINT('',(2.009594333873,2.047177380521));
#1123 = CARTESIAN_POINT('',(1.984159882268,2.036313106442));
#1124 = CARTESIAN_POINT('',(1.95845116024,2.02605505192));
#1125 = CARTESIAN_POINT('',(1.932480901546,2.016449637206));
#1126 = CARTESIAN_POINT('',(1.891352417791,2.002472608991));
#1127 = CARTESIAN_POINT('',(1.876359897281,1.997629867542));
#1128 = CARTESIAN_POINT('',(1.861291175842,1.993020635809));
#1129 = CARTESIAN_POINT('',(1.846149708214,1.988652654321));
#1130 = CARTESIAN_POINT('',(1.830939329249,1.984533242681));
#1131 = CARTESIAN_POINT('',(1.815664253914,1.98066929957));
#1132 = CARTESIAN_POINT('',(1.768168264941,1.969513223212));
#1133 = CARTESIAN_POINT('',(1.73574102065,1.963110558851));
#1134 = CARTESIAN_POINT('',(1.703092879215,1.957919214739));
#1135 = CARTESIAN_POINT('',(1.670273181436,1.953986961019));
#1136 = CARTESIAN_POINT('',(1.637335254606,1.95134751539));
#1137 = CARTESIAN_POINT('',(1.604336593019,1.950018625597));
#1138 = CARTESIAN_POINT('',(1.538185228282,1.949981590761));
#1139 = CARTESIAN_POINT('',(1.505028886821,1.951285883283));
#1140 = CARTESIAN_POINT('',(1.471932775173,1.953913503939));
#1141 = CARTESIAN_POINT('',(1.438955244121,1.957846682266));
#1142 = CARTESIAN_POINT('',(1.406150417149,1.963051357867));
#1143 = CARTESIAN_POINT('',(1.373568373436,1.96947913539));
#1144 = CARTESIAN_POINT('',(1.325920139783,1.980671366936));
#1145 = CARTESIAN_POINT('',(1.310645052087,1.984535439643));
#1146 = CARTESIAN_POINT('',(1.29543466278,1.988654979648));
#1147 = CARTESIAN_POINT('',(1.280293186744,1.993023088063));
#1148 = CARTESIAN_POINT('',(1.265224458745,1.997632445093));
#1149 = CARTESIAN_POINT('',(1.250231933424,2.002475310036));
#1150 = CARTESIAN_POINT('',(1.20910340461,2.016452685755));
#1151 = CARTESIAN_POINT('',(1.183133109813,2.026058322297));
#1152 = CARTESIAN_POINT('',(1.15742435698,2.036316593456));
#1153 = CARTESIAN_POINT('',(1.131989879358,2.047181078069));
#1154 = CARTESIAN_POINT('',(1.106838936468,2.058603764551));
#1155 = CARTESIAN_POINT('',(1.081977663213,2.070536044188));
#1156 = CARTESIAN_POINT('',(0.968166458555,2.127949076562));
#1157 = CARTESIAN_POINT('',(0.882916890593,2.178991961933));
#1158 = CARTESIAN_POINT('',(0.801585241831,2.233821099441));
#1159 = CARTESIAN_POINT('',(0.723919982202,2.290228823991));
#1160 = CARTESIAN_POINT('',(0.649543374551,2.346198460068));
#1161 = CARTESIAN_POINT('',(0.577995955829,2.399970778894));
#1162 = CARTESIAN_POINT('',(0.508701455424,2.45));
#1163 = ( GEOMETRIC_REPRESENTATION_CONTEXT(2) 
PARAMETRIC_REPRESENTATION_CONTEXT() REPRESENTATION_CONTEXT('2D SPACE',''
  ) );
#1164 = PCURVE('',#579,#1165);
#1165 = DEFINITIONAL_REPRESENTATION('',(#1166),#1217);
#1166 = B_SPLINE_CURVE_WITH_KNOTS('',7,(#1167,#1168,#1169,#1170,#1171,
    #1172,#1173,#1174,#1175,#1176,#1177,#1178,#1179,#1180,#1181,#1182,
    #1183,#1184,#1185,#1186,#1187,#1188,#1189,#1190,#1191,#1192,#1193,
    #1194,#1195,#1196,#1197,#1198,#1199,#1200,#1201,#1202,#1203,#1204,
    #1205,#1206,#1207,#1208,#1209,#1210,#1211,#1212,#1213,#1214,#1215,
    #1216),.UNSPECIFIED.,.F.,.F.,(8,6,6,6,6,6,6,6,8),(0.,0.283912739484,
    0.362071436966,0.406534118012,0.49978090456,0.593469249149,
    0.637932058956,0.716091091136,1.),.UNSPECIFIED.);
#1167 = CARTESIAN_POINT('',(3.384011224186,9.289104628452));
#1168 = CARTESIAN_POINT('',(3.371823301169,9.549187033725));
#1169 = CARTESIAN_POINT('',(3.358022641863,9.796805547874));
#1170 = CARTESIAN_POINT('',(3.342649115819,10.030555276376));
#1171 = CARTESIAN_POINT('',(3.325738437481,10.248232543208));
#1172 = CARTESIAN_POINT('',(3.307339464418,10.447046654776));
#1173 = CARTESIAN_POINT('',(3.287516288106,10.623672993491));
#1174 = CARTESIAN_POINT('',(3.260536501462,10.815854492416));
#1175 = CARTESIAN_POINT('',(3.254613787552,10.855358407501));
#1176 = CARTESIAN_POINT('',(3.248595483871,10.892798145339));
#1177 = CARTESIAN_POINT('',(3.24248531168,10.92808820049));
#1178 = CARTESIAN_POINT('',(3.236287681887,10.961142411211));
#1179 = CARTESIAN_POINT('',(3.230007784981,10.991876053407));
#1180 = CARTESIAN_POINT('',(3.220035839944,11.036325288607));
#1181 = CARTESIAN_POINT('',(3.21639533822,11.05166547862));
#1182 = CARTESIAN_POINT('',(3.212731297441,11.066213352094));
#1183 = CARTESIAN_POINT('',(3.20904492625,11.079954458785));
#1184 = CARTESIAN_POINT('',(3.205337520301,11.092875050742));
#1185 = CARTESIAN_POINT('',(3.201610462251,11.104962082305));
#1186 = CARTESIAN_POINT('',(3.190010732739,11.139778015316));
#1187 = CARTESIAN_POINT('',(3.18207576151,11.159634179346));
#1188 = CARTESIAN_POINT('',(3.174074643014,11.175656914123));
#1189 = CARTESIAN_POINT('',(3.166022538161,11.187754272886));
#1190 = CARTESIAN_POINT('',(3.157935512265,11.195861068671));
#1191 = CARTESIAN_POINT('',(3.149830613472,11.199942792806));
#1192 = CARTESIAN_POINT('',(3.133582910337,11.200056542668));
#1193 = CARTESIAN_POINT('',(3.125439214161,11.196050363137));
#1194 = CARTESIAN_POINT('',(3.117313239518,11.18798025735));
#1195 = CARTESIAN_POINT('',(3.109222286136,11.175880780101));
#1196 = CARTESIAN_POINT('',(3.10118265651,11.159817783891));
#1197 = CARTESIAN_POINT('',(3.093209735788,11.13988442438));
#1198 = CARTESIAN_POINT('',(3.081572829268,11.104955617338));
#1199 = CARTESIAN_POINT('',(3.077845769967,11.092868165072));
#1200 = CARTESIAN_POINT('',(3.074138363417,11.079947152821));
#1201 = CARTESIAN_POINT('',(3.07045199226,11.066205626612));
#1202 = CARTESIAN_POINT('',(3.066787952132,11.051657334727));
#1203 = CARTESIAN_POINT('',(3.063147451659,11.036316727707));
#1204 = CARTESIAN_POINT('',(3.053175502859,10.991866307767));
#1205 = CARTESIAN_POINT('',(3.046895602366,10.961131894668));
#1206 = CARTESIAN_POINT('',(3.040697970909,10.92807691325));
#1207 = CARTESIAN_POINT('',(3.03458779889,10.89278608901));
#1208 = CARTESIAN_POINT('',(3.02856949713,10.855345584793));
#1209 = CARTESIAN_POINT('',(3.022646786806,10.815840906848));
#1210 = CARTESIAN_POINT('',(2.995667400127,10.623658571291));
#1211 = CARTESIAN_POINT('',(2.97584459074,10.447033124319));
#1212 = CARTESIAN_POINT('',(2.957445949543,10.248220696923));
#1213 = CARTESIAN_POINT('',(2.940535564209,10.03054574019));
#1214 = CARTESIAN_POINT('',(2.925162289897,9.796798813285));
#1215 = CARTESIAN_POINT('',(2.911361840056,9.54918349237));
#1216 = CARTESIAN_POINT('',(2.899174082994,9.289104628452));
#1217 = ( GEOMETRIC_REPRESENTATION_CONTEXT(2) 
PARAMETRIC_REPRESENTATION_CONTEXT() REPRESENTATION_CONTEXT('2D SPACE',''
  ) );
#1218 = ORIENTED_EDGE('',*,*,#1219,.F.);
#1219 = EDGE_CURVE('',#876,#1056,#1220,.T.);
#1220 = SURFACE_CURVE('',#1221,(#1226,#1233),.PCURVE_S1.);
#1221 = CIRCLE('',#1222,4.7);
#1222 = AXIS2_PLACEMENT_3D('',#1223,#1224,#1225);
#1223 = CARTESIAN_POINT('',(10.95,0.,7.));
#1224 = DIRECTION('',(1.,0.,0.));
#1225 = DIRECTION('',(0.,1.,0.));
#1226 = PCURVE('',#814,#1227);
#1227 = DEFINITIONAL_REPRESENTATION('',(#1228),#1232);
#1228 = LINE('',#1229,#1230);
#1229 = CARTESIAN_POINT('',(0.,2.45));
#1230 = VECTOR('',#1231,1.);
#1231 = DIRECTION('',(1.,0.));
#1232 = ( GEOMETRIC_REPRESENTATION_CONTEXT(2) 
PARAMETRIC_REPRESENTATION_CONTEXT() REPRESENTATION_CONTEXT('2D SPACE',''
  ) );
#1233 = PCURVE('',#915,#1234);
#1234 = DEFINITIONAL_REPRESENTATION('',(#1235),#1239);
#1235 = CIRCLE('',#1236,4.7);
#1236 = AXIS2_PLACEMENT_2D('',#1237,#1238);
#1237 = CARTESIAN_POINT('',(0.,0.));
#1238 = DIRECTION('',(1.,0.));
#1239 = ( GEOMETRIC_REPRESENTATION_CONTEXT(2) 
PARAMETRIC_REPRESENTATION_CONTEXT() REPRESENTATION_CONTEXT('2D SPACE',''
  ) );
#1240 = ORIENTED_EDGE('',*,*,#873,.F.);
#1241 = ORIENTED_EDGE('',*,*,#1242,.T.);
#1242 = EDGE_CURVE('',#874,#874,#1243,.T.);
#1243 = SURFACE_CURVE('',#1244,(#1249,#1256),.PCURVE_S1.);
#1244 = CIRCLE('',#1245,2.25);
#1245 = AXIS2_PLACEMENT_3D('',#1246,#1247,#1248);
#1246 = CARTESIAN_POINT('',(8.5,0.,7.));
#1247 = DIRECTION('',(1.,0.,0.));
#1248 = DIRECTION('',(0.,1.,0.));
#1249 = PCURVE('',#814,#1250);
#1250 = DEFINITIONAL_REPRESENTATION('',(#1251),#1255);
#1251 = LINE('',#1252,#1253);
#1252 = CARTESIAN_POINT('',(0.,0.));
#1253 = VECTOR('',#1254,1.);
#1254 = DIRECTION('',(1.,0.));
#1255 = ( GEOMETRIC_REPRESENTATION_CONTEXT(2) 
PARAMETRIC_REPRESENTATION_CONTEXT() REPRESENTATION_CONTEXT('2D SPACE',''
  ) );
#1256 = PCURVE('',#1257,#1262);
#1257 = CYLINDRICAL_SURFACE('',#1258,2.25);
#1258 = AXIS2_PLACEMENT_3D('',#1259,#1260,#1261);
#1259 = CARTESIAN_POINT('',(-1.,0.,7.));
#1260 = DIRECTION('',(1.,0.,0.));
#1261 = DIRECTION('',(0.,1.,0.));
#1262 = DEFINITIONAL_REPRESENTATION('',(#1263),#1267);
#1263 = LINE('',#1264,#1265);
#1264 = CARTESIAN_POINT('',(0.,9.5));
#1265 = VECTOR('',#1266,1.);
#1266 = DIRECTION('',(1.,0.));
#1267 = ( GEOMETRIC_REPRESENTATION_CONTEXT(2) 
PARAMETRIC_REPRESENTATION_CONTEXT() REPRESENTATION_CONTEXT('2D SPACE',''
  ) );
#1268 = ADVANCED_FACE('',(#1269),#1257,.F.);
#1269 = FACE_BOUND('',#1270,.F.);
#1270 = EDGE_LOOP('',(#1271,#1294,#1295,#1296));
#1271 = ORIENTED_EDGE('',*,*,#1272,.T.);
#1272 = EDGE_CURVE('',#1273,#874,#1275,.T.);
#1273 = VERTEX_POINT('',#1274);
#1274 = CARTESIAN_POINT('',(0.,2.25,7.));
#1275 = SEAM_CURVE('',#1276,(#1280,#1287),.PCURVE_S1.);
#1276 = LINE('',#1277,#1278);
#1277 = CARTESIAN_POINT('',(-1.,2.25,7.));
#1278 = VECTOR('',#1279,1.);
#1279 = DIRECTION('',(1.,0.,0.));
#1280 = PCURVE('',#1257,#1281);
#1281 = DEFINITIONAL_REPRESENTATION('',(#1282),#1286);
#1282 = LINE('',#1283,#1284);
#1283 = CARTESIAN_POINT('',(6.28318530718,-0.));
#1284 = VECTOR('',#1285,1.);
#1285 = DIRECTION('',(0.,1.));
#1286 = ( GEOMETRIC_REPRESENTATION_CONTEXT(2) 
PARAMETRIC_REPRESENTATION_CONTEXT() REPRESENTATION_CONTEXT('2D SPACE',''
  ) );
#1287 = PCURVE('',#1257,#1288);
#1288 = DEFINITIONAL_REPRESENTATION('',(#1289),#1293);
#1289 = LINE('',#1290,#1291);
#1290 = CARTESIAN_POINT('',(0.,-0.));
#1291 = VECTOR('',#1292,1.);
#1292 = DIRECTION('',(0.,1.));
#1293 = ( GEOMETRIC_REPRESENTATION_CONTEXT(2) 
PARAMETRIC_REPRESENTATION_CONTEXT() REPRESENTATION_CONTEXT('2D SPACE',''
  ) );
#1294 = ORIENTED_EDGE('',*,*,#1242,.F.);
#1295 = ORIENTED_EDGE('',*,*,#1272,.F.);
#1296 = ORIENTED_EDGE('',*,*,#1297,.T.);
#1297 = EDGE_CURVE('',#1273,#1273,#1298,.T.);
#1298 = SURFACE_CURVE('',#1299,(#1304,#1311),.PCURVE_S1.);
#1299 = CIRCLE('',#1300,2.25);
#1300 = AXIS2_PLACEMENT_3D('',#1301,#1302,#1303);
#1301 = CARTESIAN_POINT('',(0.,0.,7.));
#1302 = DIRECTION('',(1.,0.,0.));
#1303 = DIRECTION('',(-0.,1.,0.));
#1304 = PCURVE('',#1257,#1305);
#1305 = DEFINITIONAL_REPRESENTATION('',(#1306),#1310);
#1306 = LINE('',#1307,#1308);
#1307 = CARTESIAN_POINT('',(0.,1.));
#1308 = VECTOR('',#1309,1.);
#1309 = DIRECTION('',(1.,0.));
#1310 = ( GEOMETRIC_REPRESENTATION_CONTEXT(2) 
PARAMETRIC_REPRESENTATION_CONTEXT() REPRESENTATION_CONTEXT('2D SPACE',''
  ) );
#1311 = PCURVE('',#1312,#1317);
#1312 = PLANE('',#1313);
#1313 = AXIS2_PLACEMENT_3D('',#1314,#1315,#1316);
#1314 = CARTESIAN_POINT('',(0.,-11.,-1.5));
#1315 = DIRECTION('',(1.,0.,-0.));
#1316 = DIRECTION('',(0.,0.,1.));
#1317 = DEFINITIONAL_REPRESENTATION('',(#1318),#1322);
#1318 = CIRCLE('',#1319,2.25);
#1319 = AXIS2_PLACEMENT_2D('',#1320,#1321);
#1320 = CARTESIAN_POINT('',(8.5,-11.));
#1321 = DIRECTION('',(0.,-1.));
#1322 = ( GEOMETRIC_REPRESENTATION_CONTEXT(2) 
PARAMETRIC_REPRESENTATION_CONTEXT() REPRESENTATION_CONTEXT('2D SPACE',''
  ) );
#1323 = ADVANCED_FACE('',(#1324,#1438,#1441),#1312,.F.);
#1324 = FACE_BOUND('',#1325,.F.);
#1325 = EDGE_LOOP('',(#1326,#1356,#1384,#1412));
#1326 = ORIENTED_EDGE('',*,*,#1327,.F.);
#1327 = EDGE_CURVE('',#1328,#1330,#1332,.T.);
#1328 = VERTEX_POINT('',#1329);
#1329 = CARTESIAN_POINT('',(0.,-11.,-1.5));
#1330 = VERTEX_POINT('',#1331);
#1331 = CARTESIAN_POINT('',(0.,-11.,35.5));
#1332 = SURFACE_CURVE('',#1333,(#1337,#1344),.PCURVE_S1.);
#1333 = LINE('',#1334,#1335);
#1334 = CARTESIAN_POINT('',(0.,-11.,-1.5));
#1335 = VECTOR('',#1336,1.);
#1336 = DIRECTION('',(0.,0.,1.));
#1337 = PCURVE('',#1312,#1338);
#1338 = DEFINITIONAL_REPRESENTATION('',(#1339),#1343);
#1339 = LINE('',#1340,#1341);
#1340 = CARTESIAN_POINT('',(0.,0.));
#1341 = VECTOR('',#1342,1.);
#1342 = DIRECTION('',(1.,0.));
#1343 = ( GEOMETRIC_REPRESENTATION_CONTEXT(2) 
PARAMETRIC_REPRESENTATION_CONTEXT() REPRESENTATION_CONTEXT('2D SPACE',''
  ) );
#1344 = PCURVE('',#1345,#1350);
#1345 = PLANE('',#1346);
#1346 = AXIS2_PLACEMENT_3D('',#1347,#1348,#1349);
#1347 = CARTESIAN_POINT('',(0.,-11.,-1.5));
#1348 = DIRECTION('',(-0.,1.,0.));
#1349 = DIRECTION('',(0.,0.,1.));
#1350 = DEFINITIONAL_REPRESENTATION('',(#1351),#1355);
#1351 = LINE('',#1352,#1353);
#1352 = CARTESIAN_POINT('',(0.,0.));
#1353 = VECTOR('',#1354,1.);
#1354 = DIRECTION('',(1.,0.));
#1355 = ( GEOMETRIC_REPRESENTATION_CONTEXT(2) 
PARAMETRIC_REPRESENTATION_CONTEXT() REPRESENTATION_CONTEXT('2D SPACE',''
  ) );
#1356 = ORIENTED_EDGE('',*,*,#1357,.T.);
#1357 = EDGE_CURVE('',#1328,#1358,#1360,.T.);
#1358 = VERTEX_POINT('',#1359);
#1359 = CARTESIAN_POINT('',(0.,11.,-1.5));
#1360 = SURFACE_CURVE('',#1361,(#1365,#1372),.PCURVE_S1.);
#1361 = LINE('',#1362,#1363);
#1362 = CARTESIAN_POINT('',(0.,-11.,-1.5));
#1363 = VECTOR('',#1364,1.);
#1364 = DIRECTION('',(-0.,1.,0.));
#1365 = PCURVE('',#1312,#1366);
#1366 = DEFINITIONAL_REPRESENTATION('',(#1367),#1371);
#1367 = LINE('',#1368,#1369);
#1368 = CARTESIAN_POINT('',(0.,0.));
#1369 = VECTOR('',#1370,1.);
#1370 = DIRECTION('',(0.,-1.));
#1371 = ( GEOMETRIC_REPRESENTATION_CONTEXT(2) 
PARAMETRIC_REPRESENTATION_CONTEXT() REPRESENTATION_CONTEXT('2D SPACE',''
  ) );
#1372 = PCURVE('',#1373,#1378);
#1373 = PLANE('',#1374);
#1374 = AXIS2_PLACEMENT_3D('',#1375,#1376,#1377);
#1375 = CARTESIAN_POINT('',(0.,-11.,-1.5));
#1376 = DIRECTION('',(0.,0.,1.));
#1377 = DIRECTION('',(1.,0.,-0.));
#1378 = DEFINITIONAL_REPRESENTATION('',(#1379),#1383);
#1379 = LINE('',#1380,#1381);
#1380 = CARTESIAN_POINT('',(0.,0.));
#1381 = VECTOR('',#1382,1.);
#1382 = DIRECTION('',(0.,1.));
#1383 = ( GEOMETRIC_REPRESENTATION_CONTEXT(2) 
PARAMETRIC_REPRESENTATION_CONTEXT() REPRESENTATION_CONTEXT('2D SPACE',''
  ) );
#1384 = ORIENTED_EDGE('',*,*,#1385,.T.);
#1385 = EDGE_CURVE('',#1358,#1386,#1388,.T.);
#1386 = VERTEX_POINT('',#1387);
#1387 = CARTESIAN_POINT('',(0.,11.,35.5));
#1388 = SURFACE_CURVE('',#1389,(#1393,#1400),.PCURVE_S1.);
#1389 = LINE('',#1390,#1391);
#1390 = CARTESIAN_POINT('',(0.,11.,-1.5));
#1391 = VECTOR('',#1392,1.);
#1392 = DIRECTION('',(0.,0.,1.));
#1393 = PCURVE('',#1312,#1394);
#1394 = DEFINITIONAL_REPRESENTATION('',(#1395),#1399);
#1395 = LINE('',#1396,#1397);
#1396 = CARTESIAN_POINT('',(0.,-22.));
#1397 = VECTOR('',#1398,1.);
#1398 = DIRECTION('',(1.,0.));
#1399 = ( GEOMETRIC_REPRESENTATION_CONTEXT(2) 
PARAMETRIC_REPRESENTATION_CONTEXT() REPRESENTATION_CONTEXT('2D SPACE',''
  ) );
#1400 = PCURVE('',#1401,#1406);
#1401 = PLANE('',#1402);
#1402 = AXIS2_PLACEMENT_3D('',#1403,#1404,#1405);
#1403 = CARTESIAN_POINT('',(0.,11.,-1.5));
#1404 = DIRECTION('',(-0.,1.,0.));
#1405 = DIRECTION('',(0.,0.,1.));
#1406 = DEFINITIONAL_REPRESENTATION('',(#1407),#1411);
#1407 = LINE('',#1408,#1409);
#1408 = CARTESIAN_POINT('',(0.,0.));
#1409 = VECTOR('',#1410,1.);
#1410 = DIRECTION('',(1.,0.));
#1411 = ( GEOMETRIC_REPRESENTATION_CONTEXT(2) 
PARAMETRIC_REPRESENTATION_CONTEXT() REPRESENTATION_CONTEXT('2D SPACE',''
  ) );
#1412 = ORIENTED_EDGE('',*,*,#1413,.F.);
#1413 = EDGE_CURVE('',#1330,#1386,#1414,.T.);
#1414 = SURFACE_CURVE('',#1415,(#1419,#1426),.PCURVE_S1.);
#1415 = LINE('',#1416,#1417);
#1416 = CARTESIAN_POINT('',(0.,-11.,35.5));
#1417 = VECTOR('',#1418,1.);
#1418 = DIRECTION('',(-0.,1.,0.));
#1419 = PCURVE('',#1312,#1420);
#1420 = DEFINITIONAL_REPRESENTATION('',(#1421),#1425);
#1421 = LINE('',#1422,#1423);
#1422 = CARTESIAN_POINT('',(37.,0.));
#1423 = VECTOR('',#1424,1.);
#1424 = DIRECTION('',(0.,-1.));
#1425 = ( GEOMETRIC_REPRESENTATION_CONTEXT(2) 
PARAMETRIC_REPRESENTATION_CONTEXT() REPRESENTATION_CONTEXT('2D SPACE',''
  ) );
#1426 = PCURVE('',#1427,#1432);
#1427 = PLANE('',#1428);
#1428 = AXIS2_PLACEMENT_3D('',#1429,#1430,#1431);
#1429 = CARTESIAN_POINT('',(0.,-11.,35.5));
#1430 = DIRECTION('',(0.,0.,1.));
#1431 = DIRECTION('',(1.,0.,-0.));
#1432 = DEFINITIONAL_REPRESENTATION('',(#1433),#1437);
#1433 = LINE('',#1434,#1435);
#1434 = CARTESIAN_POINT('',(0.,0.));
#1435 = VECTOR('',#1436,1.);
#1436 = DIRECTION('',(0.,1.));
#1437 = ( GEOMETRIC_REPRESENTATION_CONTEXT(2) 
PARAMETRIC_REPRESENTATION_CONTEXT() REPRESENTATION_CONTEXT('2D SPACE',''
  ) );
#1438 = FACE_BOUND('',#1439,.F.);
#1439 = EDGE_LOOP('',(#1440));
#1440 = ORIENTED_EDGE('',*,*,#1297,.F.);
#1441 = FACE_BOUND('',#1442,.F.);
#1442 = EDGE_LOOP('',(#1443));
#1443 = ORIENTED_EDGE('',*,*,#1444,.F.);
#1444 = EDGE_CURVE('',#1445,#1445,#1447,.T.);
#1445 = VERTEX_POINT('',#1446);
#1446 = CARTESIAN_POINT('',(0.,2.25,27.));
#1447 = SURFACE_CURVE('',#1448,(#1453,#1460),.PCURVE_S1.);
#1448 = CIRCLE('',#1449,2.25);
#1449 = AXIS2_PLACEMENT_3D('',#1450,#1451,#1452);
#1450 = CARTESIAN_POINT('',(0.,0.,27.));
#1451 = DIRECTION('',(1.,0.,0.));
#1452 = DIRECTION('',(-0.,1.,0.));
#1453 = PCURVE('',#1312,#1454);
#1454 = DEFINITIONAL_REPRESENTATION('',(#1455),#1459);
#1455 = CIRCLE('',#1456,2.25);
#1456 = AXIS2_PLACEMENT_2D('',#1457,#1458);
#1457 = CARTESIAN_POINT('',(28.5,-11.));
#1458 = DIRECTION('',(0.,-1.));
#1459 = ( GEOMETRIC_REPRESENTATION_CONTEXT(2) 
PARAMETRIC_REPRESENTATION_CONTEXT() REPRESENTATION_CONTEXT('2D SPACE',''
  ) );
#1460 = PCURVE('',#1461,#1466);
#1461 = CYLINDRICAL_SURFACE('',#1462,2.25);
#1462 = AXIS2_PLACEMENT_3D('',#1463,#1464,#1465);
#1463 = CARTESIAN_POINT('',(-1.,0.,27.));
#1464 = DIRECTION('',(1.,0.,0.));
#1465 = DIRECTION('',(0.,1.,0.));
#1466 = DEFINITIONAL_REPRESENTATION('',(#1467),#1471);
#1467 = LINE('',#1468,#1469);
#1468 = CARTESIAN_POINT('',(0.,1.));
#1469 = VECTOR('',#1470,1.);
#1470 = DIRECTION('',(1.,0.));
#1471 = ( GEOMETRIC_REPRESENTATION_CONTEXT(2) 
PARAMETRIC_REPRESENTATION_CONTEXT() REPRESENTATION_CONTEXT('2D SPACE',''
  ) );
#1472 = ADVANCED_FACE('',(#1473),#1461,.F.);
#1473 = FACE_BOUND('',#1474,.F.);
#1474 = EDGE_LOOP('',(#1475,#1498,#1525,#1526));
#1475 = ORIENTED_EDGE('',*,*,#1476,.T.);
#1476 = EDGE_CURVE('',#1445,#1477,#1479,.T.);
#1477 = VERTEX_POINT('',#1478);
#1478 = CARTESIAN_POINT('',(3.8,2.25,27.));
#1479 = SEAM_CURVE('',#1480,(#1484,#1491),.PCURVE_S1.);
#1480 = LINE('',#1481,#1482);
#1481 = CARTESIAN_POINT('',(-1.,2.25,27.));
#1482 = VECTOR('',#1483,1.);
#1483 = DIRECTION('',(1.,0.,0.));
#1484 = PCURVE('',#1461,#1485);
#1485 = DEFINITIONAL_REPRESENTATION('',(#1486),#1490);
#1486 = LINE('',#1487,#1488);
#1487 = CARTESIAN_POINT('',(6.28318530718,-0.));
#1488 = VECTOR('',#1489,1.);
#1489 = DIRECTION('',(0.,1.));
#1490 = ( GEOMETRIC_REPRESENTATION_CONTEXT(2) 
PARAMETRIC_REPRESENTATION_CONTEXT() REPRESENTATION_CONTEXT('2D SPACE',''
  ) );
#1491 = PCURVE('',#1461,#1492);
#1492 = DEFINITIONAL_REPRESENTATION('',(#1493),#1497);
#1493 = LINE('',#1494,#1495);
#1494 = CARTESIAN_POINT('',(0.,-0.));
#1495 = VECTOR('',#1496,1.);
#1496 = DIRECTION('',(0.,1.));
#1497 = ( GEOMETRIC_REPRESENTATION_CONTEXT(2) 
PARAMETRIC_REPRESENTATION_CONTEXT() REPRESENTATION_CONTEXT('2D SPACE',''
  ) );
#1498 = ORIENTED_EDGE('',*,*,#1499,.F.);
#1499 = EDGE_CURVE('',#1477,#1477,#1500,.T.);
#1500 = SURFACE_CURVE('',#1501,(#1506,#1513),.PCURVE_S1.);
#1501 = CIRCLE('',#1502,2.25);
#1502 = AXIS2_PLACEMENT_3D('',#1503,#1504,#1505);
#1503 = CARTESIAN_POINT('',(3.8,0.,27.));
#1504 = DIRECTION('',(1.,0.,0.));
#1505 = DIRECTION('',(0.,1.,0.));
#1506 = PCURVE('',#1461,#1507);
#1507 = DEFINITIONAL_REPRESENTATION('',(#1508),#1512);
#1508 = LINE('',#1509,#1510);
#1509 = CARTESIAN_POINT('',(0.,4.8));
#1510 = VECTOR('',#1511,1.);
#1511 = DIRECTION('',(1.,0.));
#1512 = ( GEOMETRIC_REPRESENTATION_CONTEXT(2) 
PARAMETRIC_REPRESENTATION_CONTEXT() REPRESENTATION_CONTEXT('2D SPACE',''
  ) );
#1513 = PCURVE('',#1514,#1519);
#1514 = CONICAL_SURFACE('',#1515,2.25,0.785398163397);
#1515 = AXIS2_PLACEMENT_3D('',#1516,#1517,#1518);
#1516 = CARTESIAN_POINT('',(3.8,0.,27.));
#1517 = DIRECTION('',(1.,0.,0.));
#1518 = DIRECTION('',(0.,1.,0.));
#1519 = DEFINITIONAL_REPRESENTATION('',(#1520),#1524);
#1520 = LINE('',#1521,#1522);
#1521 = CARTESIAN_POINT('',(0.,0.));
#1522 = VECTOR('',#1523,1.);
#1523 = DIRECTION('',(1.,0.));
#1524 = ( GEOMETRIC_REPRESENTATION_CONTEXT(2) 
PARAMETRIC_REPRESENTATION_CONTEXT() REPRESENTATION_CONTEXT('2D SPACE',''
  ) );
#1525 = ORIENTED_EDGE('',*,*,#1476,.F.);
#1526 = ORIENTED_EDGE('',*,*,#1444,.T.);
#1527 = ADVANCED_FACE('',(#1528),#1514,.F.);
#1528 = FACE_BOUND('',#1529,.F.);
#1529 = EDGE_LOOP('',(#1530,#1553,#1582,#1812,#1841,#2071,#2093,#2094));
#1530 = ORIENTED_EDGE('',*,*,#1531,.T.);
#1531 = EDGE_CURVE('',#1477,#1532,#1534,.T.);
#1532 = VERTEX_POINT('',#1533);
#1533 = CARTESIAN_POINT('',(6.25,4.7,27.));
#1534 = SEAM_CURVE('',#1535,(#1539,#1546),.PCURVE_S1.);
#1535 = LINE('',#1536,#1537);
#1536 = CARTESIAN_POINT('',(3.8,2.25,27.));
#1537 = VECTOR('',#1538,1.);
#1538 = DIRECTION('',(0.707106781187,0.707106781187,-1.731912112471E-16)
  );
#1539 = PCURVE('',#1514,#1540);
#1540 = DEFINITIONAL_REPRESENTATION('',(#1541),#1545);
#1541 = LINE('',#1542,#1543);
#1542 = CARTESIAN_POINT('',(6.28318530718,-0.));
#1543 = VECTOR('',#1544,1.);
#1544 = DIRECTION('',(0.,1.));
#1545 = ( GEOMETRIC_REPRESENTATION_CONTEXT(2) 
PARAMETRIC_REPRESENTATION_CONTEXT() REPRESENTATION_CONTEXT('2D SPACE',''
  ) );
#1546 = PCURVE('',#1514,#1547);
#1547 = DEFINITIONAL_REPRESENTATION('',(#1548),#1552);
#1548 = LINE('',#1549,#1550);
#1549 = CARTESIAN_POINT('',(0.,-0.));
#1550 = VECTOR('',#1551,1.);
#1551 = DIRECTION('',(0.,1.));
#1552 = ( GEOMETRIC_REPRESENTATION_CONTEXT(2) 
PARAMETRIC_REPRESENTATION_CONTEXT() REPRESENTATION_CONTEXT('2D SPACE',''
  ) );
#1553 = ORIENTED_EDGE('',*,*,#1554,.F.);
#1554 = EDGE_CURVE('',#1555,#1532,#1557,.T.);
#1555 = VERTEX_POINT('',#1556);
#1556 = CARTESIAN_POINT('',(6.25,4.642197755374,26.265153077165));
#1557 = SURFACE_CURVE('',#1558,(#1563,#1570),.PCURVE_S1.);
#1558 = CIRCLE('',#1559,4.7);
#1559 = AXIS2_PLACEMENT_3D('',#1560,#1561,#1562);
#1560 = CARTESIAN_POINT('',(6.25,0.,27.));
#1561 = DIRECTION('',(1.,0.,0.));
#1562 = DIRECTION('',(0.,1.,0.));
#1563 = PCURVE('',#1514,#1564);
#1564 = DEFINITIONAL_REPRESENTATION('',(#1565),#1569);
#1565 = LINE('',#1566,#1567);
#1566 = CARTESIAN_POINT('',(0.,2.45));
#1567 = VECTOR('',#1568,1.);
#1568 = DIRECTION('',(1.,0.));
#1569 = ( GEOMETRIC_REPRESENTATION_CONTEXT(2) 
PARAMETRIC_REPRESENTATION_CONTEXT() REPRESENTATION_CONTEXT('2D SPACE',''
  ) );
#1570 = PCURVE('',#1571,#1576);
#1571 = PLANE('',#1572);
#1572 = AXIS2_PLACEMENT_3D('',#1573,#1574,#1575);
#1573 = CARTESIAN_POINT('',(6.25,0.,27.));
#1574 = DIRECTION('',(1.,0.,0.));
#1575 = DIRECTION('',(0.,1.,0.));
#1576 = DEFINITIONAL_REPRESENTATION('',(#1577),#1581);
#1577 = CIRCLE('',#1578,4.7);
#1578 = AXIS2_PLACEMENT_2D('',#1579,#1580);
#1579 = CARTESIAN_POINT('',(0.,0.));
#1580 = DIRECTION('',(1.,0.));
#1581 = ( GEOMETRIC_REPRESENTATION_CONTEXT(2) 
PARAMETRIC_REPRESENTATION_CONTEXT() REPRESENTATION_CONTEXT('2D SPACE',''
  ) );
#1582 = ORIENTED_EDGE('',*,*,#1583,.T.);
#1583 = EDGE_CURVE('',#1555,#1584,#1586,.T.);
#1584 = VERTEX_POINT('',#1585);
#1585 = CARTESIAN_POINT('',(6.25,-4.642197755374,26.265153077165));
#1586 = SURFACE_CURVE('',#1587,(#1660,#1736),.PCURVE_S1.);
#1587 = B_SPLINE_CURVE_WITH_KNOTS('',8,(#1588,#1589,#1590,#1591,#1592,
    #1593,#1594,#1595,#1596,#1597,#1598,#1599,#1600,#1601,#1602,#1603,
    #1604,#1605,#1606,#1607,#1608,#1609,#1610,#1611,#1612,#1613,#1614,
    #1615,#1616,#1617,#1618,#1619,#1620,#1621,#1622,#1623,#1624,#1625,
    #1626,#1627,#1628,#1629,#1630,#1631,#1632,#1633,#1634,#1635,#1636,
    #1637,#1638,#1639,#1640,#1641,#1642,#1643,#1644,#1645,#1646,#1647,
    #1648,#1649,#1650,#1651,#1652,#1653,#1654,#1655,#1656,#1657,#1658,
    #1659),.UNSPECIFIED.,.F.,.F.,(9,7,7,7,7,7,7,7,7,7,9),(0.,
    0.251522022863,0.329736325451,0.393397223937,0.42793954005,
    0.500309810179,0.572029888881,0.606570743409,0.670227474862,
    0.74843355924,1.),.UNSPECIFIED.);
#1588 = CARTESIAN_POINT('',(6.25,4.642197755374,26.265153077165));
#1589 = CARTESIAN_POINT('',(6.235486200923,4.575603453144,
    25.937290147911));
#1590 = CARTESIAN_POINT('',(6.213794788433,4.474931812867,
    25.613809359841));
#1591 = CARTESIAN_POINT('',(6.18541044637,4.340363881291,25.296708342845
    ));
#1592 = CARTESIAN_POINT('',(6.151107782998,4.171963902836,
    24.988296320032));
#1593 = CARTESIAN_POINT('',(6.111975613303,3.969877419084,24.69113566368
    ));
#1594 = CARTESIAN_POINT('',(6.069403227734,3.734263124282,
    24.408088714558));
#1595 = CARTESIAN_POINT('',(6.025024679306,3.465370432914,
    24.142300074945));
#1596 = CARTESIAN_POINT('',(5.966906698939,3.069056994961,23.82125806934
    ));
#1597 = CARTESIAN_POINT('',(5.953129986225,2.971849901267,
    23.747151810163));
#1598 = CARTESIAN_POINT('',(5.939419805386,2.871455291296,
    23.675209197622));
#1599 = CARTESIAN_POINT('',(5.925837232156,2.76789440872,23.605558799017
    ));
#1600 = CARTESIAN_POINT('',(5.912446404998,2.661198533164,
    23.538338499411));
#1601 = CARTESIAN_POINT('',(5.899314022585,2.551410785377,
    23.473694170296));
#1602 = CARTESIAN_POINT('',(5.886508841286,2.438587932404,
    23.411778338257));
#1603 = CARTESIAN_POINT('',(5.864002209842,2.228560807562,
    23.304703037151));
#1604 = CARTESIAN_POINT('',(5.854166809971,2.132358642254,
    23.258570459708));
#1605 = CARTESIAN_POINT('',(5.844632930941,2.034237230482,
    23.214436981702));
#1606 = CARTESIAN_POINT('',(5.835439447403,1.934247396085,
    23.172391879623));
#1607 = CARTESIAN_POINT('',(5.826625576499,1.83245047745,23.132526388319
    ));
#1608 = CARTESIAN_POINT('',(5.818230303608,1.728919551882,
    23.094932243243));
#1609 = CARTESIAN_POINT('',(5.810291808086,1.623740659959,
    23.059700222717));
#1610 = CARTESIAN_POINT('',(5.798807286133,1.459104306966,
    23.009131475643));
#1611 = CARTESIAN_POINT('',(5.794912958146,1.400739065318,
    22.992065630749));
#1612 = CARTESIAN_POINT('',(5.791169861234,1.341934476286,
    22.975735497105));
#1613 = CARTESIAN_POINT('',(5.787583730573,1.282707949131,
    22.960154933784));
#1614 = CARTESIAN_POINT('',(5.784160080324,1.223078131038,
    22.945337317331));
#1615 = CARTESIAN_POINT('',(5.780904203636,1.163064907122,
    22.931295541766));
#1616 = CARTESIAN_POINT('',(5.777821172643,1.102689400425,
    22.918042018583));
#1617 = CARTESIAN_POINT('',(5.768828817017,0.914767911165,
    22.879497441011));
#1618 = CARTESIAN_POINT('',(5.763521096995,0.786059223379,
    22.856916131986));
#1619 = CARTESIAN_POINT('',(5.759037443973,0.656066975548,
    22.837955750063));
#1620 = CARTESIAN_POINT('',(5.755415647202,0.525023299986,
    22.822710060077));
#1621 = CARTESIAN_POINT('',(5.752685480986,0.393173805355,
    22.811253014728));
#1622 = CARTESIAN_POINT('',(5.750867666055,0.260777987684,
    22.803636178008));
#1623 = CARTESIAN_POINT('',(5.749972830932,0.128109641396,22.79988614862
    ));
#1624 = CARTESIAN_POINT('',(5.750027867346,-0.136003320831,
    22.800116777497));
#1625 = CARTESIAN_POINT('',(5.750961242434,-0.267465521527,
    22.804028293954));
#1626 = CARTESIAN_POINT('',(5.752800637211,-0.398648814074,
    22.811736323615));
#1627 = CARTESIAN_POINT('',(5.755535374992,-0.529286988893,
    22.823214148115));
#1628 = CARTESIAN_POINT('',(5.759145063971,-0.659127741353,
    22.838411021979));
#1629 = CARTESIAN_POINT('',(5.763600597417,-0.787932268615,
    22.857254654702));
#1630 = CARTESIAN_POINT('',(5.768865153874,-0.915474866467,
    22.879653692845));
#1631 = CARTESIAN_POINT('',(5.777799305359,-1.102257527781,
    22.917948048432));
#1632 = CARTESIAN_POINT('',(5.780881120711,-1.162632755323,
    22.93119607152));
#1633 = CARTESIAN_POINT('',(5.784135794264,-1.222645845108,
    22.94523234708));
#1634 = CARTESIAN_POINT('',(5.787558255736,-1.282275671148,
    22.96004446794));
#1635 = CARTESIAN_POINT('',(5.791143213717,-1.341502345152,
    22.975619544062));
#1636 = CARTESIAN_POINT('',(5.794885155658,-1.400307216524,
    22.991944202542));
#1637 = CARTESIAN_POINT('',(5.798778347881,-1.458672872366,
    23.00900458761));
#1638 = CARTESIAN_POINT('',(5.810259527134,-1.623308296557,
    23.059557106042));
#1639 = CARTESIAN_POINT('',(5.818195842271,-1.728486225174,
    23.094778288562));
#1640 = CARTESIAN_POINT('',(5.826588992967,-1.832016677058,
    23.132361568894));
#1641 = CARTESIAN_POINT('',(5.83540080968,-1.933813593026,
    23.172216189495));
#1642 = CARTESIAN_POINT('',(5.84459231565,-2.033803876869,
    23.214250432407));
#1643 = CARTESIAN_POINT('',(5.854124301199,-2.131926171251,
    23.25837307709));
#1644 = CARTESIAN_POINT('',(5.863957898033,-2.228129633595,
    23.304494858255));
#1645 = CARTESIAN_POINT('',(5.886460233075,-2.43815594452,
    23.411543861349));
#1646 = CARTESIAN_POINT('',(5.899262938609,-2.550977125463,
    23.473443987649));
#1647 = CARTESIAN_POINT('',(5.912392976818,-2.660764011671,
    23.538072486172));
#1648 = CARTESIAN_POINT('',(5.925781607581,-2.767459813885,
    23.605276859588));
#1649 = CARTESIAN_POINT('',(5.939362146644,-2.871021391499,
    23.674911261367));
#1650 = CARTESIAN_POINT('',(5.953070468292,-2.971417447323,
    23.746837827502));
#1651 = CARTESIAN_POINT('',(5.966845508019,-3.068626722349,
    23.82092800822));
#1652 = CARTESIAN_POINT('',(6.024969748989,-3.465037563682,
    24.141971126347));
#1653 = CARTESIAN_POINT('',(6.069358065212,-3.734013189737,
    24.407788458172));
#1654 = CARTESIAN_POINT('',(6.111941036469,-3.969698864521,
    24.690873073437));
#1655 = CARTESIAN_POINT('',(6.151083544434,-4.17184490469,
    24.988078378021));
#1656 = CARTESIAN_POINT('',(6.185395399413,-4.340292542704,
    25.296540282501));
#1657 = CARTESIAN_POINT('',(6.213787113217,-4.474896190621,
    25.613694982013));
#1658 = CARTESIAN_POINT('',(6.235483629808,-4.575591655982,
    25.937232067086));
#1659 = CARTESIAN_POINT('',(6.25,-4.642197755374,26.265153077165));
#1660 = PCURVE('',#1514,#1661);
#1661 = DEFINITIONAL_REPRESENTATION('',(#1662),#1735);
#1662 = B_SPLINE_CURVE_WITH_KNOTS('',8,(#1663,#1664,#1665,#1666,#1667,
    #1668,#1669,#1670,#1671,#1672,#1673,#1674,#1675,#1676,#1677,#1678,
    #1679,#1680,#1681,#1682,#1683,#1684,#1685,#1686,#1687,#1688,#1689,
    #1690,#1691,#1692,#1693,#1694,#1695,#1696,#1697,#1698,#1699,#1700,
    #1701,#1702,#1703,#1704,#1705,#1706,#1707,#1708,#1709,#1710,#1711,
    #1712,#1713,#1714,#1715,#1716,#1717,#1718,#1719,#1720,#1721,#1722,
    #1723,#1724,#1725,#1726,#1727,#1728,#1729,#1730,#1731,#1732,#1733,
    #1734),.UNSPECIFIED.,.F.,.F.,(9,7,7,7,7,7,7,7,7,7,9),(0.,
    0.251522022863,0.329736325451,0.393397223937,0.42793954005,
    0.500309810179,0.572029888881,0.606570743409,0.670227474862,
    0.74843355924,1.),.UNSPECIFIED.);
#1663 = CARTESIAN_POINT('',(6.126190777621,2.45));
#1664 = CARTESIAN_POINT('',(6.055075287701,2.435486200923));
#1665 = CARTESIAN_POINT('',(5.983245028911,2.413794788433));
#1666 = CARTESIAN_POINT('',(5.910135221059,2.38541044637));
#1667 = CARTESIAN_POINT('',(5.835227605425,2.351107782998));
#1668 = CARTESIAN_POINT('',(5.758019809155,2.311975613303));
#1669 = CARTESIAN_POINT('',(5.678002152316,2.269403227734));
#1670 = CARTESIAN_POINT('',(5.594674650913,2.225024679307));
#1671 = CARTESIAN_POINT('',(5.480311128765,2.166906698939));
#1672 = CARTESIAN_POINT('',(5.452814652591,2.153129986225));
#1673 = CARTESIAN_POINT('',(5.424935353615,2.139419805386));
#1674 = CARTESIAN_POINT('',(5.396661580882,2.125837232156));
#1675 = CARTESIAN_POINT('',(5.367983964251,2.112446404998));
#1676 = CARTESIAN_POINT('',(5.338895678589,2.099314022585));
#1677 = CARTESIAN_POINT('',(5.30939270797,2.086508841286));
#1678 = CARTESIAN_POINT('',(5.255122491639,2.064002209842));
#1679 = CARTESIAN_POINT('',(5.230496067839,2.054166809972));
#1680 = CARTESIAN_POINT('',(5.205595011912,2.044632930941));
#1681 = CARTESIAN_POINT('',(5.180421467165,2.035439447403));
#1682 = CARTESIAN_POINT('',(5.154979793789,2.026625576499));
#1683 = CARTESIAN_POINT('',(5.129276815896,2.018230303608));
#1684 = CARTESIAN_POINT('',(5.103322068551,2.010291808086));
#1685 = CARTESIAN_POINT('',(5.062915203473,1.998807286133));
#1686 = CARTESIAN_POINT('',(5.048631955404,1.994912958146));
#1687 = CARTESIAN_POINT('',(5.034280337332,1.991169861234));
#1688 = CARTESIAN_POINT('',(5.019862644999,1.987583730573));
#1689 = CARTESIAN_POINT('',(5.005381433143,1.984160080324));
#1690 = CARTESIAN_POINT('',(4.990839515499,1.980904203636));
#1691 = CARTESIAN_POINT('',(4.9762399648,1.977821172643));
#1692 = CARTESIAN_POINT('',(4.930884545874,1.968828817017));
#1693 = CARTESIAN_POINT('',(4.899942079433,1.963521096995));
#1694 = CARTESIAN_POINT('',(4.868792644496,1.959037443973));
#1695 = CARTESIAN_POINT('',(4.837472500631,1.955415647202));
#1696 = CARTESIAN_POINT('',(4.80602051901,1.952685480986));
#1697 = CARTESIAN_POINT('',(4.774478465484,1.950867666055));
#1698 = CARTESIAN_POINT('',(4.742891283663,1.949972830932));
#1699 = CARTESIAN_POINT('',(4.680007229514,1.950027867346));
#1700 = CARTESIAN_POINT('',(4.648706193475,1.950961242434));
#1701 = CARTESIAN_POINT('',(4.617451315162,1.952800637211));
#1702 = CARTESIAN_POINT('',(4.586286280625,1.955535374992));
#1703 = CARTESIAN_POINT('',(4.555251689003,1.959145063971));
#1704 = CARTESIAN_POINT('',(4.524385324847,1.963600597417));
#1705 = CARTESIAN_POINT('',(4.493722430437,1.968865153874));
#1706 = CARTESIAN_POINT('',(4.448642401562,1.977799305359));
#1707 = CARTESIAN_POINT('',(4.434043104,1.980881120711));
#1708 = CARTESIAN_POINT('',(4.419501417897,1.984135794264));
#1709 = CARTESIAN_POINT('',(4.405020416777,1.987558255736));
#1710 = CARTESIAN_POINT('',(4.39060291521,1.991143213717));
#1711 = CARTESIAN_POINT('',(4.376251468822,1.994885155658));
#1712 = CARTESIAN_POINT('',(4.361968374286,1.998778347881));
#1713 = CARTESIAN_POINT('',(4.321562503149,2.010259527134));
#1714 = CARTESIAN_POINT('',(4.295608543673,2.018195842271));
#1715 = CARTESIAN_POINT('',(4.269906289454,2.026588992967));
#1716 = CARTESIAN_POINT('',(4.244465281132,2.03540080968));
#1717 = CARTESIAN_POINT('',(4.219292348438,2.04459231565));
#1718 = CARTESIAN_POINT('',(4.194391857204,2.054124301199));
#1719 = CARTESIAN_POINT('',(4.169765956373,2.063957898033));
#1720 = CARTESIAN_POINT('',(4.115498010383,2.086460233075));
#1721 = CARTESIAN_POINT('',(4.085996735164,2.099262938609));
#1722 = CARTESIAN_POINT('',(4.056910067208,2.112392976818));
#1723 = CARTESIAN_POINT('',(4.028234000371,2.125781607581));
#1724 = CARTESIAN_POINT('',(3.999961718795,2.139362146644));
#1725 = CARTESIAN_POINT('',(3.972083861187,2.153070468292));
#1726 = CARTESIAN_POINT('',(3.9445887851,2.166845508019));
#1727 = CARTESIAN_POINT('',(3.830206453087,2.224969748989));
#1728 = CARTESIAN_POINT('',(3.746860688936,2.269358065212));
#1729 = CARTESIAN_POINT('',(3.666826373887,2.311941036469));
#1730 = CARTESIAN_POINT('',(3.589603290173,2.351083544435));
#1731 = CARTESIAN_POINT('',(3.514681489224,2.385395399413));
#1732 = CARTESIAN_POINT('',(3.4415583313,2.413787113217));
#1733 = CARTESIAN_POINT('',(3.369715271157,2.435483629808));
#1734 = CARTESIAN_POINT('',(3.298587183149,2.45));
#1735 = ( GEOMETRIC_REPRESENTATION_CONTEXT(2) 
PARAMETRIC_REPRESENTATION_CONTEXT() REPRESENTATION_CONTEXT('2D SPACE',''
  ) );
#1736 = PCURVE('',#269,#1737);
#1737 = DEFINITIONAL_REPRESENTATION('',(#1738),#1811);
#1738 = B_SPLINE_CURVE_WITH_KNOTS('',8,(#1739,#1740,#1741,#1742,#1743,
    #1744,#1745,#1746,#1747,#1748,#1749,#1750,#1751,#1752,#1753,#1754,
    #1755,#1756,#1757,#1758,#1759,#1760,#1761,#1762,#1763,#1764,#1765,
    #1766,#1767,#1768,#1769,#1770,#1771,#1772,#1773,#1774,#1775,#1776,
    #1777,#1778,#1779,#1780,#1781,#1782,#1783,#1784,#1785,#1786,#1787,
    #1788,#1789,#1790,#1791,#1792,#1793,#1794,#1795,#1796,#1797,#1798,
    #1799,#1800,#1801,#1802,#1803,#1804,#1805,#1806,#1807,#1808,#1809,
    #1810),.UNSPECIFIED.,.F.,.F.,(9,7,7,7,7,7,7,7,7,7,9),(0.,
    0.251522022863,0.329736325451,0.393397223937,0.42793954005,
    0.500309810179,0.572029888881,0.606570743409,0.670227474862,
    0.74843355924,1.),.UNSPECIFIED.);
#1739 = CARTESIAN_POINT('',(2.927004699407,10.265153077165));
#1740 = CARTESIAN_POINT('',(2.93013119247,9.937290147911));
#1741 = CARTESIAN_POINT('',(2.934855125744,9.613809359841));
#1742 = CARTESIAN_POINT('',(2.941163692547,9.296708342845));
#1743 = CARTESIAN_POINT('',(2.94904670888,8.988296320032));
#1744 = CARTESIAN_POINT('',(2.958487869667,8.69113566368));
#1745 = CARTESIAN_POINT('',(2.969469034712,8.408088714558));
#1746 = CARTESIAN_POINT('',(2.981968406651,8.142300074945));
#1747 = CARTESIAN_POINT('',(3.000342359395,7.82125806934));
#1748 = CARTESIAN_POINT('',(3.004845908045,7.747151810163));
#1749 = CARTESIAN_POINT('',(3.009493808476,7.675209197622));
#1750 = CARTESIAN_POINT('',(3.014284852036,7.605558799017));
#1751 = CARTESIAN_POINT('',(3.01921739418,7.538338499411));
#1752 = CARTESIAN_POINT('',(3.024289279096,7.473694170296));
#1753 = CARTESIAN_POINT('',(3.02949776434,7.411778338257));
#1754 = CARTESIAN_POINT('',(3.039187195285,7.304703037151));
#1755 = CARTESIAN_POINT('',(3.043623089237,7.258570459708));
#1756 = CARTESIAN_POINT('',(3.048145171674,7.214436981702));
#1757 = CARTESIAN_POINT('',(3.052751081749,7.172391879623));
#1758 = CARTESIAN_POINT('',(3.057437999289,7.132526388319));
#1759 = CARTESIAN_POINT('',(3.062202590681,7.094932243243));
#1760 = CARTESIAN_POINT('',(3.067040954742,7.059700222717));
#1761 = CARTESIAN_POINT('',(3.074611433147,7.009131475643));
#1762 = CARTESIAN_POINT('',(3.07729467849,6.992065630749));
#1763 = CARTESIAN_POINT('',(3.079997574709,6.975735497105));
#1764 = CARTESIAN_POINT('',(3.082719337493,6.960154933784));
#1765 = CARTESIAN_POINT('',(3.085459128145,6.945337317331));
#1766 = CARTESIAN_POINT('',(3.088216053584,6.931295541766));
#1767 = CARTESIAN_POINT('',(3.090989166343,6.918042018583));
#1768 = CARTESIAN_POINT('',(3.099619281747,6.879497441011));
#1769 = CARTESIAN_POINT('',(3.105528240004,6.856916131986));
#1770 = CARTESIAN_POINT('',(3.111494505432,6.837955750063));
#1771 = CARTESIAN_POINT('',(3.117507693875,6.822710060077));
#1772 = CARTESIAN_POINT('',(3.123556840568,6.811253014728));
#1773 = CARTESIAN_POINT('',(3.129630369771,6.803636178008));
#1774 = CARTESIAN_POINT('',(3.135716064404,6.79988614862));
#1775 = CARTESIAN_POINT('',(3.147831338164,6.800116777497));
#1776 = CARTESIAN_POINT('',(3.153861722524,6.804028293954));
#1777 = CARTESIAN_POINT('',(3.159879657065,6.811736323615));
#1778 = CARTESIAN_POINT('',(3.16587326302,6.823214148115));
#1779 = CARTESIAN_POINT('',(3.171831285105,6.838411021979));
#1780 = CARTESIAN_POINT('',(3.177743062056,6.857254654702));
#1781 = CARTESIAN_POINT('',(3.183598497179,6.879653692845));
#1782 = CARTESIAN_POINT('',(3.192176304863,6.917948048432));
#1783 = CARTESIAN_POINT('',(3.19494940199,6.93119607152));
#1784 = CARTESIAN_POINT('',(3.197706318297,6.94523234708));
#1785 = CARTESIAN_POINT('',(3.200446106188,6.96004446794));
#1786 = CARTESIAN_POINT('',(3.203167872445,6.975619544062));
#1787 = CARTESIAN_POINT('',(3.205870778223,6.991944202542));
#1788 = CARTESIAN_POINT('',(3.208554039056,7.00900458761));
#1789 = CARTESIAN_POINT('',(3.21612446429,7.059557106042));
#1790 = CARTESIAN_POINT('',(3.220962776765,7.094778288562));
#1791 = CARTESIAN_POINT('',(3.225727338636,7.132361568894));
#1792 = CARTESIAN_POINT('',(3.230414247928,7.172216189495));
#1793 = CARTESIAN_POINT('',(3.235020170226,7.214250432407));
#1794 = CARTESIAN_POINT('',(3.239542284559,7.25837307709));
#1795 = CARTESIAN_POINT('',(3.243978229286,7.304494858255));
#1796 = CARTESIAN_POINT('',(3.253667602109,7.411543861349));
#1797 = CARTESIAN_POINT('',(3.258875998346,7.473443987649));
#1798 = CARTESIAN_POINT('',(3.263947831256,7.538072486172));
#1799 = CARTESIAN_POINT('',(3.268880357518,7.605276859588));
#1800 = CARTESIAN_POINT('',(3.273671420554,7.674911261367));
#1801 = CARTESIAN_POINT('',(3.278319375154,7.746837827502));
#1802 = CARTESIAN_POINT('',(3.282823012103,7.82092800822));
#1803 = CARTESIAN_POINT('',(3.301201427282,8.141971126347));
#1804 = CARTESIAN_POINT('',(3.31370462387,8.407788458172));
#1805 = CARTESIAN_POINT('',(3.324689095713,8.690873073437));
#1806 = CARTESIAN_POINT('',(3.334133027853,8.988078378021));
#1807 = CARTESIAN_POINT('',(3.342018270275,9.296540282501));
#1808 = CARTESIAN_POINT('',(3.348328509893,9.613694982013));
#1809 = CARTESIAN_POINT('',(3.353053560853,9.937232067086));
#1810 = CARTESIAN_POINT('',(3.356180607772,10.265153077165));
#1811 = ( GEOMETRIC_REPRESENTATION_CONTEXT(2) 
PARAMETRIC_REPRESENTATION_CONTEXT() REPRESENTATION_CONTEXT('2D SPACE',''
  ) );
#1812 = ORIENTED_EDGE('',*,*,#1813,.F.);
#1813 = EDGE_CURVE('',#1814,#1584,#1816,.T.);
#1814 = VERTEX_POINT('',#1815);
#1815 = CARTESIAN_POINT('',(6.25,-4.642197755374,27.734846922835));
#1816 = SURFACE_CURVE('',#1817,(#1822,#1829),.PCURVE_S1.);
#1817 = CIRCLE('',#1818,4.7);
#1818 = AXIS2_PLACEMENT_3D('',#1819,#1820,#1821);
#1819 = CARTESIAN_POINT('',(6.25,0.,27.));
#1820 = DIRECTION('',(1.,0.,0.));
#1821 = DIRECTION('',(0.,1.,0.));
#1822 = PCURVE('',#1514,#1823);
#1823 = DEFINITIONAL_REPRESENTATION('',(#1824),#1828);
#1824 = LINE('',#1825,#1826);
#1825 = CARTESIAN_POINT('',(0.,2.45));
#1826 = VECTOR('',#1827,1.);
#1827 = DIRECTION('',(1.,0.));
#1828 = ( GEOMETRIC_REPRESENTATION_CONTEXT(2) 
PARAMETRIC_REPRESENTATION_CONTEXT() REPRESENTATION_CONTEXT('2D SPACE',''
  ) );
#1829 = PCURVE('',#1830,#1835);
#1830 = PLANE('',#1831);
#1831 = AXIS2_PLACEMENT_3D('',#1832,#1833,#1834);
#1832 = CARTESIAN_POINT('',(6.25,0.,27.));
#1833 = DIRECTION('',(1.,0.,0.));
#1834 = DIRECTION('',(0.,1.,0.));
#1835 = DEFINITIONAL_REPRESENTATION('',(#1836),#1840);
#1836 = CIRCLE('',#1837,4.7);
#1837 = AXIS2_PLACEMENT_2D('',#1838,#1839);
#1838 = CARTESIAN_POINT('',(0.,0.));
#1839 = DIRECTION('',(1.,0.));
#1840 = ( GEOMETRIC_REPRESENTATION_CONTEXT(2) 
PARAMETRIC_REPRESENTATION_CONTEXT() REPRESENTATION_CONTEXT('2D SPACE',''
  ) );
#1841 = ORIENTED_EDGE('',*,*,#1842,.T.);
#1842 = EDGE_CURVE('',#1814,#1843,#1845,.T.);
#1843 = VERTEX_POINT('',#1844);
#1844 = CARTESIAN_POINT('',(6.25,4.642197755374,27.734846922835));
#1845 = SURFACE_CURVE('',#1846,(#1919,#1995),.PCURVE_S1.);
#1846 = B_SPLINE_CURVE_WITH_KNOTS('',8,(#1847,#1848,#1849,#1850,#1851,
    #1852,#1853,#1854,#1855,#1856,#1857,#1858,#1859,#1860,#1861,#1862,
    #1863,#1864,#1865,#1866,#1867,#1868,#1869,#1870,#1871,#1872,#1873,
    #1874,#1875,#1876,#1877,#1878,#1879,#1880,#1881,#1882,#1883,#1884,
    #1885,#1886,#1887,#1888,#1889,#1890,#1891,#1892,#1893,#1894,#1895,
    #1896,#1897,#1898,#1899,#1900,#1901,#1902,#1903,#1904,#1905,#1906,
    #1907,#1908,#1909,#1910,#1911,#1912,#1913,#1914,#1915,#1916,#1917,
    #1918),.UNSPECIFIED.,.F.,.F.,(9,7,7,7,7,7,7,7,7,7,9),(0.,
    0.251389883214,0.329343525247,0.39280814251,0.427915195926,
    0.500000580385,0.572086013062,0.607193124397,0.670657904316,
    0.748611867279,1.),.UNSPECIFIED.);
#1847 = CARTESIAN_POINT('',(6.25,-4.642197755374,27.734846922835));
#1848 = CARTESIAN_POINT('',(6.235493863494,-4.575638611652,
    28.062536756624));
#1849 = CARTESIAN_POINT('',(6.213817641561,-4.475037879581,
    28.385850176887));
#1850 = CARTESIAN_POINT('',(6.18545520525,-4.340576090394,
    28.702791801351));
#1851 = CARTESIAN_POINT('',(6.151179834299,-4.172317642405,
    29.011055786183));
#1852 = CARTESIAN_POINT('',(6.112078355528,-3.970407967608,
    29.308083939886));
#1853 = CARTESIAN_POINT('',(6.069537399285,-3.73500557998,
    29.591019082702));
#1854 = CARTESIAN_POINT('',(6.025187855069,-3.466359095938,
    29.85672254428));
#1855 = CARTESIAN_POINT('',(5.967138697572,-3.070677147907,
    30.177483736103));
#1856 = CARTESIAN_POINT('',(5.953407183249,-2.973842194517,
    30.251375100905));
#1857 = CARTESIAN_POINT('',(5.939740961052,-2.873840686213,
    30.32311887995));
#1858 = CARTESIAN_POINT('',(5.926200462805,-2.770693571421,
    30.392587886756));
#1859 = CARTESIAN_POINT('',(5.912849142516,-2.664431667564,
    30.45964574635));
#1860 = CARTESIAN_POINT('',(5.899752984901,-2.555097430295,
    30.524148197754));
#1861 = CARTESIAN_POINT('',(5.88698001391,-2.442746722729,30.58594439648
    ));
#1862 = CARTESIAN_POINT('',(5.864520663991,-2.233584216371,
    30.692858173652));
#1863 = CARTESIAN_POINT('',(5.854702068524,-2.137767633394,
    30.73893983029));
#1864 = CARTESIAN_POINT('',(5.84518160055,-2.040041700249,30.78303821033
    ));
#1865 = CARTESIAN_POINT('',(5.83599775889,-1.940456427285,
    30.825064942715));
#1866 = CARTESIAN_POINT('',(5.827189393236,-1.839072174793,
    30.864929689607));
#1867 = CARTESIAN_POINT('',(5.818795141917,-1.735960857111,
    30.902541574064));
#1868 = CARTESIAN_POINT('',(5.810852869654,-1.631207146729,
    30.937810607718));
#1869 = CARTESIAN_POINT('',(5.799275867608,-1.466108553281,
    30.988814568747));
#1870 = CARTESIAN_POINT('',(5.795302070579,-1.406835191159,
    31.006236367772));
#1871 = CARTESIAN_POINT('',(5.791483982392,-1.347106459565,
    31.022899428333));
#1872 = CARTESIAN_POINT('',(5.787827636958,-1.286940546347,
    31.038789173969));
#1873 = CARTESIAN_POINT('',(5.784338833933,-1.226356959652,
    31.053891538955));
#1874 = CARTESIAN_POINT('',(5.781023138718,-1.165376527925,
    31.068192968304));
#1875 = CARTESIAN_POINT('',(5.777885882458,-1.104021399911,
    31.081680417762));
#1876 = CARTESIAN_POINT('',(5.768867281881,-0.915613259417,
    31.120338079657));
#1877 = CARTESIAN_POINT('',(5.763575498568,-0.78742038031,
    31.142852650279));
#1878 = CARTESIAN_POINT('',(5.759101051025,-0.65795273982,
    31.161775380913));
#1879 = CARTESIAN_POINT('',(5.755481321732,-0.527439582965,
    31.17701352194));
#1880 = CARTESIAN_POINT('',(5.752745814205,-0.396123475945,
    31.188493795896));
#1881 = CARTESIAN_POINT('',(5.750915130476,-0.264260714774,
    31.196164934468));
#1882 = CARTESIAN_POINT('',(5.749999948574,-0.132121733923,
    31.200000215501));
#1883 = CARTESIAN_POINT('',(5.75000005143,0.13213879238,31.199999784485)
  );
#1884 = CARTESIAN_POINT('',(5.75091533742,0.26427783542,31.196164067276)
  );
#1885 = CARTESIAN_POINT('',(5.752746125627,0.396140632146,
    31.188492489494));
#1886 = CARTESIAN_POINT('',(5.755481737171,0.527456748122,31.17701177542
    ));
#1887 = CARTESIAN_POINT('',(5.759101569196,0.657969887816,
    31.161773195408));
#1888 = CARTESIAN_POINT('',(5.763576117414,0.78743748593,31.142850028815
    ));
#1889 = CARTESIAN_POINT('',(5.768867998657,0.915630298719,
    31.120335026916));
#1890 = CARTESIAN_POINT('',(5.777886742824,1.104038367939,31.08167672027
    ));
#1891 = CARTESIAN_POINT('',(5.781024047635,1.165393507315,
    31.068189051101));
#1892 = CARTESIAN_POINT('',(5.784339790893,1.226373944516,31.05388740204
    ));
#1893 = CARTESIAN_POINT('',(5.787828641377,1.286957530919,
    31.038784817518));
#1894 = CARTESIAN_POINT('',(5.791485033614,1.34712343821,31.022894852687
    ));
#1895 = CARTESIAN_POINT('',(5.795303167884,1.406852158382,
    31.006231573422));
#1896 = CARTESIAN_POINT('',(5.799277010212,1.466125503738,
    30.988809556317));
#1897 = CARTESIAN_POINT('',(5.810854143895,1.631224132623,
    30.937804955089));
#1898 = CARTESIAN_POINT('',(5.818796501481,1.735977880579,
    30.902535496585));
#1899 = CARTESIAN_POINT('',(5.827190835839,1.839089216723,
    30.864923186231));
#1900 = CARTESIAN_POINT('',(5.835999281868,1.940473469291,
    30.825058013201));
#1901 = CARTESIAN_POINT('',(5.845183200904,2.040058724678,
    30.783030855114));
#1902 = CARTESIAN_POINT('',(5.854703742963,2.137784623329,
    30.738932050364));
#1903 = CARTESIAN_POINT('',(5.86452240898,2.233601155621,30.692849970444
    ));
#1904 = CARTESIAN_POINT('',(5.886981927005,2.442763693704,
    30.585935162376));
#1905 = CARTESIAN_POINT('',(5.899754994855,2.555114466559,
    30.524138348093));
#1906 = CARTESIAN_POINT('',(5.912851244182,2.664448737468,
    30.459635276249));
#1907 = CARTESIAN_POINT('',(5.926202650405,2.770710644175,
    30.392576792472));
#1908 = CARTESIAN_POINT('',(5.939743228246,2.8738577318,30.323107158707)
  );
#1909 = CARTESIAN_POINT('',(5.953409523201,2.973859183597,30.25136275075
    ));
#1910 = CARTESIAN_POINT('',(5.967141103007,3.070694051738,
    30.177470755765));
#1911 = CARTESIAN_POINT('',(6.025190013857,3.466372173829,
    29.856709611384));
#1912 = CARTESIAN_POINT('',(6.069539174025,3.735015399741,
    29.591007278854));
#1913 = CARTESIAN_POINT('',(6.112079714215,3.970414983114,
    29.308073617371));
#1914 = CARTESIAN_POINT('',(6.151180786751,4.172322318196,
    29.011047219065));
#1915 = CARTESIAN_POINT('',(6.185455796557,4.340578893766,
    28.702785195028));
#1916 = CARTESIAN_POINT('',(6.213817943222,4.475039279645,
    28.385845680633));
#1917 = CARTESIAN_POINT('',(6.235493964573,4.575639075438,
    28.062534473275));
#1918 = CARTESIAN_POINT('',(6.25,4.642197755374,27.734846922835));
#1919 = PCURVE('',#1514,#1920);
#1920 = DEFINITIONAL_REPRESENTATION('',(#1921),#1994);
#1921 = B_SPLINE_CURVE_WITH_KNOTS('',8,(#1922,#1923,#1924,#1925,#1926,
    #1927,#1928,#1929,#1930,#1931,#1932,#1933,#1934,#1935,#1936,#1937,
    #1938,#1939,#1940,#1941,#1942,#1943,#1944,#1945,#1946,#1947,#1948,
    #1949,#1950,#1951,#1952,#1953,#1954,#1955,#1956,#1957,#1958,#1959,
    #1960,#1961,#1962,#1963,#1964,#1965,#1966,#1967,#1968,#1969,#1970,
    #1971,#1972,#1973,#1974,#1975,#1976,#1977,#1978,#1979,#1980,#1981,
    #1982,#1983,#1984,#1985,#1986,#1987,#1988,#1989,#1990,#1991,#1992,
    #1993),.UNSPECIFIED.,.F.,.F.,(9,7,7,7,7,7,7,7,7,7,9),(0.,
    0.251389883214,0.329343525247,0.39280814251,0.427915195926,
    0.500000580385,0.572086013062,0.607193124397,0.670657904316,
    0.748611867279,1.),.UNSPECIFIED.);
#1922 = CARTESIAN_POINT('',(2.984598124031,2.45));
#1923 = CARTESIAN_POINT('',(2.913520179584,2.435493863494));
#1924 = CARTESIAN_POINT('',(2.841727982188,2.413817641561));
#1925 = CARTESIAN_POINT('',(2.768657822171,2.38545520525));
#1926 = CARTESIAN_POINT('',(2.693792315601,2.351179834299));
#1927 = CARTESIAN_POINT('',(2.616629895238,2.312078355528));
#1928 = CARTESIAN_POINT('',(2.536661686465,2.269537399285));
#1929 = CARTESIAN_POINT('',(2.453388396683,2.225187855069));
#1930 = CARTESIAN_POINT('',(2.339179514335,2.167138697572));
#1931 = CARTESIAN_POINT('',(2.31178038234,2.153407183249));
#1932 = CARTESIAN_POINT('',(2.284001139062,2.139740961052));
#1933 = CARTESIAN_POINT('',(2.255830231048,2.126200462805));
#1934 = CARTESIAN_POINT('',(2.227258348286,2.112849142516));
#1935 = CARTESIAN_POINT('',(2.198278682653,2.099752984901));
#1936 = CARTESIAN_POINT('',(2.168887186351,2.08698001391));
#1937 = CARTESIAN_POINT('',(2.114818126393,2.064520663991));
#1938 = CARTESIAN_POINT('',(2.090280307969,2.054702068524));
#1939 = CARTESIAN_POINT('',(2.065469485254,2.045181600551));
#1940 = CARTESIAN_POINT('',(2.040387708723,2.03599775889));
#1941 = CARTESIAN_POINT('',(2.015039211671,2.027189393236));
#1942 = CARTESIAN_POINT('',(1.989430652737,2.018795141918));
#1943 = CARTESIAN_POINT('',(1.963571358422,2.010852869654));
#1944 = CARTESIAN_POINT('',(1.923036913423,1.999275867608));
#1945 = CARTESIAN_POINT('',(1.908527319761,1.995302070579));
#1946 = CARTESIAN_POINT('',(1.89394689993,1.991483982392));
#1947 = CARTESIAN_POINT('',(1.879298045441,1.987827636958));
#1948 = CARTESIAN_POINT('',(1.864583424016,1.984338833933));
#1949 = CARTESIAN_POINT('',(1.849805979586,1.981023138718));
#1950 = CARTESIAN_POINT('',(1.834968932298,1.977885882458));
#1951 = CARTESIAN_POINT('',(1.78949563542,1.968867281881));
#1952 = CARTESIAN_POINT('',(1.758676457372,1.963575498568));
#1953 = CARTESIAN_POINT('',(1.727651739128,1.959101051025));
#1954 = CARTESIAN_POINT('',(1.696457280447,1.955481321732));
#1955 = CARTESIAN_POINT('',(1.665131464568,1.952745814205));
#1956 = CARTESIAN_POINT('',(1.633715536697,1.950915130476));
#1957 = CARTESIAN_POINT('',(1.602253882491,1.949999948574));
#1958 = CARTESIAN_POINT('',(1.539334709562,1.95000005143));
#1959 = CARTESIAN_POINT('',(1.50787303862,1.95091533742));
#1960 = CARTESIAN_POINT('',(1.476457098385,1.952746125627));
#1961 = CARTESIAN_POINT('',(1.445131274482,1.955481737171));
#1962 = CARTESIAN_POINT('',(1.41393681199,1.959101569196));
#1963 = CARTESIAN_POINT('',(1.382912093937,1.963576117414));
#1964 = CARTESIAN_POINT('',(1.352092919791,1.968867998657));
#1965 = CARTESIAN_POINT('',(1.306619619078,1.977886742824));
#1966 = CARTESIAN_POINT('',(1.291782561616,1.981024047635));
#1967 = CARTESIAN_POINT('',(1.27700510789,1.984339790893));
#1968 = CARTESIAN_POINT('',(1.262290478012,1.987828641377));
#1969 = CARTESIAN_POINT('',(1.247641615879,1.991485033614));
#1970 = CARTESIAN_POINT('',(1.233061189178,1.995303167884));
#1971 = CARTESIAN_POINT('',(1.218551589379,1.999277010212));
#1972 = CARTESIAN_POINT('',(1.178017105265,2.010854143895));
#1973 = CARTESIAN_POINT('',(1.152157779994,2.018796501481));
#1974 = CARTESIAN_POINT('',(1.126549192602,2.027190835839));
#1975 = CARTESIAN_POINT('',(1.101200669376,2.035999281868));
#1976 = CARTESIAN_POINT('',(1.076118868735,2.045183200904));
#1977 = CARTESIAN_POINT('',(1.051308023754,2.054703742963));
#1978 = CARTESIAN_POINT('',(1.02677018469,2.06452240898));
#1979 = CARTESIAN_POINT('',(0.97270103556,2.086981927005));
#1980 = CARTESIAN_POINT('',(0.94330947275,2.099754994855));
#1981 = CARTESIAN_POINT('',(0.914329743637,2.112851244182));
#1982 = CARTESIAN_POINT('',(0.885757800043,2.126202650405));
#1983 = CARTESIAN_POINT('',(0.857586833482,2.139743228246));
#1984 = CARTESIAN_POINT('',(0.8298075336,2.153409523201));
#1985 = CARTESIAN_POINT('',(0.802408346614,2.167141103007));
#1986 = CARTESIAN_POINT('',(0.688200203315,2.225190013857));
#1987 = CARTESIAN_POINT('',(0.604927631126,2.269539174025));
#1988 = CARTESIAN_POINT('',(0.524960076958,2.312079714215));
#1989 = CARTESIAN_POINT('',(0.447798257357,2.351180786751));
#1990 = CARTESIAN_POINT('',(0.372933308272,2.385455796557));
#1991 = CARTESIAN_POINT('',(0.299863672949,2.413817943222));
#1992 = CARTESIAN_POINT('',(0.228071978733,2.435493964573));
#1993 = CARTESIAN_POINT('',(0.156994529559,2.45));
#1994 = ( GEOMETRIC_REPRESENTATION_CONTEXT(2) 
PARAMETRIC_REPRESENTATION_CONTEXT() REPRESENTATION_CONTEXT('2D SPACE',''
  ) );
#1995 = PCURVE('',#269,#1996);
#1996 = DEFINITIONAL_REPRESENTATION('',(#1997),#2070);
#1997 = B_SPLINE_CURVE_WITH_KNOTS('',8,(#1998,#1999,#2000,#2001,#2002,
    #2003,#2004,#2005,#2006,#2007,#2008,#2009,#2010,#2011,#2012,#2013,
    #2014,#2015,#2016,#2017,#2018,#2019,#2020,#2021,#2022,#2023,#2024,
    #2025,#2026,#2027,#2028,#2029,#2030,#2031,#2032,#2033,#2034,#2035,
    #2036,#2037,#2038,#2039,#2040,#2041,#2042,#2043,#2044,#2045,#2046,
    #2047,#2048,#2049,#2050,#2051,#2052,#2053,#2054,#2055,#2056,#2057,
    #2058,#2059,#2060,#2061,#2062,#2063,#2064,#2065,#2066,#2067,#2068,
    #2069),.UNSPECIFIED.,.F.,.F.,(9,7,7,7,7,7,7,7,7,7,9),(0.,
    0.251389883214,0.329343525247,0.39280814251,0.427915195926,
    0.500000580385,0.572086013062,0.607193124397,0.670657904316,
    0.748611867279,1.),.UNSPECIFIED.);
#1998 = CARTESIAN_POINT('',(3.356180607772,11.734846922835));
#1999 = CARTESIAN_POINT('',(3.353055765344,12.062536756624));
#2000 = CARTESIAN_POINT('',(3.348335158523,12.385850176887));
#2001 = CARTESIAN_POINT('',(3.342031563002,12.702791801351));
#2002 = CARTESIAN_POINT('',(3.334155157262,13.011055786183));
#2003 = CARTESIAN_POINT('',(3.324722223967,13.308083939886));
#2004 = CARTESIAN_POINT('',(3.313750875901,13.591019082702));
#2005 = CARTESIAN_POINT('',(3.3012628582,13.85672254428));
#2006 = CARTESIAN_POINT('',(3.282918024378,14.177483736103));
#2007 = CARTESIAN_POINT('',(3.278431667834,14.251375100905));
#2008 = CARTESIAN_POINT('',(3.273801905417,14.32311887995));
#2009 = CARTESIAN_POINT('',(3.269029930157,14.392587886756));
#2010 = CARTESIAN_POINT('',(3.264117363711,14.45964574635));
#2011 = CARTESIAN_POINT('',(3.259066330204,14.524148197754));
#2012 = CARTESIAN_POINT('',(3.253879530084,14.58594439648));
#2013 = CARTESIAN_POINT('',(3.24422976563,14.692858173652));
#2014 = CARTESIAN_POINT('',(3.239811544889,14.73893983029));
#2015 = CARTESIAN_POINT('',(3.235307576835,14.78303821033));
#2016 = CARTESIAN_POINT('',(3.230720185479,14.825064942715));
#2017 = CARTESIAN_POINT('',(3.226052146959,14.864929689607));
#2018 = CARTESIAN_POINT('',(3.221306742746,14.902541574064));
#2019 = CARTESIAN_POINT('',(3.216487812849,14.937810607718));
#2020 = CARTESIAN_POINT('',(3.208895886449,14.988814568747));
#2021 = CARTESIAN_POINT('',(3.20617083438,15.006236367772));
#2022 = CARTESIAN_POINT('',(3.203425414305,15.022899428333));
#2023 = CARTESIAN_POINT('',(3.200660445715,15.038789173969));
#2024 = CARTESIAN_POINT('',(3.1978768061,15.053891538955));
#2025 = CARTESIAN_POINT('',(3.195075430955,15.068192968304));
#2026 = CARTESIAN_POINT('',(3.192257313775,15.081680417762));
#2027 = CARTESIAN_POINT('',(3.18360484289,15.120338079657));
#2028 = CARTESIAN_POINT('',(3.177719554098,15.142852650279));
#2029 = CARTESIAN_POINT('',(3.171777350724,15.161775380913));
#2030 = CARTESIAN_POINT('',(3.165788487845,15.17701352194));
#2031 = CARTESIAN_POINT('',(3.159763794576,15.188493795896));
#2032 = CARTESIAN_POINT('',(3.153714704083,15.196164934468));
#2033 = CARTESIAN_POINT('',(3.147653283586,15.200000215501));
#2034 = CARTESIAN_POINT('',(3.135531241095,15.199999784485));
#2035 = CARTESIAN_POINT('',(3.129469817713,15.196164067276));
#2036 = CARTESIAN_POINT('',(3.123420725523,15.188492489494));
#2037 = CARTESIAN_POINT('',(3.117396031744,15.17701177542));
#2038 = CARTESIAN_POINT('',(3.111407169521,15.161773195408));
#2039 = CARTESIAN_POINT('',(3.105464967931,15.142850028815));
#2040 = CARTESIAN_POINT('',(3.099579681993,15.120335026916));
#2041 = CARTESIAN_POINT('',(3.090927214058,15.08167672027));
#2042 = CARTESIAN_POINT('',(3.088109096244,15.068189051101));
#2043 = CARTESIAN_POINT('',(3.085307720729,15.05388740204));
#2044 = CARTESIAN_POINT('',(3.082524081002,15.038784817518));
#2045 = CARTESIAN_POINT('',(3.079759112552,15.022894852687));
#2046 = CARTESIAN_POINT('',(3.077013692866,15.006231573422));
#2047 = CARTESIAN_POINT('',(3.074288641425,14.988809556317));
#2048 = CARTESIAN_POINT('',(3.066696712981,14.937804955089));
#2049 = CARTESIAN_POINT('',(3.06187778107,14.902535496585));
#2050 = CARTESIAN_POINT('',(3.057132375704,14.864923186231));
#2051 = CARTESIAN_POINT('',(3.052464336861,14.825058013201));
#2052 = CARTESIAN_POINT('',(3.047876945982,14.783030855114));
#2053 = CARTESIAN_POINT('',(3.043372979173,14.738932050364));
#2054 = CARTESIAN_POINT('',(3.038954760415,14.692849970444));
#2055 = CARTESIAN_POINT('',(3.029304993691,14.585935162376));
#2056 = CARTESIAN_POINT('',(3.024118190094,14.524138348093));
#2057 = CARTESIAN_POINT('',(3.019067154554,14.459635276249));
#2058 = CARTESIAN_POINT('',(3.014154587487,14.392576792472));
#2059 = CARTESIAN_POINT('',(3.009382612988,14.323107158707));
#2060 = CARTESIAN_POINT('',(3.004752852686,14.25136275075));
#2061 = CARTESIAN_POINT('',(3.000266499592,14.177470755765));
#2062 = CARTESIAN_POINT('',(2.981921841056,13.856709611384));
#2063 = CARTESIAN_POINT('',(2.96943397361,13.591007278854));
#2064 = CARTESIAN_POINT('',(2.958462755458,13.308073617371));
#2065 = CARTESIAN_POINT('',(2.949029931038,13.011047219065));
#2066 = CARTESIAN_POINT('',(2.941153612755,12.702785195028));
#2067 = CARTESIAN_POINT('',(2.93485008296,12.385845680633));
#2068 = CARTESIAN_POINT('',(2.930129520062,12.062534473275));
#2069 = CARTESIAN_POINT('',(2.927004699407,11.734846922835));
#2070 = ( GEOMETRIC_REPRESENTATION_CONTEXT(2) 
PARAMETRIC_REPRESENTATION_CONTEXT() REPRESENTATION_CONTEXT('2D SPACE',''
  ) );
#2071 = ORIENTED_EDGE('',*,*,#2072,.F.);
#2072 = EDGE_CURVE('',#1532,#1843,#2073,.T.);
#2073 = SURFACE_CURVE('',#2074,(#2079,#2086),.PCURVE_S1.);
#2074 = CIRCLE('',#2075,4.7);
#2075 = AXIS2_PLACEMENT_3D('',#2076,#2077,#2078);
#2076 = CARTESIAN_POINT('',(6.25,0.,27.));
#2077 = DIRECTION('',(1.,0.,0.));
#2078 = DIRECTION('',(0.,1.,0.));
#2079 = PCURVE('',#1514,#2080);
#2080 = DEFINITIONAL_REPRESENTATION('',(#2081),#2085);
#2081 = LINE('',#2082,#2083);
#2082 = CARTESIAN_POINT('',(0.,2.45));
#2083 = VECTOR('',#2084,1.);
#2084 = DIRECTION('',(1.,0.));
#2085 = ( GEOMETRIC_REPRESENTATION_CONTEXT(2) 
PARAMETRIC_REPRESENTATION_CONTEXT() REPRESENTATION_CONTEXT('2D SPACE',''
  ) );
#2086 = PCURVE('',#1571,#2087);
#2087 = DEFINITIONAL_REPRESENTATION('',(#2088),#2092);
#2088 = CIRCLE('',#2089,4.7);
#2089 = AXIS2_PLACEMENT_2D('',#2090,#2091);
#2090 = CARTESIAN_POINT('',(0.,0.));
#2091 = DIRECTION('',(1.,0.));
#2092 = ( GEOMETRIC_REPRESENTATION_CONTEXT(2) 
PARAMETRIC_REPRESENTATION_CONTEXT() REPRESENTATION_CONTEXT('2D SPACE',''
  ) );
#2093 = ORIENTED_EDGE('',*,*,#1531,.F.);
#2094 = ORIENTED_EDGE('',*,*,#1499,.T.);
#2095 = ADVANCED_FACE('',(#2096),#1830,.F.);
#2096 = FACE_BOUND('',#2097,.F.);
#2097 = EDGE_LOOP('',(#2098,#2117));
#2098 = ORIENTED_EDGE('',*,*,#2099,.T.);
#2099 = EDGE_CURVE('',#1584,#1814,#2100,.T.);
#2100 = SURFACE_CURVE('',#2101,(#2105,#2111),.PCURVE_S1.);
#2101 = LINE('',#2102,#2103);
#2102 = CARTESIAN_POINT('',(6.25,-4.642197755374,16.));
#2103 = VECTOR('',#2104,1.);
#2104 = DIRECTION('',(0.,0.,1.));
#2105 = PCURVE('',#1830,#2106);
#2106 = DEFINITIONAL_REPRESENTATION('',(#2107),#2110);
#2107 = B_SPLINE_CURVE_WITH_KNOTS('',1,(#2108,#2109),.UNSPECIFIED.,.F.,
  .F.,(2,2),(5.36,16.64),.PIECEWISE_BEZIER_KNOTS.);
#2108 = CARTESIAN_POINT('',(-4.642197755374,-5.64));
#2109 = CARTESIAN_POINT('',(-4.642197755374,5.64));
#2110 = ( GEOMETRIC_REPRESENTATION_CONTEXT(2) 
PARAMETRIC_REPRESENTATION_CONTEXT() REPRESENTATION_CONTEXT('2D SPACE',''
  ) );
#2111 = PCURVE('',#269,#2112);
#2112 = DEFINITIONAL_REPRESENTATION('',(#2113),#2116);
#2113 = B_SPLINE_CURVE_WITH_KNOTS('',1,(#2114,#2115),.UNSPECIFIED.,.F.,
  .F.,(2,2),(5.36,16.64),.PIECEWISE_BEZIER_KNOTS.);
#2114 = CARTESIAN_POINT('',(3.356180607772,5.36));
#2115 = CARTESIAN_POINT('',(3.356180607772,16.64));
#2116 = ( GEOMETRIC_REPRESENTATION_CONTEXT(2) 
PARAMETRIC_REPRESENTATION_CONTEXT() REPRESENTATION_CONTEXT('2D SPACE',''
  ) );
#2117 = ORIENTED_EDGE('',*,*,#1813,.T.);
#2118 = ADVANCED_FACE('',(#2119),#1571,.F.);
#2119 = FACE_BOUND('',#2120,.F.);
#2120 = EDGE_LOOP('',(#2121,#2122,#2123));
#2121 = ORIENTED_EDGE('',*,*,#1554,.T.);
#2122 = ORIENTED_EDGE('',*,*,#2072,.T.);
#2123 = ORIENTED_EDGE('',*,*,#2124,.F.);
#2124 = EDGE_CURVE('',#1555,#1843,#2125,.T.);
#2125 = SURFACE_CURVE('',#2126,(#2130,#2136),.PCURVE_S1.);
#2126 = LINE('',#2127,#2128);
#2127 = CARTESIAN_POINT('',(6.25,4.642197755374,16.));
#2128 = VECTOR('',#2129,1.);
#2129 = DIRECTION('',(0.,0.,1.));
#2130 = PCURVE('',#1571,#2131);
#2131 = DEFINITIONAL_REPRESENTATION('',(#2132),#2135);
#2132 = B_SPLINE_CURVE_WITH_KNOTS('',1,(#2133,#2134),.UNSPECIFIED.,.F.,
  .F.,(2,2),(5.36,16.64),.PIECEWISE_BEZIER_KNOTS.);
#2133 = CARTESIAN_POINT('',(4.642197755374,-5.64));
#2134 = CARTESIAN_POINT('',(4.642197755374,5.64));
#2135 = ( GEOMETRIC_REPRESENTATION_CONTEXT(2) 
PARAMETRIC_REPRESENTATION_CONTEXT() REPRESENTATION_CONTEXT('2D SPACE',''
  ) );
#2136 = PCURVE('',#269,#2137);
#2137 = DEFINITIONAL_REPRESENTATION('',(#2138),#2141);
#2138 = B_SPLINE_CURVE_WITH_KNOTS('',1,(#2139,#2140),.UNSPECIFIED.,.F.,
  .F.,(2,2),(5.36,16.64),.PIECEWISE_BEZIER_KNOTS.);
#2139 = CARTESIAN_POINT('',(2.927004699407,5.36));
#2140 = CARTESIAN_POINT('',(2.927004699407,16.64));
#2141 = ( GEOMETRIC_REPRESENTATION_CONTEXT(2) 
PARAMETRIC_REPRESENTATION_CONTEXT() REPRESENTATION_CONTEXT('2D SPACE',''
  ) );
#2142 = ADVANCED_FACE('',(#2143),#1401,.T.);
#2143 = FACE_BOUND('',#2144,.T.);
#2144 = EDGE_LOOP('',(#2145,#2168,#2169,#2192,#2213,#2234));
#2145 = ORIENTED_EDGE('',*,*,#2146,.F.);
#2146 = EDGE_CURVE('',#1358,#2147,#2149,.T.);
#2147 = VERTEX_POINT('',#2148);
#2148 = CARTESIAN_POINT('',(3.,11.,-1.5));
#2149 = SURFACE_CURVE('',#2150,(#2154,#2161),.PCURVE_S1.);
#2150 = LINE('',#2151,#2152);
#2151 = CARTESIAN_POINT('',(0.,11.,-1.5));
#2152 = VECTOR('',#2153,1.);
#2153 = DIRECTION('',(1.,0.,-0.));
#2154 = PCURVE('',#1401,#2155);
#2155 = DEFINITIONAL_REPRESENTATION('',(#2156),#2160);
#2156 = LINE('',#2157,#2158);
#2157 = CARTESIAN_POINT('',(0.,0.));
#2158 = VECTOR('',#2159,1.);
#2159 = DIRECTION('',(0.,1.));
#2160 = ( GEOMETRIC_REPRESENTATION_CONTEXT(2) 
PARAMETRIC_REPRESENTATION_CONTEXT() REPRESENTATION_CONTEXT('2D SPACE',''
  ) );
#2161 = PCURVE('',#1373,#2162);
#2162 = DEFINITIONAL_REPRESENTATION('',(#2163),#2167);
#2163 = LINE('',#2164,#2165);
#2164 = CARTESIAN_POINT('',(0.,22.));
#2165 = VECTOR('',#2166,1.);
#2166 = DIRECTION('',(1.,0.));
#2167 = ( GEOMETRIC_REPRESENTATION_CONTEXT(2) 
PARAMETRIC_REPRESENTATION_CONTEXT() REPRESENTATION_CONTEXT('2D SPACE',''
  ) );
#2168 = ORIENTED_EDGE('',*,*,#1385,.T.);
#2169 = ORIENTED_EDGE('',*,*,#2170,.T.);
#2170 = EDGE_CURVE('',#1386,#2171,#2173,.T.);
#2171 = VERTEX_POINT('',#2172);
#2172 = CARTESIAN_POINT('',(3.,11.,35.5));
#2173 = SURFACE_CURVE('',#2174,(#2178,#2185),.PCURVE_S1.);
#2174 = LINE('',#2175,#2176);
#2175 = CARTESIAN_POINT('',(0.,11.,35.5));
#2176 = VECTOR('',#2177,1.);
#2177 = DIRECTION('',(1.,0.,-0.));
#2178 = PCURVE('',#1401,#2179);
#2179 = DEFINITIONAL_REPRESENTATION('',(#2180),#2184);
#2180 = LINE('',#2181,#2182);
#2181 = CARTESIAN_POINT('',(37.,0.));
#2182 = VECTOR('',#2183,1.);
#2183 = DIRECTION('',(0.,1.));
#2184 = ( GEOMETRIC_REPRESENTATION_CONTEXT(2) 
PARAMETRIC_REPRESENTATION_CONTEXT() REPRESENTATION_CONTEXT('2D SPACE',''
  ) );
#2185 = PCURVE('',#1427,#2186);
#2186 = DEFINITIONAL_REPRESENTATION('',(#2187),#2191);
#2187 = LINE('',#2188,#2189);
#2188 = CARTESIAN_POINT('',(0.,22.));
#2189 = VECTOR('',#2190,1.);
#2190 = DIRECTION('',(1.,0.));
#2191 = ( GEOMETRIC_REPRESENTATION_CONTEXT(2) 
PARAMETRIC_REPRESENTATION_CONTEXT() REPRESENTATION_CONTEXT('2D SPACE',''
  ) );
#2192 = ORIENTED_EDGE('',*,*,#2193,.F.);
#2193 = EDGE_CURVE('',#85,#2171,#2194,.T.);
#2194 = SURFACE_CURVE('',#2195,(#2199,#2206),.PCURVE_S1.);
#2195 = LINE('',#2196,#2197);
#2196 = CARTESIAN_POINT('',(3.,11.,-1.5));
#2197 = VECTOR('',#2198,1.);
#2198 = DIRECTION('',(0.,0.,1.));
#2199 = PCURVE('',#1401,#2200);
#2200 = DEFINITIONAL_REPRESENTATION('',(#2201),#2205);
#2201 = LINE('',#2202,#2203);
#2202 = CARTESIAN_POINT('',(0.,3.));
#2203 = VECTOR('',#2204,1.);
#2204 = DIRECTION('',(1.,0.));
#2205 = ( GEOMETRIC_REPRESENTATION_CONTEXT(2) 
PARAMETRIC_REPRESENTATION_CONTEXT() REPRESENTATION_CONTEXT('2D SPACE',''
  ) );
#2206 = PCURVE('',#128,#2207);
#2207 = DEFINITIONAL_REPRESENTATION('',(#2208),#2212);
#2208 = LINE('',#2209,#2210);
#2209 = CARTESIAN_POINT('',(0.,-22.));
#2210 = VECTOR('',#2211,1.);
#2211 = DIRECTION('',(1.,0.));
#2212 = ( GEOMETRIC_REPRESENTATION_CONTEXT(2) 
PARAMETRIC_REPRESENTATION_CONTEXT() REPRESENTATION_CONTEXT('2D SPACE',''
  ) );
#2213 = ORIENTED_EDGE('',*,*,#2214,.F.);
#2214 = EDGE_CURVE('',#509,#85,#2215,.T.);
#2215 = SURFACE_CURVE('',#2216,(#2220,#2227),.PCURVE_S1.);
#2216 = LINE('',#2217,#2218);
#2217 = CARTESIAN_POINT('',(3.,11.,-1.5));
#2218 = VECTOR('',#2219,1.);
#2219 = DIRECTION('',(0.,0.,1.));
#2220 = PCURVE('',#1401,#2221);
#2221 = DEFINITIONAL_REPRESENTATION('',(#2222),#2226);
#2222 = LINE('',#2223,#2224);
#2223 = CARTESIAN_POINT('',(0.,3.));
#2224 = VECTOR('',#2225,1.);
#2225 = DIRECTION('',(1.,0.));
#2226 = ( GEOMETRIC_REPRESENTATION_CONTEXT(2) 
PARAMETRIC_REPRESENTATION_CONTEXT() REPRESENTATION_CONTEXT('2D SPACE',''
  ) );
#2227 = PCURVE('',#100,#2228);
#2228 = DEFINITIONAL_REPRESENTATION('',(#2229),#2233);
#2229 = LINE('',#2230,#2231);
#2230 = CARTESIAN_POINT('',(-1.5,-34.));
#2231 = VECTOR('',#2232,1.);
#2232 = DIRECTION('',(1.,0.));
#2233 = ( GEOMETRIC_REPRESENTATION_CONTEXT(2) 
PARAMETRIC_REPRESENTATION_CONTEXT() REPRESENTATION_CONTEXT('2D SPACE',''
  ) );
#2234 = ORIENTED_EDGE('',*,*,#2235,.F.);
#2235 = EDGE_CURVE('',#2147,#509,#2236,.T.);
#2236 = SURFACE_CURVE('',#2237,(#2241,#2248),.PCURVE_S1.);
#2237 = LINE('',#2238,#2239);
#2238 = CARTESIAN_POINT('',(3.,11.,-1.5));
#2239 = VECTOR('',#2240,1.);
#2240 = DIRECTION('',(0.,0.,1.));
#2241 = PCURVE('',#1401,#2242);
#2242 = DEFINITIONAL_REPRESENTATION('',(#2243),#2247);
#2243 = LINE('',#2244,#2245);
#2244 = CARTESIAN_POINT('',(0.,3.));
#2245 = VECTOR('',#2246,1.);
#2246 = DIRECTION('',(1.,0.));
#2247 = ( GEOMETRIC_REPRESENTATION_CONTEXT(2) 
PARAMETRIC_REPRESENTATION_CONTEXT() REPRESENTATION_CONTEXT('2D SPACE',''
  ) );
#2248 = PCURVE('',#545,#2249);
#2249 = DEFINITIONAL_REPRESENTATION('',(#2250),#2254);
#2250 = LINE('',#2251,#2252);
#2251 = CARTESIAN_POINT('',(0.,-22.));
#2252 = VECTOR('',#2253,1.);
#2253 = DIRECTION('',(1.,0.));
#2254 = ( GEOMETRIC_REPRESENTATION_CONTEXT(2) 
PARAMETRIC_REPRESENTATION_CONTEXT() REPRESENTATION_CONTEXT('2D SPACE',''
  ) );
#2255 = ADVANCED_FACE('',(#2256),#1373,.F.);
#2256 = FACE_BOUND('',#2257,.F.);
#2257 = EDGE_LOOP('',(#2258,#2259,#2282,#2303));
#2258 = ORIENTED_EDGE('',*,*,#1357,.F.);
#2259 = ORIENTED_EDGE('',*,*,#2260,.T.);
#2260 = EDGE_CURVE('',#1328,#2261,#2263,.T.);
#2261 = VERTEX_POINT('',#2262);
#2262 = CARTESIAN_POINT('',(3.,-11.,-1.5));
#2263 = SURFACE_CURVE('',#2264,(#2268,#2275),.PCURVE_S1.);
#2264 = LINE('',#2265,#2266);
#2265 = CARTESIAN_POINT('',(0.,-11.,-1.5));
#2266 = VECTOR('',#2267,1.);
#2267 = DIRECTION('',(1.,0.,-0.));
#2268 = PCURVE('',#1373,#2269);
#2269 = DEFINITIONAL_REPRESENTATION('',(#2270),#2274);
#2270 = LINE('',#2271,#2272);
#2271 = CARTESIAN_POINT('',(0.,0.));
#2272 = VECTOR('',#2273,1.);
#2273 = DIRECTION('',(1.,0.));
#2274 = ( GEOMETRIC_REPRESENTATION_CONTEXT(2) 
PARAMETRIC_REPRESENTATION_CONTEXT() REPRESENTATION_CONTEXT('2D SPACE',''
  ) );
#2275 = PCURVE('',#1345,#2276);
#2276 = DEFINITIONAL_REPRESENTATION('',(#2277),#2281);
#2277 = LINE('',#2278,#2279);
#2278 = CARTESIAN_POINT('',(0.,0.));
#2279 = VECTOR('',#2280,1.);
#2280 = DIRECTION('',(0.,1.));
#2281 = ( GEOMETRIC_REPRESENTATION_CONTEXT(2) 
PARAMETRIC_REPRESENTATION_CONTEXT() REPRESENTATION_CONTEXT('2D SPACE',''
  ) );
#2282 = ORIENTED_EDGE('',*,*,#2283,.T.);
#2283 = EDGE_CURVE('',#2261,#2147,#2284,.T.);
#2284 = SURFACE_CURVE('',#2285,(#2289,#2296),.PCURVE_S1.);
#2285 = LINE('',#2286,#2287);
#2286 = CARTESIAN_POINT('',(3.,-11.,-1.5));
#2287 = VECTOR('',#2288,1.);
#2288 = DIRECTION('',(-0.,1.,0.));
#2289 = PCURVE('',#1373,#2290);
#2290 = DEFINITIONAL_REPRESENTATION('',(#2291),#2295);
#2291 = LINE('',#2292,#2293);
#2292 = CARTESIAN_POINT('',(3.,0.));
#2293 = VECTOR('',#2294,1.);
#2294 = DIRECTION('',(0.,1.));
#2295 = ( GEOMETRIC_REPRESENTATION_CONTEXT(2) 
PARAMETRIC_REPRESENTATION_CONTEXT() REPRESENTATION_CONTEXT('2D SPACE',''
  ) );
#2296 = PCURVE('',#545,#2297);
#2297 = DEFINITIONAL_REPRESENTATION('',(#2298),#2302);
#2298 = LINE('',#2299,#2300);
#2299 = CARTESIAN_POINT('',(0.,0.));
#2300 = VECTOR('',#2301,1.);
#2301 = DIRECTION('',(0.,-1.));
#2302 = ( GEOMETRIC_REPRESENTATION_CONTEXT(2) 
PARAMETRIC_REPRESENTATION_CONTEXT() REPRESENTATION_CONTEXT('2D SPACE',''
  ) );
#2303 = ORIENTED_EDGE('',*,*,#2146,.F.);
#2304 = ADVANCED_FACE('',(#2305),#1427,.T.);
#2305 = FACE_BOUND('',#2306,.T.);
#2306 = EDGE_LOOP('',(#2307,#2308,#2331,#2352));
#2307 = ORIENTED_EDGE('',*,*,#1413,.F.);
#2308 = ORIENTED_EDGE('',*,*,#2309,.T.);
#2309 = EDGE_CURVE('',#1330,#2310,#2312,.T.);
#2310 = VERTEX_POINT('',#2311);
#2311 = CARTESIAN_POINT('',(3.,-11.,35.5));
#2312 = SURFACE_CURVE('',#2313,(#2317,#2324),.PCURVE_S1.);
#2313 = LINE('',#2314,#2315);
#2314 = CARTESIAN_POINT('',(0.,-11.,35.5));
#2315 = VECTOR('',#2316,1.);
#2316 = DIRECTION('',(1.,0.,-0.));
#2317 = PCURVE('',#1427,#2318);
#2318 = DEFINITIONAL_REPRESENTATION('',(#2319),#2323);
#2319 = LINE('',#2320,#2321);
#2320 = CARTESIAN_POINT('',(0.,0.));
#2321 = VECTOR('',#2322,1.);
#2322 = DIRECTION('',(1.,0.));
#2323 = ( GEOMETRIC_REPRESENTATION_CONTEXT(2) 
PARAMETRIC_REPRESENTATION_CONTEXT() REPRESENTATION_CONTEXT('2D SPACE',''
  ) );
#2324 = PCURVE('',#1345,#2325);
#2325 = DEFINITIONAL_REPRESENTATION('',(#2326),#2330);
#2326 = LINE('',#2327,#2328);
#2327 = CARTESIAN_POINT('',(37.,0.));
#2328 = VECTOR('',#2329,1.);
#2329 = DIRECTION('',(0.,1.));
#2330 = ( GEOMETRIC_REPRESENTATION_CONTEXT(2) 
PARAMETRIC_REPRESENTATION_CONTEXT() REPRESENTATION_CONTEXT('2D SPACE',''
  ) );
#2331 = ORIENTED_EDGE('',*,*,#2332,.T.);
#2332 = EDGE_CURVE('',#2310,#2171,#2333,.T.);
#2333 = SURFACE_CURVE('',#2334,(#2338,#2345),.PCURVE_S1.);
#2334 = LINE('',#2335,#2336);
#2335 = CARTESIAN_POINT('',(3.,-11.,35.5));
#2336 = VECTOR('',#2337,1.);
#2337 = DIRECTION('',(-0.,1.,0.));
#2338 = PCURVE('',#1427,#2339);
#2339 = DEFINITIONAL_REPRESENTATION('',(#2340),#2344);
#2340 = LINE('',#2341,#2342);
#2341 = CARTESIAN_POINT('',(3.,0.));
#2342 = VECTOR('',#2343,1.);
#2343 = DIRECTION('',(0.,1.));
#2344 = ( GEOMETRIC_REPRESENTATION_CONTEXT(2) 
PARAMETRIC_REPRESENTATION_CONTEXT() REPRESENTATION_CONTEXT('2D SPACE',''
  ) );
#2345 = PCURVE('',#128,#2346);
#2346 = DEFINITIONAL_REPRESENTATION('',(#2347),#2351);
#2347 = LINE('',#2348,#2349);
#2348 = CARTESIAN_POINT('',(37.,0.));
#2349 = VECTOR('',#2350,1.);
#2350 = DIRECTION('',(0.,-1.));
#2351 = ( GEOMETRIC_REPRESENTATION_CONTEXT(2) 
PARAMETRIC_REPRESENTATION_CONTEXT() REPRESENTATION_CONTEXT('2D SPACE',''
  ) );
#2352 = ORIENTED_EDGE('',*,*,#2170,.F.);
#2353 = ADVANCED_FACE('',(#2354),#1345,.F.);
#2354 = FACE_BOUND('',#2355,.F.);
#2355 = EDGE_LOOP('',(#2356,#2357,#2358,#2359,#2380,#2401));
#2356 = ORIENTED_EDGE('',*,*,#2260,.F.);
#2357 = ORIENTED_EDGE('',*,*,#1327,.T.);
#2358 = ORIENTED_EDGE('',*,*,#2309,.T.);
#2359 = ORIENTED_EDGE('',*,*,#2360,.F.);
#2360 = EDGE_CURVE('',#113,#2310,#2361,.T.);
#2361 = SURFACE_CURVE('',#2362,(#2366,#2373),.PCURVE_S1.);
#2362 = LINE('',#2363,#2364);
#2363 = CARTESIAN_POINT('',(3.,-11.,-1.5));
#2364 = VECTOR('',#2365,1.);
#2365 = DIRECTION('',(0.,0.,1.));
#2366 = PCURVE('',#1345,#2367);
#2367 = DEFINITIONAL_REPRESENTATION('',(#2368),#2372);
#2368 = LINE('',#2369,#2370);
#2369 = CARTESIAN_POINT('',(0.,3.));
#2370 = VECTOR('',#2371,1.);
#2371 = DIRECTION('',(1.,0.));
#2372 = ( GEOMETRIC_REPRESENTATION_CONTEXT(2) 
PARAMETRIC_REPRESENTATION_CONTEXT() REPRESENTATION_CONTEXT('2D SPACE',''
  ) );
#2373 = PCURVE('',#128,#2374);
#2374 = DEFINITIONAL_REPRESENTATION('',(#2375),#2379);
#2375 = LINE('',#2376,#2377);
#2376 = CARTESIAN_POINT('',(0.,0.));
#2377 = VECTOR('',#2378,1.);
#2378 = DIRECTION('',(1.,0.));
#2379 = ( GEOMETRIC_REPRESENTATION_CONTEXT(2) 
PARAMETRIC_REPRESENTATION_CONTEXT() REPRESENTATION_CONTEXT('2D SPACE',''
  ) );
#2380 = ORIENTED_EDGE('',*,*,#2381,.F.);
#2381 = EDGE_CURVE('',#387,#113,#2382,.T.);
#2382 = SURFACE_CURVE('',#2383,(#2387,#2394),.PCURVE_S1.);
#2383 = LINE('',#2384,#2385);
#2384 = CARTESIAN_POINT('',(3.,-11.,-1.5));
#2385 = VECTOR('',#2386,1.);
#2386 = DIRECTION('',(0.,0.,1.));
#2387 = PCURVE('',#1345,#2388);
#2388 = DEFINITIONAL_REPRESENTATION('',(#2389),#2393);
#2389 = LINE('',#2390,#2391);
#2390 = CARTESIAN_POINT('',(0.,3.));
#2391 = VECTOR('',#2392,1.);
#2392 = DIRECTION('',(1.,0.));
#2393 = ( GEOMETRIC_REPRESENTATION_CONTEXT(2) 
PARAMETRIC_REPRESENTATION_CONTEXT() REPRESENTATION_CONTEXT('2D SPACE',''
  ) );
#2394 = PCURVE('',#156,#2395);
#2395 = DEFINITIONAL_REPRESENTATION('',(#2396),#2400);
#2396 = LINE('',#2397,#2398);
#2397 = CARTESIAN_POINT('',(-1.5,-12.));
#2398 = VECTOR('',#2399,1.);
#2399 = DIRECTION('',(1.,0.));
#2400 = ( GEOMETRIC_REPRESENTATION_CONTEXT(2) 
PARAMETRIC_REPRESENTATION_CONTEXT() REPRESENTATION_CONTEXT('2D SPACE',''
  ) );
#2401 = ORIENTED_EDGE('',*,*,#2402,.F.);
#2402 = EDGE_CURVE('',#2261,#387,#2403,.T.);
#2403 = SURFACE_CURVE('',#2404,(#2408,#2415),.PCURVE_S1.);
#2404 = LINE('',#2405,#2406);
#2405 = CARTESIAN_POINT('',(3.,-11.,-1.5));
#2406 = VECTOR('',#2407,1.);
#2407 = DIRECTION('',(0.,0.,1.));
#2408 = PCURVE('',#1345,#2409);
#2409 = DEFINITIONAL_REPRESENTATION('',(#2410),#2414);
#2410 = LINE('',#2411,#2412);
#2411 = CARTESIAN_POINT('',(0.,3.));
#2412 = VECTOR('',#2413,1.);
#2413 = DIRECTION('',(1.,0.));
#2414 = ( GEOMETRIC_REPRESENTATION_CONTEXT(2) 
PARAMETRIC_REPRESENTATION_CONTEXT() REPRESENTATION_CONTEXT('2D SPACE',''
  ) );
#2415 = PCURVE('',#545,#2416);
#2416 = DEFINITIONAL_REPRESENTATION('',(#2417),#2421);
#2417 = LINE('',#2418,#2419);
#2418 = CARTESIAN_POINT('',(0.,0.));
#2419 = VECTOR('',#2420,1.);
#2420 = DIRECTION('',(1.,0.));
#2421 = ( GEOMETRIC_REPRESENTATION_CONTEXT(2) 
PARAMETRIC_REPRESENTATION_CONTEXT() REPRESENTATION_CONTEXT('2D SPACE',''
  ) );
#2422 = ADVANCED_FACE('',(#2423),#1043,.F.);
#2423 = FACE_BOUND('',#2424,.F.);
#2424 = EDGE_LOOP('',(#2425,#2444));
#2425 = ORIENTED_EDGE('',*,*,#2426,.T.);
#2426 = EDGE_CURVE('',#977,#1027,#2427,.T.);
#2427 = SURFACE_CURVE('',#2428,(#2432,#2438),.PCURVE_S1.);
#2428 = LINE('',#2429,#2430);
#2429 = CARTESIAN_POINT('',(10.95,-4.104875150355,0.));
#2430 = VECTOR('',#2431,1.);
#2431 = DIRECTION('',(0.,0.,1.));
#2432 = PCURVE('',#1043,#2433);
#2433 = DEFINITIONAL_REPRESENTATION('',(#2434),#2437);
#2434 = B_SPLINE_CURVE_WITH_KNOTS('',1,(#2435,#2436),.UNSPECIFIED.,.F.,
  .F.,(2,2),(2.9999994,12.64),.PIECEWISE_BEZIER_KNOTS.);
#2435 = CARTESIAN_POINT('',(-4.104875150355,-4.0000006));
#2436 = CARTESIAN_POINT('',(-4.104875150355,5.64));
#2437 = ( GEOMETRIC_REPRESENTATION_CONTEXT(2) 
PARAMETRIC_REPRESENTATION_CONTEXT() REPRESENTATION_CONTEXT('2D SPACE',''
  ) );
#2438 = PCURVE('',#579,#2439);
#2439 = DEFINITIONAL_REPRESENTATION('',(#2440),#2443);
#2440 = B_SPLINE_CURVE_WITH_KNOTS('',1,(#2441,#2442),.UNSPECIFIED.,.F.,
  .F.,(2,2),(2.9999994,12.64),.PIECEWISE_BEZIER_KNOTS.);
#2441 = CARTESIAN_POINT('',(3.384011224186,2.9999994));
#2442 = CARTESIAN_POINT('',(3.384011224186,12.64));
#2443 = ( GEOMETRIC_REPRESENTATION_CONTEXT(2) 
PARAMETRIC_REPRESENTATION_CONTEXT() REPRESENTATION_CONTEXT('2D SPACE',''
  ) );
#2444 = ORIENTED_EDGE('',*,*,#1026,.T.);
#2445 = ADVANCED_FACE('',(#2446),#915,.F.);
#2446 = FACE_BOUND('',#2447,.F.);
#2447 = EDGE_LOOP('',(#2448,#2449,#2450));
#2448 = ORIENTED_EDGE('',*,*,#898,.T.);
#2449 = ORIENTED_EDGE('',*,*,#1219,.T.);
#2450 = ORIENTED_EDGE('',*,*,#2451,.F.);
#2451 = EDGE_CURVE('',#899,#1056,#2452,.T.);
#2452 = SURFACE_CURVE('',#2453,(#2457,#2463),.PCURVE_S1.);
#2453 = LINE('',#2454,#2455);
#2454 = CARTESIAN_POINT('',(10.95,4.104875150355,0.));
#2455 = VECTOR('',#2456,1.);
#2456 = DIRECTION('',(0.,0.,1.));
#2457 = PCURVE('',#915,#2458);
#2458 = DEFINITIONAL_REPRESENTATION('',(#2459),#2462);
#2459 = B_SPLINE_CURVE_WITH_KNOTS('',1,(#2460,#2461),.UNSPECIFIED.,.F.,
  .F.,(2,2),(2.9999994,12.64),.PIECEWISE_BEZIER_KNOTS.);
#2460 = CARTESIAN_POINT('',(4.104875150355,-4.0000006));
#2461 = CARTESIAN_POINT('',(4.104875150355,5.64));
#2462 = ( GEOMETRIC_REPRESENTATION_CONTEXT(2) 
PARAMETRIC_REPRESENTATION_CONTEXT() REPRESENTATION_CONTEXT('2D SPACE',''
  ) );
#2463 = PCURVE('',#579,#2464);
#2464 = DEFINITIONAL_REPRESENTATION('',(#2465),#2468);
#2465 = B_SPLINE_CURVE_WITH_KNOTS('',1,(#2466,#2467),.UNSPECIFIED.,.F.,
  .F.,(2,2),(2.9999994,12.64),.PIECEWISE_BEZIER_KNOTS.);
#2466 = CARTESIAN_POINT('',(2.899174082994,2.9999994));
#2467 = CARTESIAN_POINT('',(2.899174082994,12.64));
#2468 = ( GEOMETRIC_REPRESENTATION_CONTEXT(2) 
PARAMETRIC_REPRESENTATION_CONTEXT() REPRESENTATION_CONTEXT('2D SPACE',''
  ) );
#2469 = ADVANCED_FACE('',(#2470),#696,.F.);
#2470 = FACE_BOUND('',#2471,.F.);
#2471 = EDGE_LOOP('',(#2472,#2473,#2496,#2524));
#2472 = ORIENTED_EDGE('',*,*,#676,.F.);
#2473 = ORIENTED_EDGE('',*,*,#2474,.T.);
#2474 = EDGE_CURVE('',#650,#2475,#2477,.T.);
#2475 = VERTEX_POINT('',#2476);
#2476 = CARTESIAN_POINT('',(19.,-15.90711061606,16.));
#2477 = SURFACE_CURVE('',#2478,(#2482,#2489),.PCURVE_S1.);
#2478 = LINE('',#2479,#2480);
#2479 = CARTESIAN_POINT('',(19.,-15.90711061606,3.));
#2480 = VECTOR('',#2481,1.);
#2481 = DIRECTION('',(0.,0.,1.));
#2482 = PCURVE('',#696,#2483);
#2483 = DEFINITIONAL_REPRESENTATION('',(#2484),#2488);
#2484 = LINE('',#2485,#2486);
#2485 = CARTESIAN_POINT('',(0.,0.));
#2486 = VECTOR('',#2487,1.);
#2487 = DIRECTION('',(1.,0.));
#2488 = ( GEOMETRIC_REPRESENTATION_CONTEXT(2) 
PARAMETRIC_REPRESENTATION_CONTEXT() REPRESENTATION_CONTEXT('2D SPACE',''
  ) );
#2489 = PCURVE('',#212,#2490);
#2490 = DEFINITIONAL_REPRESENTATION('',(#2491),#2495);
#2491 = LINE('',#2492,#2493);
#2492 = CARTESIAN_POINT('',(3.,-7.092889383933));
#2493 = VECTOR('',#2494,1.);
#2494 = DIRECTION('',(1.,0.));
#2495 = ( GEOMETRIC_REPRESENTATION_CONTEXT(2) 
PARAMETRIC_REPRESENTATION_CONTEXT() REPRESENTATION_CONTEXT('2D SPACE',''
  ) );
#2496 = ORIENTED_EDGE('',*,*,#2497,.T.);
#2497 = EDGE_CURVE('',#2475,#2498,#2500,.T.);
#2498 = VERTEX_POINT('',#2499);
#2499 = CARTESIAN_POINT('',(16.543517715128,-13.08691513355,16.));
#2500 = SURFACE_CURVE('',#2501,(#2505,#2512),.PCURVE_S1.);
#2501 = LINE('',#2502,#2503);
#2502 = CARTESIAN_POINT('',(16.905056323098,-13.50198409425,16.));
#2503 = VECTOR('',#2504,1.);
#2504 = DIRECTION('',(-0.656808566968,0.754057362777,0.));
#2505 = PCURVE('',#696,#2506);
#2506 = DEFINITIONAL_REPRESENTATION('',(#2507),#2511);
#2507 = LINE('',#2508,#2509);
#2508 = CARTESIAN_POINT('',(13.,3.18958031649));
#2509 = VECTOR('',#2510,1.);
#2510 = DIRECTION('',(0.,1.));
#2511 = ( GEOMETRIC_REPRESENTATION_CONTEXT(2) 
PARAMETRIC_REPRESENTATION_CONTEXT() REPRESENTATION_CONTEXT('2D SPACE',''
  ) );
#2512 = PCURVE('',#2513,#2518);
#2513 = PLANE('',#2514);
#2514 = AXIS2_PLACEMENT_3D('',#2515,#2516,#2517);
#2515 = CARTESIAN_POINT('',(27.55,0.,16.));
#2516 = DIRECTION('',(0.,0.,1.));
#2517 = DIRECTION('',(1.,0.,-0.));
#2518 = DEFINITIONAL_REPRESENTATION('',(#2519),#2523);
#2519 = LINE('',#2520,#2521);
#2520 = CARTESIAN_POINT('',(-10.6449436769,-13.50198409425));
#2521 = VECTOR('',#2522,1.);
#2522 = DIRECTION('',(-0.656808566968,0.754057362777));
#2523 = ( GEOMETRIC_REPRESENTATION_CONTEXT(2) 
PARAMETRIC_REPRESENTATION_CONTEXT() REPRESENTATION_CONTEXT('2D SPACE',''
  ) );
#2524 = ORIENTED_EDGE('',*,*,#2525,.F.);
#2525 = EDGE_CURVE('',#677,#2498,#2526,.T.);
#2526 = SURFACE_CURVE('',#2527,(#2531,#2538),.PCURVE_S1.);
#2527 = LINE('',#2528,#2529);
#2528 = CARTESIAN_POINT('',(16.543517715128,-13.08691513355,3.));
#2529 = VECTOR('',#2530,1.);
#2530 = DIRECTION('',(0.,0.,1.));
#2531 = PCURVE('',#696,#2532);
#2532 = DEFINITIONAL_REPRESENTATION('',(#2533),#2537);
#2533 = LINE('',#2534,#2535);
#2534 = CARTESIAN_POINT('',(0.,3.740027777369));
#2535 = VECTOR('',#2536,1.);
#2536 = DIRECTION('',(1.,0.));
#2537 = ( GEOMETRIC_REPRESENTATION_CONTEXT(2) 
PARAMETRIC_REPRESENTATION_CONTEXT() REPRESENTATION_CONTEXT('2D SPACE',''
  ) );
#2538 = PCURVE('',#579,#2539);
#2539 = DEFINITIONAL_REPRESENTATION('',(#2540),#2544);
#2540 = LINE('',#2541,#2542);
#2541 = CARTESIAN_POINT('',(4.01312583515,3.));
#2542 = VECTOR('',#2543,1.);
#2543 = DIRECTION('',(0.,1.));
#2544 = ( GEOMETRIC_REPRESENTATION_CONTEXT(2) 
PARAMETRIC_REPRESENTATION_CONTEXT() REPRESENTATION_CONTEXT('2D SPACE',''
  ) );
#2545 = ADVANCED_FACE('',(#2546),#2513,.T.);
#2546 = FACE_BOUND('',#2547,.T.);
#2547 = EDGE_LOOP('',(#2548,#2573,#2596,#2619,#2643,#2666,#2687,#2688));
#2548 = ORIENTED_EDGE('',*,*,#2549,.F.);
#2549 = EDGE_CURVE('',#2550,#2552,#2554,.T.);
#2550 = VERTEX_POINT('',#2551);
#2551 = CARTESIAN_POINT('',(19.,15.907110616067,16.));
#2552 = VERTEX_POINT('',#2553);
#2553 = CARTESIAN_POINT('',(16.543517715128,13.086915133552,16.));
#2554 = SURFACE_CURVE('',#2555,(#2559,#2566),.PCURVE_S1.);
#2555 = LINE('',#2556,#2557);
#2556 = CARTESIAN_POINT('',(16.905056323098,13.50198409425,16.));
#2557 = VECTOR('',#2558,1.);
#2558 = DIRECTION('',(-0.656808566968,-0.754057362777,0.));
#2559 = PCURVE('',#2513,#2560);
#2560 = DEFINITIONAL_REPRESENTATION('',(#2561),#2565);
#2561 = LINE('',#2562,#2563);
#2562 = CARTESIAN_POINT('',(-10.6449436769,13.50198409425));
#2563 = VECTOR('',#2564,1.);
#2564 = DIRECTION('',(-0.656808566968,-0.754057362777));
#2565 = ( GEOMETRIC_REPRESENTATION_CONTEXT(2) 
PARAMETRIC_REPRESENTATION_CONTEXT() REPRESENTATION_CONTEXT('2D SPACE',''
  ) );
#2566 = PCURVE('',#611,#2567);
#2567 = DEFINITIONAL_REPRESENTATION('',(#2568),#2572);
#2568 = LINE('',#2569,#2570);
#2569 = CARTESIAN_POINT('',(13.,3.18958031649));
#2570 = VECTOR('',#2571,1.);
#2571 = DIRECTION('',(0.,1.));
#2572 = ( GEOMETRIC_REPRESENTATION_CONTEXT(2) 
PARAMETRIC_REPRESENTATION_CONTEXT() REPRESENTATION_CONTEXT('2D SPACE',''
  ) );
#2573 = ORIENTED_EDGE('',*,*,#2574,.F.);
#2574 = EDGE_CURVE('',#2575,#2550,#2577,.T.);
#2575 = VERTEX_POINT('',#2576);
#2576 = CARTESIAN_POINT('',(19.,21.151442512301,16.));
#2577 = SURFACE_CURVE('',#2578,(#2582,#2589),.PCURVE_S1.);
#2578 = LINE('',#2579,#2580);
#2579 = CARTESIAN_POINT('',(19.,21.151442512301,16.));
#2580 = VECTOR('',#2581,1.);
#2581 = DIRECTION('',(0.,-1.,0.));
#2582 = PCURVE('',#2513,#2583);
#2583 = DEFINITIONAL_REPRESENTATION('',(#2584),#2588);
#2584 = LINE('',#2585,#2586);
#2585 = CARTESIAN_POINT('',(-8.55,21.151442512301));
#2586 = VECTOR('',#2587,1.);
#2587 = DIRECTION('',(0.,-1.));
#2588 = ( GEOMETRIC_REPRESENTATION_CONTEXT(2) 
PARAMETRIC_REPRESENTATION_CONTEXT() REPRESENTATION_CONTEXT('2D SPACE',''
  ) );
#2589 = PCURVE('',#44,#2590);
#2590 = DEFINITIONAL_REPRESENTATION('',(#2591),#2595);
#2591 = LINE('',#2592,#2593);
#2592 = CARTESIAN_POINT('',(16.,-44.1514425123));
#2593 = VECTOR('',#2594,1.);
#2594 = DIRECTION('',(0.,1.));
#2595 = ( GEOMETRIC_REPRESENTATION_CONTEXT(2) 
PARAMETRIC_REPRESENTATION_CONTEXT() REPRESENTATION_CONTEXT('2D SPACE',''
  ) );
#2596 = ORIENTED_EDGE('',*,*,#2597,.T.);
#2597 = EDGE_CURVE('',#2575,#2598,#2600,.T.);
#2598 = VERTEX_POINT('',#2599);
#2599 = CARTESIAN_POINT('',(16.327861963506,18.689666072187,16.));
#2600 = SURFACE_CURVE('',#2601,(#2605,#2612),.PCURVE_S1.);
#2601 = LINE('',#2602,#2603);
#2602 = CARTESIAN_POINT('',(16.042239695862,18.42652915349,16.));
#2603 = VECTOR('',#2604,1.);
#2604 = DIRECTION('',(-0.735463264787,-0.677564599244,0.));
#2605 = PCURVE('',#2513,#2606);
#2606 = DEFINITIONAL_REPRESENTATION('',(#2607),#2611);
#2607 = LINE('',#2608,#2609);
#2608 = CARTESIAN_POINT('',(-11.50776030413,18.42652915349));
#2609 = VECTOR('',#2610,1.);
#2610 = DIRECTION('',(-0.735463264787,-0.677564599244));
#2611 = ( GEOMETRIC_REPRESENTATION_CONTEXT(2) 
PARAMETRIC_REPRESENTATION_CONTEXT() REPRESENTATION_CONTEXT('2D SPACE',''
  ) );
#2612 = PCURVE('',#295,#2613);
#2613 = DEFINITIONAL_REPRESENTATION('',(#2614),#2618);
#2614 = LINE('',#2615,#2616);
#2615 = CARTESIAN_POINT('',(0.,4.021628877677));
#2616 = VECTOR('',#2617,1.);
#2617 = DIRECTION('',(0.,1.));
#2618 = ( GEOMETRIC_REPRESENTATION_CONTEXT(2) 
PARAMETRIC_REPRESENTATION_CONTEXT() REPRESENTATION_CONTEXT('2D SPACE',''
  ) );
#2619 = ORIENTED_EDGE('',*,*,#2620,.T.);
#2620 = EDGE_CURVE('',#2598,#2621,#2623,.T.);
#2621 = VERTEX_POINT('',#2622);
#2622 = CARTESIAN_POINT('',(16.327861963506,-18.68966607218,16.));
#2623 = SURFACE_CURVE('',#2624,(#2629,#2636),.PCURVE_S1.);
#2624 = CIRCLE('',#2625,21.8);
#2625 = AXIS2_PLACEMENT_3D('',#2626,#2627,#2628);
#2626 = CARTESIAN_POINT('',(27.55,0.,16.));
#2627 = DIRECTION('',(0.,0.,1.));
#2628 = DIRECTION('',(1.,0.,-0.));
#2629 = PCURVE('',#2513,#2630);
#2630 = DEFINITIONAL_REPRESENTATION('',(#2631),#2635);
#2631 = CIRCLE('',#2632,21.8);
#2632 = AXIS2_PLACEMENT_2D('',#2633,#2634);
#2633 = CARTESIAN_POINT('',(0.,0.));
#2634 = DIRECTION('',(1.,0.));
#2635 = ( GEOMETRIC_REPRESENTATION_CONTEXT(2) 
PARAMETRIC_REPRESENTATION_CONTEXT() REPRESENTATION_CONTEXT('2D SPACE',''
  ) );
#2636 = PCURVE('',#269,#2637);
#2637 = DEFINITIONAL_REPRESENTATION('',(#2638),#2642);
#2638 = LINE('',#2639,#2640);
#2639 = CARTESIAN_POINT('',(0.,0.));
#2640 = VECTOR('',#2641,1.);
#2641 = DIRECTION('',(1.,0.));
#2642 = ( GEOMETRIC_REPRESENTATION_CONTEXT(2) 
PARAMETRIC_REPRESENTATION_CONTEXT() REPRESENTATION_CONTEXT('2D SPACE',''
  ) );
#2643 = ORIENTED_EDGE('',*,*,#2644,.F.);
#2644 = EDGE_CURVE('',#2645,#2621,#2647,.T.);
#2645 = VERTEX_POINT('',#2646);
#2646 = CARTESIAN_POINT('',(19.,-21.1514425123,16.));
#2647 = SURFACE_CURVE('',#2648,(#2652,#2659),.PCURVE_S1.);
#2648 = LINE('',#2649,#2650);
#2649 = CARTESIAN_POINT('',(16.042239695862,-18.42652915349,16.));
#2650 = VECTOR('',#2651,1.);
#2651 = DIRECTION('',(-0.735463264787,0.677564599244,0.));
#2652 = PCURVE('',#2513,#2653);
#2653 = DEFINITIONAL_REPRESENTATION('',(#2654),#2658);
#2654 = LINE('',#2655,#2656);
#2655 = CARTESIAN_POINT('',(-11.50776030413,-18.42652915349));
#2656 = VECTOR('',#2657,1.);
#2657 = DIRECTION('',(-0.735463264787,0.677564599244));
#2658 = ( GEOMETRIC_REPRESENTATION_CONTEXT(2) 
PARAMETRIC_REPRESENTATION_CONTEXT() REPRESENTATION_CONTEXT('2D SPACE',''
  ) );
#2659 = PCURVE('',#240,#2660);
#2660 = DEFINITIONAL_REPRESENTATION('',(#2661),#2665);
#2661 = LINE('',#2662,#2663);
#2662 = CARTESIAN_POINT('',(0.,4.021628877677));
#2663 = VECTOR('',#2664,1.);
#2664 = DIRECTION('',(0.,1.));
#2665 = ( GEOMETRIC_REPRESENTATION_CONTEXT(2) 
PARAMETRIC_REPRESENTATION_CONTEXT() REPRESENTATION_CONTEXT('2D SPACE',''
  ) );
#2666 = ORIENTED_EDGE('',*,*,#2667,.F.);
#2667 = EDGE_CURVE('',#2475,#2645,#2668,.T.);
#2668 = SURFACE_CURVE('',#2669,(#2673,#2680),.PCURVE_S1.);
#2669 = LINE('',#2670,#2671);
#2670 = CARTESIAN_POINT('',(19.,-15.90711061606,16.));
#2671 = VECTOR('',#2672,1.);
#2672 = DIRECTION('',(0.,-1.,0.));
#2673 = PCURVE('',#2513,#2674);
#2674 = DEFINITIONAL_REPRESENTATION('',(#2675),#2679);
#2675 = LINE('',#2676,#2677);
#2676 = CARTESIAN_POINT('',(-8.55,-15.90711061606));
#2677 = VECTOR('',#2678,1.);
#2678 = DIRECTION('',(0.,-1.));
#2679 = ( GEOMETRIC_REPRESENTATION_CONTEXT(2) 
PARAMETRIC_REPRESENTATION_CONTEXT() REPRESENTATION_CONTEXT('2D SPACE',''
  ) );
#2680 = PCURVE('',#212,#2681);
#2681 = DEFINITIONAL_REPRESENTATION('',(#2682),#2686);
#2682 = LINE('',#2683,#2684);
#2683 = CARTESIAN_POINT('',(16.,-7.092889383933));
#2684 = VECTOR('',#2685,1.);
#2685 = DIRECTION('',(0.,1.));
#2686 = ( GEOMETRIC_REPRESENTATION_CONTEXT(2) 
PARAMETRIC_REPRESENTATION_CONTEXT() REPRESENTATION_CONTEXT('2D SPACE',''
  ) );
#2687 = ORIENTED_EDGE('',*,*,#2497,.T.);
#2688 = ORIENTED_EDGE('',*,*,#2689,.F.);
#2689 = EDGE_CURVE('',#2552,#2498,#2690,.T.);
#2690 = SURFACE_CURVE('',#2691,(#2696,#2703),.PCURVE_S1.);
#2691 = CIRCLE('',#2692,17.1);
#2692 = AXIS2_PLACEMENT_3D('',#2693,#2694,#2695);
#2693 = CARTESIAN_POINT('',(27.55,0.,16.));
#2694 = DIRECTION('',(0.,0.,1.));
#2695 = DIRECTION('',(1.,0.,-0.));
#2696 = PCURVE('',#2513,#2697);
#2697 = DEFINITIONAL_REPRESENTATION('',(#2698),#2702);
#2698 = CIRCLE('',#2699,17.1);
#2699 = AXIS2_PLACEMENT_2D('',#2700,#2701);
#2700 = CARTESIAN_POINT('',(0.,0.));
#2701 = DIRECTION('',(1.,0.));
#2702 = ( GEOMETRIC_REPRESENTATION_CONTEXT(2) 
PARAMETRIC_REPRESENTATION_CONTEXT() REPRESENTATION_CONTEXT('2D SPACE',''
  ) );
#2703 = PCURVE('',#579,#2704);
#2704 = DEFINITIONAL_REPRESENTATION('',(#2705),#2709);
#2705 = LINE('',#2706,#2707);
#2706 = CARTESIAN_POINT('',(0.,16.));
#2707 = VECTOR('',#2708,1.);
#2708 = DIRECTION('',(1.,0.));
#2709 = ( GEOMETRIC_REPRESENTATION_CONTEXT(2) 
PARAMETRIC_REPRESENTATION_CONTEXT() REPRESENTATION_CONTEXT('2D SPACE',''
  ) );
#2710 = ADVANCED_FACE('',(#2711),#611,.T.);
#2711 = FACE_BOUND('',#2712,.T.);
#2712 = EDGE_LOOP('',(#2713,#2714,#2735,#2736));
#2713 = ORIENTED_EDGE('',*,*,#591,.F.);
#2714 = ORIENTED_EDGE('',*,*,#2715,.T.);
#2715 = EDGE_CURVE('',#592,#2550,#2716,.T.);
#2716 = SURFACE_CURVE('',#2717,(#2721,#2728),.PCURVE_S1.);
#2717 = LINE('',#2718,#2719);
#2718 = CARTESIAN_POINT('',(19.,15.907110616067,3.));
#2719 = VECTOR('',#2720,1.);
#2720 = DIRECTION('',(0.,0.,1.));
#2721 = PCURVE('',#611,#2722);
#2722 = DEFINITIONAL_REPRESENTATION('',(#2723),#2727);
#2723 = LINE('',#2724,#2725);
#2724 = CARTESIAN_POINT('',(0.,0.));
#2725 = VECTOR('',#2726,1.);
#2726 = DIRECTION('',(1.,0.));
#2727 = ( GEOMETRIC_REPRESENTATION_CONTEXT(2) 
PARAMETRIC_REPRESENTATION_CONTEXT() REPRESENTATION_CONTEXT('2D SPACE',''
  ) );
#2728 = PCURVE('',#44,#2729);
#2729 = DEFINITIONAL_REPRESENTATION('',(#2730),#2734);
#2730 = LINE('',#2731,#2732);
#2731 = CARTESIAN_POINT('',(3.,-38.90711061606));
#2732 = VECTOR('',#2733,1.);
#2733 = DIRECTION('',(1.,0.));
#2734 = ( GEOMETRIC_REPRESENTATION_CONTEXT(2) 
PARAMETRIC_REPRESENTATION_CONTEXT() REPRESENTATION_CONTEXT('2D SPACE',''
  ) );
#2735 = ORIENTED_EDGE('',*,*,#2549,.T.);
#2736 = ORIENTED_EDGE('',*,*,#2737,.F.);
#2737 = EDGE_CURVE('',#561,#2552,#2738,.T.);
#2738 = SURFACE_CURVE('',#2739,(#2743,#2750),.PCURVE_S1.);
#2739 = LINE('',#2740,#2741);
#2740 = CARTESIAN_POINT('',(16.543517715128,13.086915133552,3.));
#2741 = VECTOR('',#2742,1.);
#2742 = DIRECTION('',(0.,0.,1.));
#2743 = PCURVE('',#611,#2744);
#2744 = DEFINITIONAL_REPRESENTATION('',(#2745),#2749);
#2745 = LINE('',#2746,#2747);
#2746 = CARTESIAN_POINT('',(0.,3.740027777369));
#2747 = VECTOR('',#2748,1.);
#2748 = DIRECTION('',(1.,0.));
#2749 = ( GEOMETRIC_REPRESENTATION_CONTEXT(2) 
PARAMETRIC_REPRESENTATION_CONTEXT() REPRESENTATION_CONTEXT('2D SPACE',''
  ) );
#2750 = PCURVE('',#579,#2751);
#2751 = DEFINITIONAL_REPRESENTATION('',(#2752),#2756);
#2752 = LINE('',#2753,#2754);
#2753 = CARTESIAN_POINT('',(2.27005947203,3.));
#2754 = VECTOR('',#2755,1.);
#2755 = DIRECTION('',(0.,1.));
#2756 = ( GEOMETRIC_REPRESENTATION_CONTEXT(2) 
PARAMETRIC_REPRESENTATION_CONTEXT() REPRESENTATION_CONTEXT('2D SPACE',''
  ) );
#2757 = ADVANCED_FACE('',(#2758),#579,.F.);
#2758 = FACE_BOUND('',#2759,.F.);
#2759 = EDGE_LOOP('',(#2760,#2761,#2762,#2763,#2764,#2765,#2766,#2767,
    #2768,#2769));
#2760 = ORIENTED_EDGE('',*,*,#2689,.F.);
#2761 = ORIENTED_EDGE('',*,*,#2737,.F.);
#2762 = ORIENTED_EDGE('',*,*,#560,.T.);
#2763 = ORIENTED_EDGE('',*,*,#927,.F.);
#2764 = ORIENTED_EDGE('',*,*,#2451,.T.);
#2765 = ORIENTED_EDGE('',*,*,#1055,.F.);
#2766 = ORIENTED_EDGE('',*,*,#2426,.F.);
#2767 = ORIENTED_EDGE('',*,*,#976,.F.);
#2768 = ORIENTED_EDGE('',*,*,#708,.T.);
#2769 = ORIENTED_EDGE('',*,*,#2525,.T.);
#2770 = ADVANCED_FACE('',(#2771),#545,.T.);
#2771 = FACE_BOUND('',#2772,.T.);
#2772 = EDGE_LOOP('',(#2773,#2774,#2775,#2776));
#2773 = ORIENTED_EDGE('',*,*,#2402,.F.);
#2774 = ORIENTED_EDGE('',*,*,#2283,.T.);
#2775 = ORIENTED_EDGE('',*,*,#2235,.T.);
#2776 = ORIENTED_EDGE('',*,*,#531,.F.);
#2777 = ADVANCED_FACE('',(#2778),#156,.F.);
#2778 = FACE_BOUND('',#2779,.F.);
#2779 = EDGE_LOOP('',(#2780,#2781,#2782,#2783));
#2780 = ORIENTED_EDGE('',*,*,#140,.F.);
#2781 = ORIENTED_EDGE('',*,*,#340,.F.);
#2782 = ORIENTED_EDGE('',*,*,#386,.T.);
#2783 = ORIENTED_EDGE('',*,*,#2381,.T.);
#2784 = ADVANCED_FACE('',(#2785),#212,.T.);
#2785 = FACE_BOUND('',#2786,.T.);
#2786 = EDGE_LOOP('',(#2787,#2788,#2789,#2790,#2791,#2792,#2793));
#2787 = ORIENTED_EDGE('',*,*,#196,.F.);
#2788 = ORIENTED_EDGE('',*,*,#362,.F.);
#2789 = ORIENTED_EDGE('',*,*,#410,.T.);
#2790 = ORIENTED_EDGE('',*,*,#649,.T.);
#2791 = ORIENTED_EDGE('',*,*,#2474,.T.);
#2792 = ORIENTED_EDGE('',*,*,#2667,.T.);
#2793 = ORIENTED_EDGE('',*,*,#2794,.T.);
#2794 = EDGE_CURVE('',#2645,#197,#2795,.T.);
#2795 = SURFACE_CURVE('',#2796,(#2800,#2807),.PCURVE_S1.);
#2796 = LINE('',#2797,#2798);
#2797 = CARTESIAN_POINT('',(19.,-21.1514425123,16.));
#2798 = VECTOR('',#2799,1.);
#2799 = DIRECTION('',(0.,0.,1.));
#2800 = PCURVE('',#212,#2801);
#2801 = DEFINITIONAL_REPRESENTATION('',(#2802),#2806);
#2802 = LINE('',#2803,#2804);
#2803 = CARTESIAN_POINT('',(16.,-1.848557487699));
#2804 = VECTOR('',#2805,1.);
#2805 = DIRECTION('',(1.,0.));
#2806 = ( GEOMETRIC_REPRESENTATION_CONTEXT(2) 
PARAMETRIC_REPRESENTATION_CONTEXT() REPRESENTATION_CONTEXT('2D SPACE',''
  ) );
#2807 = PCURVE('',#240,#2808);
#2808 = DEFINITIONAL_REPRESENTATION('',(#2809),#2813);
#2809 = LINE('',#2810,#2811);
#2810 = CARTESIAN_POINT('',(0.,0.));
#2811 = VECTOR('',#2812,1.);
#2812 = DIRECTION('',(1.,0.));
#2813 = ( GEOMETRIC_REPRESENTATION_CONTEXT(2) 
PARAMETRIC_REPRESENTATION_CONTEXT() REPRESENTATION_CONTEXT('2D SPACE',''
  ) );
#2814 = ADVANCED_FACE('',(#2815),#128,.T.);
#2815 = FACE_BOUND('',#2816,.T.);
#2816 = EDGE_LOOP('',(#2817,#2818,#2819,#2820));
#2817 = ORIENTED_EDGE('',*,*,#2360,.F.);
#2818 = ORIENTED_EDGE('',*,*,#112,.T.);
#2819 = ORIENTED_EDGE('',*,*,#2193,.T.);
#2820 = ORIENTED_EDGE('',*,*,#2332,.F.);
#2821 = ADVANCED_FACE('',(#2822),#240,.F.);
#2822 = FACE_BOUND('',#2823,.F.);
#2823 = EDGE_LOOP('',(#2824,#2825,#2826,#2827));
#2824 = ORIENTED_EDGE('',*,*,#2644,.F.);
#2825 = ORIENTED_EDGE('',*,*,#2794,.T.);
#2826 = ORIENTED_EDGE('',*,*,#224,.T.);
#2827 = ORIENTED_EDGE('',*,*,#2828,.F.);
#2828 = EDGE_CURVE('',#2621,#225,#2829,.T.);
#2829 = SURFACE_CURVE('',#2830,(#2834,#2841),.PCURVE_S1.);
#2830 = LINE('',#2831,#2832);
#2831 = CARTESIAN_POINT('',(16.327861963506,-18.68966607218,16.));
#2832 = VECTOR('',#2833,1.);
#2833 = DIRECTION('',(0.,0.,1.));
#2834 = PCURVE('',#240,#2835);
#2835 = DEFINITIONAL_REPRESENTATION('',(#2836),#2840);
#2836 = LINE('',#2837,#2838);
#2837 = CARTESIAN_POINT('',(0.,3.633271931356));
#2838 = VECTOR('',#2839,1.);
#2839 = DIRECTION('',(1.,0.));
#2840 = ( GEOMETRIC_REPRESENTATION_CONTEXT(2) 
PARAMETRIC_REPRESENTATION_CONTEXT() REPRESENTATION_CONTEXT('2D SPACE',''
  ) );
#2841 = PCURVE('',#269,#2842);
#2842 = DEFINITIONAL_REPRESENTATION('',(#2843),#2847);
#2843 = LINE('',#2844,#2845);
#2844 = CARTESIAN_POINT('',(4.171641493266,0.));
#2845 = VECTOR('',#2846,1.);
#2846 = DIRECTION('',(0.,1.));
#2847 = ( GEOMETRIC_REPRESENTATION_CONTEXT(2) 
PARAMETRIC_REPRESENTATION_CONTEXT() REPRESENTATION_CONTEXT('2D SPACE',''
  ) );
#2848 = ADVANCED_FACE('',(#2849),#100,.F.);
#2849 = FACE_BOUND('',#2850,.F.);
#2850 = EDGE_LOOP('',(#2851,#2852,#2853,#2854));
#2851 = ORIENTED_EDGE('',*,*,#84,.F.);
#2852 = ORIENTED_EDGE('',*,*,#2214,.F.);
#2853 = ORIENTED_EDGE('',*,*,#508,.T.);
#2854 = ORIENTED_EDGE('',*,*,#2855,.T.);
#2855 = EDGE_CURVE('',#486,#57,#2856,.T.);
#2856 = SURFACE_CURVE('',#2857,(#2861,#2868),.PCURVE_S1.);
#2857 = LINE('',#2858,#2859);
#2858 = CARTESIAN_POINT('',(3.,23.,0.));
#2859 = VECTOR('',#2860,1.);
#2860 = DIRECTION('',(0.,0.,1.));
#2861 = PCURVE('',#100,#2862);
#2862 = DEFINITIONAL_REPRESENTATION('',(#2863),#2867);
#2863 = LINE('',#2864,#2865);
#2864 = CARTESIAN_POINT('',(0.,-46.));
#2865 = VECTOR('',#2866,1.);
#2866 = DIRECTION('',(1.,0.));
#2867 = ( GEOMETRIC_REPRESENTATION_CONTEXT(2) 
PARAMETRIC_REPRESENTATION_CONTEXT() REPRESENTATION_CONTEXT('2D SPACE',''
  ) );
#2868 = PCURVE('',#72,#2869);
#2869 = DEFINITIONAL_REPRESENTATION('',(#2870),#2874);
#2870 = LINE('',#2871,#2872);
#2871 = CARTESIAN_POINT('',(0.,0.));
#2872 = VECTOR('',#2873,1.);
#2873 = DIRECTION('',(1.,0.));
#2874 = ( GEOMETRIC_REPRESENTATION_CONTEXT(2) 
PARAMETRIC_REPRESENTATION_CONTEXT() REPRESENTATION_CONTEXT('2D SPACE',''
  ) );
#2875 = ADVANCED_FACE('',(#2876,#2902),#269,.F.);
#2876 = FACE_BOUND('',#2877,.F.);
#2877 = EDGE_LOOP('',(#2878,#2879,#2900,#2901));
#2878 = ORIENTED_EDGE('',*,*,#252,.F.);
#2879 = ORIENTED_EDGE('',*,*,#2880,.F.);
#2880 = EDGE_CURVE('',#2598,#253,#2881,.T.);
#2881 = SURFACE_CURVE('',#2882,(#2886,#2893),.PCURVE_S1.);
#2882 = LINE('',#2883,#2884);
#2883 = CARTESIAN_POINT('',(16.327861963506,18.689666072187,16.));
#2884 = VECTOR('',#2885,1.);
#2885 = DIRECTION('',(0.,0.,1.));
#2886 = PCURVE('',#269,#2887);
#2887 = DEFINITIONAL_REPRESENTATION('',(#2888),#2892);
#2888 = LINE('',#2889,#2890);
#2889 = CARTESIAN_POINT('',(2.111543813914,0.));
#2890 = VECTOR('',#2891,1.);
#2891 = DIRECTION('',(0.,1.));
#2892 = ( GEOMETRIC_REPRESENTATION_CONTEXT(2) 
PARAMETRIC_REPRESENTATION_CONTEXT() REPRESENTATION_CONTEXT('2D SPACE',''
  ) );
#2893 = PCURVE('',#295,#2894);
#2894 = DEFINITIONAL_REPRESENTATION('',(#2895),#2899);
#2895 = LINE('',#2896,#2897);
#2896 = CARTESIAN_POINT('',(0.,3.633271931356));
#2897 = VECTOR('',#2898,1.);
#2898 = DIRECTION('',(1.,0.));
#2899 = ( GEOMETRIC_REPRESENTATION_CONTEXT(2) 
PARAMETRIC_REPRESENTATION_CONTEXT() REPRESENTATION_CONTEXT('2D SPACE',''
  ) );
#2900 = ORIENTED_EDGE('',*,*,#2620,.T.);
#2901 = ORIENTED_EDGE('',*,*,#2828,.T.);
#2902 = FACE_BOUND('',#2903,.F.);
#2903 = EDGE_LOOP('',(#2904,#2905,#2906,#2907));
#2904 = ORIENTED_EDGE('',*,*,#2099,.F.);
#2905 = ORIENTED_EDGE('',*,*,#1583,.F.);
#2906 = ORIENTED_EDGE('',*,*,#2124,.T.);
#2907 = ORIENTED_EDGE('',*,*,#1842,.F.);
#2908 = ADVANCED_FACE('',(#2909),#72,.T.);
#2909 = FACE_BOUND('',#2910,.T.);
#2910 = EDGE_LOOP('',(#2911,#2912,#2913,#2914));
#2911 = ORIENTED_EDGE('',*,*,#485,.F.);
#2912 = ORIENTED_EDGE('',*,*,#2855,.T.);
#2913 = ORIENTED_EDGE('',*,*,#56,.T.);
#2914 = ORIENTED_EDGE('',*,*,#2915,.F.);
#2915 = EDGE_CURVE('',#463,#24,#2916,.T.);
#2916 = SURFACE_CURVE('',#2917,(#2921,#2928),.PCURVE_S1.);
#2917 = LINE('',#2918,#2919);
#2918 = CARTESIAN_POINT('',(19.,23.,0.));
#2919 = VECTOR('',#2920,1.);
#2920 = DIRECTION('',(0.,0.,1.));
#2921 = PCURVE('',#72,#2922);
#2922 = DEFINITIONAL_REPRESENTATION('',(#2923),#2927);
#2923 = LINE('',#2924,#2925);
#2924 = CARTESIAN_POINT('',(0.,16.));
#2925 = VECTOR('',#2926,1.);
#2926 = DIRECTION('',(1.,0.));
#2927 = ( GEOMETRIC_REPRESENTATION_CONTEXT(2) 
PARAMETRIC_REPRESENTATION_CONTEXT() REPRESENTATION_CONTEXT('2D SPACE',''
  ) );
#2928 = PCURVE('',#44,#2929);
#2929 = DEFINITIONAL_REPRESENTATION('',(#2930),#2934);
#2930 = LINE('',#2931,#2932);
#2931 = CARTESIAN_POINT('',(0.,-46.));
#2932 = VECTOR('',#2933,1.);
#2933 = DIRECTION('',(1.,0.));
#2934 = ( GEOMETRIC_REPRESENTATION_CONTEXT(2) 
PARAMETRIC_REPRESENTATION_CONTEXT() REPRESENTATION_CONTEXT('2D SPACE',''
  ) );
#2935 = ADVANCED_FACE('',(#2936),#295,.T.);
#2936 = FACE_BOUND('',#2937,.T.);
#2937 = EDGE_LOOP('',(#2938,#2939,#2960,#2961));
#2938 = ORIENTED_EDGE('',*,*,#2597,.F.);
#2939 = ORIENTED_EDGE('',*,*,#2940,.T.);
#2940 = EDGE_CURVE('',#2575,#22,#2941,.T.);
#2941 = SURFACE_CURVE('',#2942,(#2946,#2953),.PCURVE_S1.);
#2942 = LINE('',#2943,#2944);
#2943 = CARTESIAN_POINT('',(19.,21.151442512301,16.));
#2944 = VECTOR('',#2945,1.);
#2945 = DIRECTION('',(0.,0.,1.));
#2946 = PCURVE('',#295,#2947);
#2947 = DEFINITIONAL_REPRESENTATION('',(#2948),#2952);
#2948 = LINE('',#2949,#2950);
#2949 = CARTESIAN_POINT('',(0.,0.));
#2950 = VECTOR('',#2951,1.);
#2951 = DIRECTION('',(1.,0.));
#2952 = ( GEOMETRIC_REPRESENTATION_CONTEXT(2) 
PARAMETRIC_REPRESENTATION_CONTEXT() REPRESENTATION_CONTEXT('2D SPACE',''
  ) );
#2953 = PCURVE('',#44,#2954);
#2954 = DEFINITIONAL_REPRESENTATION('',(#2955),#2959);
#2955 = LINE('',#2956,#2957);
#2956 = CARTESIAN_POINT('',(16.,-44.1514425123));
#2957 = VECTOR('',#2958,1.);
#2958 = DIRECTION('',(1.,0.));
#2959 = ( GEOMETRIC_REPRESENTATION_CONTEXT(2) 
PARAMETRIC_REPRESENTATION_CONTEXT() REPRESENTATION_CONTEXT('2D SPACE',''
  ) );
#2960 = ORIENTED_EDGE('',*,*,#281,.T.);
#2961 = ORIENTED_EDGE('',*,*,#2880,.F.);
#2962 = ADVANCED_FACE('',(#2963),#44,.T.);
#2963 = FACE_BOUND('',#2964,.T.);
#2964 = EDGE_LOOP('',(#2965,#2966,#2967,#2968,#2969,#2970,#2971));
#2965 = ORIENTED_EDGE('',*,*,#21,.F.);
#2966 = ORIENTED_EDGE('',*,*,#2940,.F.);
#2967 = ORIENTED_EDGE('',*,*,#2574,.T.);
#2968 = ORIENTED_EDGE('',*,*,#2715,.F.);
#2969 = ORIENTED_EDGE('',*,*,#623,.T.);
#2970 = ORIENTED_EDGE('',*,*,#462,.T.);
#2971 = ORIENTED_EDGE('',*,*,#2915,.T.);
#2972 = ( GEOMETRIC_REPRESENTATION_CONTEXT(3) 
GLOBAL_UNCERTAINTY_ASSIGNED_CONTEXT((#2976)) 
GLOBAL_UNIT_ASSIGNED_CONTEXT((#2973,#2974,#2975)) REPRESENTATION_CONTEXT
('Context #1','3D Context with UNIT and UNCERTAINTY') );
#2973 = ( LENGTH_UNIT() NAMED_UNIT(*) SI_UNIT(.MILLI.,.METRE.) );
#2974 = ( NAMED_UNIT(*) PLANE_ANGLE_UNIT() SI_UNIT($,.RADIAN.) );
#2975 = ( NAMED_UNIT(*) SI_UNIT($,.STERADIAN.) SOLID_ANGLE_UNIT() );
#2976 = UNCERTAINTY_MEASURE_WITH_UNIT(LENGTH_MEASURE(2.E-05),#2973,
  'distance_accuracy_value','confusion accuracy');
#2977 = PRODUCT_RELATED_PRODUCT_CATEGORY('part',$,(#7));
ENDSEC;
END-ISO-10303-21;
