ISO-10303-21;
HEADER;
FILE_DESCRIPTION(('Open CASCADE Model'),'2;1');
FILE_NAME('Open CASCADE Shape Model','2026-09-18T13:08:11',('Author'),(
    'Open CASCADE'),'Open CASCADE STEP processor 7.9','build123d',
  'Unknown');
FILE_SCHEMA(('AUTOMOTIVE_DESIGN { 1 0 10303 214 1 1 1 1 }'));
ENDSEC;
DATA;
#1 = APPLICATION_PROTOCOL_DEFINITION('international standard',
  'automotive_design',2000,#2);
#2 = APPLICATION_CONTEXT(
  'core data for automotive mechanical design processes');
#3 = SHAPE_DEFINITION_REPRESENTATION(#4,#10);
#4 = PRODUCT_DEFINITION_SHAPE('','',#5);
#5 = PRODUCT_DEFINITION('design','',#6,#9);
#6 = PRODUCT_DEFINITION_FORMATION('','',#7);
#7 = PRODUCT('COMPOUND','COMPOUND','',(#8));
#8 = PRODUCT_CONTEXT('',#2,'mechanical');
#9 = PRODUCT_DEFINITION_CONTEXT('part definition',#2,'design');
#10 = ADVANCED_BREP_SHAPE_REPRESENTATION('',(#11,#15),#3028);
#11 = AXIS2_PLACEMENT_3D('',#12,#13,#14);
#12 = CARTESIAN_POINT('',(0.,0.,0.));
#13 = DIRECTION('',(0.,0.,1.));
#14 = DIRECTION('',(1.,0.,-0.));
#15 = MANIFOLD_SOLID_BREP('',#16);
#16 = CLOSED_SHELL('',(#17,#310,#386,#564,#877,#1288,#1347,#1500,#1555,
    #2135,#2160,#2186,#2299,#2348,#2397,#2466,#2491,#2517,#2593,#2766,
    #2813,#2826,#2833,#2840,#2870,#2877,#2904,#2931,#2964,#2991,#3018));
#17 = ADVANCED_FACE('',(#18),#32,.T.);
#18 = FACE_BOUND('',#19,.F.);
#19 = EDGE_LOOP('',(#20,#55,#83,#111,#139,#167,#195,#223,#251,#284));
#20 = ORIENTED_EDGE('',*,*,#21,.T.);
#21 = EDGE_CURVE('',#22,#24,#26,.T.);
#22 = VERTEX_POINT('',#23);
#23 = CARTESIAN_POINT('',(19.,-21.1514425123,34.));
#24 = VERTEX_POINT('',#25);
#25 = CARTESIAN_POINT('',(19.,-23.,34.));
#26 = SURFACE_CURVE('',#27,(#31,#43),.PCURVE_S1.);
#27 = LINE('',#28,#29);
#28 = CARTESIAN_POINT('',(19.,23.,34.));
#29 = VECTOR('',#30,1.);
#30 = DIRECTION('',(-0.,-1.,0.));
#31 = PCURVE('',#32,#37);
#32 = PLANE('',#33);
#33 = AXIS2_PLACEMENT_3D('',#34,#35,#36);
#34 = CARTESIAN_POINT('',(3.,23.,34.));
#35 = DIRECTION('',(-0.,-0.,1.));
#36 = DIRECTION('',(-1.,0.,0.));
#37 = DEFINITIONAL_REPRESENTATION('',(#38),#42);
#38 = LINE('',#39,#40);
#39 = CARTESIAN_POINT('',(-16.,0.));
#40 = VECTOR('',#41,1.);
#41 = DIRECTION('',(-0.,1.));
#42 = ( GEOMETRIC_REPRESENTATION_CONTEXT(2) 
PARAMETRIC_REPRESENTATION_CONTEXT() REPRESENTATION_CONTEXT('2D SPACE',''
  ) );
#43 = PCURVE('',#44,#49);
#44 = PLANE('',#45);
#45 = AXIS2_PLACEMENT_3D('',#46,#47,#48);
#46 = CARTESIAN_POINT('',(19.,23.,0.));
#47 = DIRECTION('',(1.,-0.,-0.));
#48 = DIRECTION('',(0.,0.,-1.));
#49 = DEFINITIONAL_REPRESENTATION('',(#50),#54);
#50 = LINE('',#51,#52);
#51 = CARTESIAN_POINT('',(-34.,0.));
#52 = VECTOR('',#53,1.);
#53 = DIRECTION('',(-0.,-1.));
#54 = ( GEOMETRIC_REPRESENTATION_CONTEXT(2) 
PARAMETRIC_REPRESENTATION_CONTEXT() REPRESENTATION_CONTEXT('2D SPACE',''
  ) );
#55 = ORIENTED_EDGE('',*,*,#56,.F.);
#56 = EDGE_CURVE('',#57,#24,#59,.T.);
#57 = VERTEX_POINT('',#58);
#58 = CARTESIAN_POINT('',(3.,-23.,34.));
#59 = SURFACE_CURVE('',#60,(#64,#71),.PCURVE_S1.);
#60 = LINE('',#61,#62);
#61 = CARTESIAN_POINT('',(3.,-23.,34.));
#62 = VECTOR('',#63,1.);
#63 = DIRECTION('',(1.,-0.,-0.));
#64 = PCURVE('',#32,#65);
#65 = DEFINITIONAL_REPRESENTATION('',(#66),#70);
#66 = LINE('',#67,#68);
#67 = CARTESIAN_POINT('',(-0.,46.));
#68 = VECTOR('',#69,1.);
#69 = DIRECTION('',(-1.,-0.));
#70 = ( GEOMETRIC_REPRESENTATION_CONTEXT(2) 
PARAMETRIC_REPRESENTATION_CONTEXT() REPRESENTATION_CONTEXT('2D SPACE',''
  ) );
#71 = PCURVE('',#72,#77);
#72 = PLANE('',#73);
#73 = AXIS2_PLACEMENT_3D('',#74,#75,#76);
#74 = CARTESIAN_POINT('',(3.,-23.,0.));
#75 = DIRECTION('',(-0.,-1.,0.));
#76 = DIRECTION('',(0.,0.,-1.));
#77 = DEFINITIONAL_REPRESENTATION('',(#78),#82);
#78 = LINE('',#79,#80);
#79 = CARTESIAN_POINT('',(-34.,0.));
#80 = VECTOR('',#81,1.);
#81 = DIRECTION('',(0.,1.));
#82 = ( GEOMETRIC_REPRESENTATION_CONTEXT(2) 
PARAMETRIC_REPRESENTATION_CONTEXT() REPRESENTATION_CONTEXT('2D SPACE',''
  ) );
#83 = ORIENTED_EDGE('',*,*,#84,.F.);
#84 = EDGE_CURVE('',#85,#57,#87,.T.);
#85 = VERTEX_POINT('',#86);
#86 = CARTESIAN_POINT('',(3.,-11.,34.));
#87 = SURFACE_CURVE('',#88,(#92,#99),.PCURVE_S1.);
#88 = LINE('',#89,#90);
#89 = CARTESIAN_POINT('',(3.,23.,34.));
#90 = VECTOR('',#91,1.);
#91 = DIRECTION('',(-0.,-1.,0.));
#92 = PCURVE('',#32,#93);
#93 = DEFINITIONAL_REPRESENTATION('',(#94),#98);
#94 = LINE('',#95,#96);
#95 = CARTESIAN_POINT('',(-0.,0.));
#96 = VECTOR('',#97,1.);
#97 = DIRECTION('',(-0.,1.));
#98 = ( GEOMETRIC_REPRESENTATION_CONTEXT(2) 
PARAMETRIC_REPRESENTATION_CONTEXT() REPRESENTATION_CONTEXT('2D SPACE',''
  ) );
#99 = PCURVE('',#100,#105);
#100 = PLANE('',#101);
#101 = AXIS2_PLACEMENT_3D('',#102,#103,#104);
#102 = CARTESIAN_POINT('',(3.,23.,0.));
#103 = DIRECTION('',(1.,-0.,-0.));
#104 = DIRECTION('',(0.,0.,-1.));
#105 = DEFINITIONAL_REPRESENTATION('',(#106),#110);
#106 = LINE('',#107,#108);
#107 = CARTESIAN_POINT('',(-34.,0.));
#108 = VECTOR('',#109,1.);
#109 = DIRECTION('',(-0.,-1.));
#110 = ( GEOMETRIC_REPRESENTATION_CONTEXT(2) 
PARAMETRIC_REPRESENTATION_CONTEXT() REPRESENTATION_CONTEXT('2D SPACE',''
  ) );
#111 = ORIENTED_EDGE('',*,*,#112,.F.);
#112 = EDGE_CURVE('',#113,#85,#115,.T.);
#113 = VERTEX_POINT('',#114);
#114 = CARTESIAN_POINT('',(3.,11.,34.));
#115 = SURFACE_CURVE('',#116,(#120,#127),.PCURVE_S1.);
#116 = LINE('',#117,#118);
#117 = CARTESIAN_POINT('',(3.,23.,34.));
#118 = VECTOR('',#119,1.);
#119 = DIRECTION('',(-0.,-1.,0.));
#120 = PCURVE('',#32,#121);
#121 = DEFINITIONAL_REPRESENTATION('',(#122),#126);
#122 = LINE('',#123,#124);
#123 = CARTESIAN_POINT('',(-0.,0.));
#124 = VECTOR('',#125,1.);
#125 = DIRECTION('',(-0.,1.));
#126 = ( GEOMETRIC_REPRESENTATION_CONTEXT(2) 
PARAMETRIC_REPRESENTATION_CONTEXT() REPRESENTATION_CONTEXT('2D SPACE',''
  ) );
#127 = PCURVE('',#128,#133);
#128 = PLANE('',#129);
#129 = AXIS2_PLACEMENT_3D('',#130,#131,#132);
#130 = CARTESIAN_POINT('',(3.,11.,-1.5));
#131 = DIRECTION('',(1.,-0.,-0.));
#132 = DIRECTION('',(0.,0.,-1.));
#133 = DEFINITIONAL_REPRESENTATION('',(#134),#138);
#134 = LINE('',#135,#136);
#135 = CARTESIAN_POINT('',(-35.5,12.));
#136 = VECTOR('',#137,1.);
#137 = DIRECTION('',(-0.,-1.));
#138 = ( GEOMETRIC_REPRESENTATION_CONTEXT(2) 
PARAMETRIC_REPRESENTATION_CONTEXT() REPRESENTATION_CONTEXT('2D SPACE',''
  ) );
#139 = ORIENTED_EDGE('',*,*,#140,.F.);
#140 = EDGE_CURVE('',#141,#113,#143,.T.);
#141 = VERTEX_POINT('',#142);
#142 = CARTESIAN_POINT('',(3.,23.,34.));
#143 = SURFACE_CURVE('',#144,(#148,#155),.PCURVE_S1.);
#144 = LINE('',#145,#146);
#145 = CARTESIAN_POINT('',(3.,23.,34.));
#146 = VECTOR('',#147,1.);
#147 = DIRECTION('',(-0.,-1.,0.));
#148 = PCURVE('',#32,#149);
#149 = DEFINITIONAL_REPRESENTATION('',(#150),#154);
#150 = LINE('',#151,#152);
#151 = CARTESIAN_POINT('',(-0.,0.));
#152 = VECTOR('',#153,1.);
#153 = DIRECTION('',(-0.,1.));
#154 = ( GEOMETRIC_REPRESENTATION_CONTEXT(2) 
PARAMETRIC_REPRESENTATION_CONTEXT() REPRESENTATION_CONTEXT('2D SPACE',''
  ) );
#155 = PCURVE('',#156,#161);
#156 = PLANE('',#157);
#157 = AXIS2_PLACEMENT_3D('',#158,#159,#160);
#158 = CARTESIAN_POINT('',(3.,23.,0.));
#159 = DIRECTION('',(1.,-0.,-0.));
#160 = DIRECTION('',(0.,0.,-1.));
#161 = DEFINITIONAL_REPRESENTATION('',(#162),#166);
#162 = LINE('',#163,#164);
#163 = CARTESIAN_POINT('',(-34.,0.));
#164 = VECTOR('',#165,1.);
#165 = DIRECTION('',(-0.,-1.));
#166 = ( GEOMETRIC_REPRESENTATION_CONTEXT(2) 
PARAMETRIC_REPRESENTATION_CONTEXT() REPRESENTATION_CONTEXT('2D SPACE',''
  ) );
#167 = ORIENTED_EDGE('',*,*,#168,.T.);
#168 = EDGE_CURVE('',#141,#169,#171,.T.);
#169 = VERTEX_POINT('',#170);
#170 = CARTESIAN_POINT('',(19.,23.,34.));
#171 = SURFACE_CURVE('',#172,(#176,#183),.PCURVE_S1.);
#172 = LINE('',#173,#174);
#173 = CARTESIAN_POINT('',(3.,23.,34.));
#174 = VECTOR('',#175,1.);
#175 = DIRECTION('',(1.,-0.,-0.));
#176 = PCURVE('',#32,#177);
#177 = DEFINITIONAL_REPRESENTATION('',(#178),#182);
#178 = LINE('',#179,#180);
#179 = CARTESIAN_POINT('',(-0.,0.));
#180 = VECTOR('',#181,1.);
#181 = DIRECTION('',(-1.,-0.));
#182 = ( GEOMETRIC_REPRESENTATION_CONTEXT(2) 
PARAMETRIC_REPRESENTATION_CONTEXT() REPRESENTATION_CONTEXT('2D SPACE',''
  ) );
#183 = PCURVE('',#184,#189);
#184 = PLANE('',#185);
#185 = AXIS2_PLACEMENT_3D('',#186,#187,#188);
#186 = CARTESIAN_POINT('',(3.,23.,0.));
#187 = DIRECTION('',(-0.,-1.,0.));
#188 = DIRECTION('',(0.,0.,-1.));
#189 = DEFINITIONAL_REPRESENTATION('',(#190),#194);
#190 = LINE('',#191,#192);
#191 = CARTESIAN_POINT('',(-34.,0.));
#192 = VECTOR('',#193,1.);
#193 = DIRECTION('',(0.,1.));
#194 = ( GEOMETRIC_REPRESENTATION_CONTEXT(2) 
PARAMETRIC_REPRESENTATION_CONTEXT() REPRESENTATION_CONTEXT('2D SPACE',''
  ) );
#195 = ORIENTED_EDGE('',*,*,#196,.T.);
#196 = EDGE_CURVE('',#169,#197,#199,.T.);
#197 = VERTEX_POINT('',#198);
#198 = CARTESIAN_POINT('',(19.,21.151442512301,34.));
#199 = SURFACE_CURVE('',#200,(#204,#211),.PCURVE_S1.);
#200 = LINE('',#201,#202);
#201 = CARTESIAN_POINT('',(19.,23.,34.));
#202 = VECTOR('',#203,1.);
#203 = DIRECTION('',(-0.,-1.,0.));
#204 = PCURVE('',#32,#205);
#205 = DEFINITIONAL_REPRESENTATION('',(#206),#210);
#206 = LINE('',#207,#208);
#207 = CARTESIAN_POINT('',(-16.,0.));
#208 = VECTOR('',#209,1.);
#209 = DIRECTION('',(-0.,1.));
#210 = ( GEOMETRIC_REPRESENTATION_CONTEXT(2) 
PARAMETRIC_REPRESENTATION_CONTEXT() REPRESENTATION_CONTEXT('2D SPACE',''
  ) );
#211 = PCURVE('',#212,#217);
#212 = PLANE('',#213);
#213 = AXIS2_PLACEMENT_3D('',#214,#215,#216);
#214 = CARTESIAN_POINT('',(19.,23.,0.));
#215 = DIRECTION('',(1.,-0.,-0.));
#216 = DIRECTION('',(0.,0.,-1.));
#217 = DEFINITIONAL_REPRESENTATION('',(#218),#222);
#218 = LINE('',#219,#220);
#219 = CARTESIAN_POINT('',(-34.,0.));
#220 = VECTOR('',#221,1.);
#221 = DIRECTION('',(-0.,-1.));
#222 = ( GEOMETRIC_REPRESENTATION_CONTEXT(2) 
PARAMETRIC_REPRESENTATION_CONTEXT() REPRESENTATION_CONTEXT('2D SPACE',''
  ) );
#223 = ORIENTED_EDGE('',*,*,#224,.T.);
#224 = EDGE_CURVE('',#197,#225,#227,.T.);
#225 = VERTEX_POINT('',#226);
#226 = CARTESIAN_POINT('',(16.327861963506,18.689666072187,34.));
#227 = SURFACE_CURVE('',#228,(#232,#239),.PCURVE_S1.);
#228 = LINE('',#229,#230);
#229 = CARTESIAN_POINT('',(15.133340451877,17.589182162159,34.));
#230 = VECTOR('',#231,1.);
#231 = DIRECTION('',(-0.735463264787,-0.677564599244,0.));
#232 = PCURVE('',#32,#233);
#233 = DEFINITIONAL_REPRESENTATION('',(#234),#238);
#234 = LINE('',#235,#236);
#235 = CARTESIAN_POINT('',(-12.13334045187,5.410817837841));
#236 = VECTOR('',#237,1.);
#237 = DIRECTION('',(0.735463264787,0.677564599244));
#238 = ( GEOMETRIC_REPRESENTATION_CONTEXT(2) 
PARAMETRIC_REPRESENTATION_CONTEXT() REPRESENTATION_CONTEXT('2D SPACE',''
  ) );
#239 = PCURVE('',#240,#245);
#240 = PLANE('',#241);
#241 = AXIS2_PLACEMENT_3D('',#242,#243,#244);
#242 = CARTESIAN_POINT('',(19.,21.151442512301,16.));
#243 = DIRECTION('',(-0.677564599244,0.735463264787,-0.));
#244 = DIRECTION('',(0.,0.,-1.));
#245 = DEFINITIONAL_REPRESENTATION('',(#246),#250);
#246 = LINE('',#247,#248);
#247 = CARTESIAN_POINT('',(-18.,5.25744756163));
#248 = VECTOR('',#249,1.);
#249 = DIRECTION('',(-0.,1.));
#250 = ( GEOMETRIC_REPRESENTATION_CONTEXT(2) 
PARAMETRIC_REPRESENTATION_CONTEXT() REPRESENTATION_CONTEXT('2D SPACE',''
  ) );
#251 = ORIENTED_EDGE('',*,*,#252,.F.);
#252 = EDGE_CURVE('',#253,#225,#255,.T.);
#253 = VERTEX_POINT('',#254);
#254 = CARTESIAN_POINT('',(16.327861963506,-18.68966607218,34.));
#255 = SURFACE_CURVE('',#256,(#261,#272),.PCURVE_S1.);
#256 = CIRCLE('',#257,21.8);
#257 = AXIS2_PLACEMENT_3D('',#258,#259,#260);
#258 = CARTESIAN_POINT('',(27.55,0.,34.));
#259 = DIRECTION('',(-0.,0.,-1.));
#260 = DIRECTION('',(1.,-0.,-0.));
#261 = PCURVE('',#32,#262);
#262 = DEFINITIONAL_REPRESENTATION('',(#263),#271);
#263 = ( BOUNDED_CURVE() B_SPLINE_CURVE(2,(#264,#265,#266,#267,#268,#269
,#270),.UNSPECIFIED.,.T.,.F.) B_SPLINE_CURVE_WITH_KNOTS((1,2,2,2,2,1),(
    -2.094395102393,0.,2.094395102393,4.188790204786,6.28318530718,
8.377580409573),.UNSPECIFIED.) CURVE() GEOMETRIC_REPRESENTATION_ITEM() 
RATIONAL_B_SPLINE_CURVE((1.,0.5,1.,0.5,1.,0.5,1.)) REPRESENTATION_ITEM(
  '') );
#264 = CARTESIAN_POINT('',(-46.35,23.));
#265 = CARTESIAN_POINT('',(-46.35,60.758707605002));
#266 = CARTESIAN_POINT('',(-13.65,41.879353802501));
#267 = CARTESIAN_POINT('',(19.05,23.));
#268 = CARTESIAN_POINT('',(-13.65,4.120646197499));
#269 = CARTESIAN_POINT('',(-46.35,-14.758707605));
#270 = CARTESIAN_POINT('',(-46.35,23.));
#271 = ( GEOMETRIC_REPRESENTATION_CONTEXT(2) 
PARAMETRIC_REPRESENTATION_CONTEXT() REPRESENTATION_CONTEXT('2D SPACE',''
  ) );
#272 = PCURVE('',#273,#278);
#273 = CYLINDRICAL_SURFACE('',#274,21.8);
#274 = AXIS2_PLACEMENT_3D('',#275,#276,#277);
#275 = CARTESIAN_POINT('',(27.55,0.,16.));
#276 = DIRECTION('',(-0.,-0.,1.));
#277 = DIRECTION('',(1.,-0.,-0.));
#278 = DEFINITIONAL_REPRESENTATION('',(#279),#283);
#279 = LINE('',#280,#281);
#280 = CARTESIAN_POINT('',(-0.,18.));
#281 = VECTOR('',#282,1.);
#282 = DIRECTION('',(-1.,0.));
#283 = ( GEOMETRIC_REPRESENTATION_CONTEXT(2) 
PARAMETRIC_REPRESENTATION_CONTEXT() REPRESENTATION_CONTEXT('2D SPACE',''
  ) );
#284 = ORIENTED_EDGE('',*,*,#285,.F.);
#285 = EDGE_CURVE('',#22,#253,#286,.T.);
#286 = SURFACE_CURVE('',#287,(#291,#298),.PCURVE_S1.);
#287 = LINE('',#288,#289);
#288 = CARTESIAN_POINT('',(3.671891389801,-7.030025080736,34.));
#289 = VECTOR('',#290,1.);
#290 = DIRECTION('',(-0.735463264787,0.677564599244,-0.));
#291 = PCURVE('',#32,#292);
#292 = DEFINITIONAL_REPRESENTATION('',(#293),#297);
#293 = LINE('',#294,#295);
#294 = CARTESIAN_POINT('',(-0.671891389801,30.030025080736));
#295 = VECTOR('',#296,1.);
#296 = DIRECTION('',(0.735463264787,-0.677564599244));
#297 = ( GEOMETRIC_REPRESENTATION_CONTEXT(2) 
PARAMETRIC_REPRESENTATION_CONTEXT() REPRESENTATION_CONTEXT('2D SPACE',''
  ) );
#298 = PCURVE('',#299,#304);
#299 = PLANE('',#300);
#300 = AXIS2_PLACEMENT_3D('',#301,#302,#303);
#301 = CARTESIAN_POINT('',(19.,-21.1514425123,16.));
#302 = DIRECTION('',(0.677564599244,0.735463264787,-0.));
#303 = DIRECTION('',(0.,0.,-1.));
#304 = DEFINITIONAL_REPRESENTATION('',(#305),#309);
#305 = LINE('',#306,#307);
#306 = CARTESIAN_POINT('',(-18.,20.841433344244));
#307 = VECTOR('',#308,1.);
#308 = DIRECTION('',(-0.,1.));
#309 = ( GEOMETRIC_REPRESENTATION_CONTEXT(2) 
PARAMETRIC_REPRESENTATION_CONTEXT() REPRESENTATION_CONTEXT('2D SPACE',''
  ) );
#310 = ADVANCED_FACE('',(#311),#184,.F.);
#311 = FACE_BOUND('',#312,.T.);
#312 = EDGE_LOOP('',(#313,#343,#364,#365));
#313 = ORIENTED_EDGE('',*,*,#314,.F.);
#314 = EDGE_CURVE('',#315,#317,#319,.T.);
#315 = VERTEX_POINT('',#316);
#316 = CARTESIAN_POINT('',(3.,23.,0.));
#317 = VERTEX_POINT('',#318);
#318 = CARTESIAN_POINT('',(19.,23.,0.));
#319 = SURFACE_CURVE('',#320,(#324,#331),.PCURVE_S1.);
#320 = LINE('',#321,#322);
#321 = CARTESIAN_POINT('',(3.,23.,0.));
#322 = VECTOR('',#323,1.);
#323 = DIRECTION('',(1.,-0.,-0.));
#324 = PCURVE('',#184,#325);
#325 = DEFINITIONAL_REPRESENTATION('',(#326),#330);
#326 = LINE('',#327,#328);
#327 = CARTESIAN_POINT('',(-0.,0.));
#328 = VECTOR('',#329,1.);
#329 = DIRECTION('',(0.,1.));
#330 = ( GEOMETRIC_REPRESENTATION_CONTEXT(2) 
PARAMETRIC_REPRESENTATION_CONTEXT() REPRESENTATION_CONTEXT('2D SPACE',''
  ) );
#331 = PCURVE('',#332,#337);
#332 = PLANE('',#333);
#333 = AXIS2_PLACEMENT_3D('',#334,#335,#336);
#334 = CARTESIAN_POINT('',(3.,23.,0.));
#335 = DIRECTION('',(-0.,-0.,1.));
#336 = DIRECTION('',(-1.,0.,0.));
#337 = DEFINITIONAL_REPRESENTATION('',(#338),#342);
#338 = LINE('',#339,#340);
#339 = CARTESIAN_POINT('',(-0.,0.));
#340 = VECTOR('',#341,1.);
#341 = DIRECTION('',(-1.,-0.));
#342 = ( GEOMETRIC_REPRESENTATION_CONTEXT(2) 
PARAMETRIC_REPRESENTATION_CONTEXT() REPRESENTATION_CONTEXT('2D SPACE',''
  ) );
#343 = ORIENTED_EDGE('',*,*,#344,.T.);
#344 = EDGE_CURVE('',#315,#141,#345,.T.);
#345 = SURFACE_CURVE('',#346,(#350,#357),.PCURVE_S1.);
#346 = LINE('',#347,#348);
#347 = CARTESIAN_POINT('',(3.,23.,0.));
#348 = VECTOR('',#349,1.);
#349 = DIRECTION('',(-0.,-0.,1.));
#350 = PCURVE('',#184,#351);
#351 = DEFINITIONAL_REPRESENTATION('',(#352),#356);
#352 = LINE('',#353,#354);
#353 = CARTESIAN_POINT('',(-0.,0.));
#354 = VECTOR('',#355,1.);
#355 = DIRECTION('',(-1.,0.));
#356 = ( GEOMETRIC_REPRESENTATION_CONTEXT(2) 
PARAMETRIC_REPRESENTATION_CONTEXT() REPRESENTATION_CONTEXT('2D SPACE',''
  ) );
#357 = PCURVE('',#156,#358);
#358 = DEFINITIONAL_REPRESENTATION('',(#359),#363);
#359 = LINE('',#360,#361);
#360 = CARTESIAN_POINT('',(-0.,0.));
#361 = VECTOR('',#362,1.);
#362 = DIRECTION('',(-1.,0.));
#363 = ( GEOMETRIC_REPRESENTATION_CONTEXT(2) 
PARAMETRIC_REPRESENTATION_CONTEXT() REPRESENTATION_CONTEXT('2D SPACE',''
  ) );
#364 = ORIENTED_EDGE('',*,*,#168,.T.);
#365 = ORIENTED_EDGE('',*,*,#366,.F.);
#366 = EDGE_CURVE('',#317,#169,#367,.T.);
#367 = SURFACE_CURVE('',#368,(#372,#379),.PCURVE_S1.);
#368 = LINE('',#369,#370);
#369 = CARTESIAN_POINT('',(19.,23.,0.));
#370 = VECTOR('',#371,1.);
#371 = DIRECTION('',(-0.,-0.,1.));
#372 = PCURVE('',#184,#373);
#373 = DEFINITIONAL_REPRESENTATION('',(#374),#378);
#374 = LINE('',#375,#376);
#375 = CARTESIAN_POINT('',(-0.,16.));
#376 = VECTOR('',#377,1.);
#377 = DIRECTION('',(-1.,0.));
#378 = ( GEOMETRIC_REPRESENTATION_CONTEXT(2) 
PARAMETRIC_REPRESENTATION_CONTEXT() REPRESENTATION_CONTEXT('2D SPACE',''
  ) );
#379 = PCURVE('',#212,#380);
#380 = DEFINITIONAL_REPRESENTATION('',(#381),#385);
#381 = LINE('',#382,#383);
#382 = CARTESIAN_POINT('',(-0.,0.));
#383 = VECTOR('',#384,1.);
#384 = DIRECTION('',(-1.,0.));
#385 = ( GEOMETRIC_REPRESENTATION_CONTEXT(2) 
PARAMETRIC_REPRESENTATION_CONTEXT() REPRESENTATION_CONTEXT('2D SPACE',''
  ) );
#386 = ADVANCED_FACE('',(#387),#332,.F.);
#387 = FACE_BOUND('',#388,.T.);
#388 = EDGE_LOOP('',(#389,#412,#413,#436,#469,#492,#515,#538));
#389 = ORIENTED_EDGE('',*,*,#390,.F.);
#390 = EDGE_CURVE('',#315,#391,#393,.T.);
#391 = VERTEX_POINT('',#392);
#392 = CARTESIAN_POINT('',(3.,11.,0.));
#393 = SURFACE_CURVE('',#394,(#398,#405),.PCURVE_S1.);
#394 = LINE('',#395,#396);
#395 = CARTESIAN_POINT('',(3.,23.,0.));
#396 = VECTOR('',#397,1.);
#397 = DIRECTION('',(-0.,-1.,0.));
#398 = PCURVE('',#332,#399);
#399 = DEFINITIONAL_REPRESENTATION('',(#400),#404);
#400 = LINE('',#401,#402);
#401 = CARTESIAN_POINT('',(-0.,0.));
#402 = VECTOR('',#403,1.);
#403 = DIRECTION('',(-0.,1.));
#404 = ( GEOMETRIC_REPRESENTATION_CONTEXT(2) 
PARAMETRIC_REPRESENTATION_CONTEXT() REPRESENTATION_CONTEXT('2D SPACE',''
  ) );
#405 = PCURVE('',#156,#406);
#406 = DEFINITIONAL_REPRESENTATION('',(#407),#411);
#407 = LINE('',#408,#409);
#408 = CARTESIAN_POINT('',(-0.,0.));
#409 = VECTOR('',#410,1.);
#410 = DIRECTION('',(-0.,-1.));
#411 = ( GEOMETRIC_REPRESENTATION_CONTEXT(2) 
PARAMETRIC_REPRESENTATION_CONTEXT() REPRESENTATION_CONTEXT('2D SPACE',''
  ) );
#412 = ORIENTED_EDGE('',*,*,#314,.T.);
#413 = ORIENTED_EDGE('',*,*,#414,.T.);
#414 = EDGE_CURVE('',#317,#415,#417,.T.);
#415 = VERTEX_POINT('',#416);
#416 = CARTESIAN_POINT('',(19.,18.190863091123,0.));
#417 = SURFACE_CURVE('',#418,(#422,#429),.PCURVE_S1.);
#418 = LINE('',#419,#420);
#419 = CARTESIAN_POINT('',(19.,23.,0.));
#420 = VECTOR('',#421,1.);
#421 = DIRECTION('',(-0.,-1.,0.));
#422 = PCURVE('',#332,#423);
#423 = DEFINITIONAL_REPRESENTATION('',(#424),#428);
#424 = LINE('',#425,#426);
#425 = CARTESIAN_POINT('',(-16.,0.));
#426 = VECTOR('',#427,1.);
#427 = DIRECTION('',(-0.,1.));
#428 = ( GEOMETRIC_REPRESENTATION_CONTEXT(2) 
PARAMETRIC_REPRESENTATION_CONTEXT() REPRESENTATION_CONTEXT('2D SPACE',''
  ) );
#429 = PCURVE('',#212,#430);
#430 = DEFINITIONAL_REPRESENTATION('',(#431),#435);
#431 = LINE('',#432,#433);
#432 = CARTESIAN_POINT('',(-0.,0.));
#433 = VECTOR('',#434,1.);
#434 = DIRECTION('',(-0.,-1.));
#435 = ( GEOMETRIC_REPRESENTATION_CONTEXT(2) 
PARAMETRIC_REPRESENTATION_CONTEXT() REPRESENTATION_CONTEXT('2D SPACE',''
  ) );
#436 = ORIENTED_EDGE('',*,*,#437,.F.);
#437 = EDGE_CURVE('',#438,#415,#440,.T.);
#438 = VERTEX_POINT('',#439);
#439 = CARTESIAN_POINT('',(19.,-18.19086309112,0.));
#440 = SURFACE_CURVE('',#441,(#446,#457),.PCURVE_S1.);
#441 = CIRCLE('',#442,20.1);
#442 = AXIS2_PLACEMENT_3D('',#443,#444,#445);
#443 = CARTESIAN_POINT('',(27.55,0.,0.));
#444 = DIRECTION('',(-0.,0.,-1.));
#445 = DIRECTION('',(1.,-0.,-0.));
#446 = PCURVE('',#332,#447);
#447 = DEFINITIONAL_REPRESENTATION('',(#448),#456);
#448 = ( BOUNDED_CURVE() B_SPLINE_CURVE(2,(#449,#450,#451,#452,#453,#454
,#455),.UNSPECIFIED.,.T.,.F.) B_SPLINE_CURVE_WITH_KNOTS((1,2,2,2,2,1),(
    -2.094395102393,0.,2.094395102393,4.188790204786,6.28318530718,
8.377580409573),.UNSPECIFIED.) CURVE() GEOMETRIC_REPRESENTATION_ITEM() 
RATIONAL_B_SPLINE_CURVE((1.,0.5,1.,0.5,1.,0.5,1.)) REPRESENTATION_ITEM(
  '') );
#449 = CARTESIAN_POINT('',(-44.65,23.));
#450 = CARTESIAN_POINT('',(-44.65,57.814221232134));
#451 = CARTESIAN_POINT('',(-14.5,40.407110616067));
#452 = CARTESIAN_POINT('',(15.65,23.));
#453 = CARTESIAN_POINT('',(-14.5,5.592889383933));
#454 = CARTESIAN_POINT('',(-44.65,-11.81422123213));
#455 = CARTESIAN_POINT('',(-44.65,23.));
#456 = ( GEOMETRIC_REPRESENTATION_CONTEXT(2) 
PARAMETRIC_REPRESENTATION_CONTEXT() REPRESENTATION_CONTEXT('2D SPACE',''
  ) );
#457 = PCURVE('',#458,#463);
#458 = CONICAL_SURFACE('',#459,20.1,0.785398163397);
#459 = AXIS2_PLACEMENT_3D('',#460,#461,#462);
#460 = CARTESIAN_POINT('',(27.55,0.,0.));
#461 = DIRECTION('',(0.,0.,-1.));
#462 = DIRECTION('',(1.,-0.,-0.));
#463 = DEFINITIONAL_REPRESENTATION('',(#464),#468);
#464 = LINE('',#465,#466);
#465 = CARTESIAN_POINT('',(0.,-0.));
#466 = VECTOR('',#467,1.);
#467 = DIRECTION('',(1.,-0.));
#468 = ( GEOMETRIC_REPRESENTATION_CONTEXT(2) 
PARAMETRIC_REPRESENTATION_CONTEXT() REPRESENTATION_CONTEXT('2D SPACE',''
  ) );
#469 = ORIENTED_EDGE('',*,*,#470,.T.);
#470 = EDGE_CURVE('',#438,#471,#473,.T.);
#471 = VERTEX_POINT('',#472);
#472 = CARTESIAN_POINT('',(19.,-23.,0.));
#473 = SURFACE_CURVE('',#474,(#478,#485),.PCURVE_S1.);
#474 = LINE('',#475,#476);
#475 = CARTESIAN_POINT('',(19.,23.,0.));
#476 = VECTOR('',#477,1.);
#477 = DIRECTION('',(-0.,-1.,0.));
#478 = PCURVE('',#332,#479);
#479 = DEFINITIONAL_REPRESENTATION('',(#480),#484);
#480 = LINE('',#481,#482);
#481 = CARTESIAN_POINT('',(-16.,0.));
#482 = VECTOR('',#483,1.);
#483 = DIRECTION('',(-0.,1.));
#484 = ( GEOMETRIC_REPRESENTATION_CONTEXT(2) 
PARAMETRIC_REPRESENTATION_CONTEXT() REPRESENTATION_CONTEXT('2D SPACE',''
  ) );
#485 = PCURVE('',#44,#486);
#486 = DEFINITIONAL_REPRESENTATION('',(#487),#491);
#487 = LINE('',#488,#489);
#488 = CARTESIAN_POINT('',(-0.,0.));
#489 = VECTOR('',#490,1.);
#490 = DIRECTION('',(-0.,-1.));
#491 = ( GEOMETRIC_REPRESENTATION_CONTEXT(2) 
PARAMETRIC_REPRESENTATION_CONTEXT() REPRESENTATION_CONTEXT('2D SPACE',''
  ) );
#492 = ORIENTED_EDGE('',*,*,#493,.F.);
#493 = EDGE_CURVE('',#494,#471,#496,.T.);
#494 = VERTEX_POINT('',#495);
#495 = CARTESIAN_POINT('',(3.,-23.,0.));
#496 = SURFACE_CURVE('',#497,(#501,#508),.PCURVE_S1.);
#497 = LINE('',#498,#499);
#498 = CARTESIAN_POINT('',(3.,-23.,0.));
#499 = VECTOR('',#500,1.);
#500 = DIRECTION('',(1.,-0.,-0.));
#501 = PCURVE('',#332,#502);
#502 = DEFINITIONAL_REPRESENTATION('',(#503),#507);
#503 = LINE('',#504,#505);
#504 = CARTESIAN_POINT('',(-0.,46.));
#505 = VECTOR('',#506,1.);
#506 = DIRECTION('',(-1.,-0.));
#507 = ( GEOMETRIC_REPRESENTATION_CONTEXT(2) 
PARAMETRIC_REPRESENTATION_CONTEXT() REPRESENTATION_CONTEXT('2D SPACE',''
  ) );
#508 = PCURVE('',#72,#509);
#509 = DEFINITIONAL_REPRESENTATION('',(#510),#514);
#510 = LINE('',#511,#512);
#511 = CARTESIAN_POINT('',(-0.,0.));
#512 = VECTOR('',#513,1.);
#513 = DIRECTION('',(0.,1.));
#514 = ( GEOMETRIC_REPRESENTATION_CONTEXT(2) 
PARAMETRIC_REPRESENTATION_CONTEXT() REPRESENTATION_CONTEXT('2D SPACE',''
  ) );
#515 = ORIENTED_EDGE('',*,*,#516,.F.);
#516 = EDGE_CURVE('',#517,#494,#519,.T.);
#517 = VERTEX_POINT('',#518);
#518 = CARTESIAN_POINT('',(3.,-11.,0.));
#519 = SURFACE_CURVE('',#520,(#524,#531),.PCURVE_S1.);
#520 = LINE('',#521,#522);
#521 = CARTESIAN_POINT('',(3.,23.,0.));
#522 = VECTOR('',#523,1.);
#523 = DIRECTION('',(-0.,-1.,0.));
#524 = PCURVE('',#332,#525);
#525 = DEFINITIONAL_REPRESENTATION('',(#526),#530);
#526 = LINE('',#527,#528);
#527 = CARTESIAN_POINT('',(-0.,0.));
#528 = VECTOR('',#529,1.);
#529 = DIRECTION('',(-0.,1.));
#530 = ( GEOMETRIC_REPRESENTATION_CONTEXT(2) 
PARAMETRIC_REPRESENTATION_CONTEXT() REPRESENTATION_CONTEXT('2D SPACE',''
  ) );
#531 = PCURVE('',#100,#532);
#532 = DEFINITIONAL_REPRESENTATION('',(#533),#537);
#533 = LINE('',#534,#535);
#534 = CARTESIAN_POINT('',(-0.,0.));
#535 = VECTOR('',#536,1.);
#536 = DIRECTION('',(-0.,-1.));
#537 = ( GEOMETRIC_REPRESENTATION_CONTEXT(2) 
PARAMETRIC_REPRESENTATION_CONTEXT() REPRESENTATION_CONTEXT('2D SPACE',''
  ) );
#538 = ORIENTED_EDGE('',*,*,#539,.F.);
#539 = EDGE_CURVE('',#391,#517,#540,.T.);
#540 = SURFACE_CURVE('',#541,(#545,#552),.PCURVE_S1.);
#541 = LINE('',#542,#543);
#542 = CARTESIAN_POINT('',(3.,23.,0.));
#543 = VECTOR('',#544,1.);
#544 = DIRECTION('',(-0.,-1.,0.));
#545 = PCURVE('',#332,#546);
#546 = DEFINITIONAL_REPRESENTATION('',(#547),#551);
#547 = LINE('',#548,#549);
#548 = CARTESIAN_POINT('',(-0.,0.));
#549 = VECTOR('',#550,1.);
#550 = DIRECTION('',(-0.,1.));
#551 = ( GEOMETRIC_REPRESENTATION_CONTEXT(2) 
PARAMETRIC_REPRESENTATION_CONTEXT() REPRESENTATION_CONTEXT('2D SPACE',''
  ) );
#552 = PCURVE('',#553,#558);
#553 = PLANE('',#554);
#554 = AXIS2_PLACEMENT_3D('',#555,#556,#557);
#555 = CARTESIAN_POINT('',(3.,11.,-1.5));
#556 = DIRECTION('',(1.,-0.,-0.));
#557 = DIRECTION('',(0.,0.,-1.));
#558 = DEFINITIONAL_REPRESENTATION('',(#559),#563);
#559 = LINE('',#560,#561);
#560 = CARTESIAN_POINT('',(-1.5,12.));
#561 = VECTOR('',#562,1.);
#562 = DIRECTION('',(-0.,-1.));
#563 = ( GEOMETRIC_REPRESENTATION_CONTEXT(2) 
PARAMETRIC_REPRESENTATION_CONTEXT() REPRESENTATION_CONTEXT('2D SPACE',''
  ) );
#564 = ADVANCED_FACE('',(#565),#458,.F.);
#565 = FACE_BOUND('',#566,.T.);
#566 = EDGE_LOOP('',(#567,#598,#630,#655,#656,#683,#715,#739));
#567 = ORIENTED_EDGE('',*,*,#568,.F.);
#568 = EDGE_CURVE('',#569,#571,#573,.T.);
#569 = VERTEX_POINT('',#570);
#570 = CARTESIAN_POINT('',(16.543517715128,-13.08691513355,3.));
#571 = VERTEX_POINT('',#572);
#572 = CARTESIAN_POINT('',(10.513882243491,-1.476716555862,3.));
#573 = SURFACE_CURVE('',#574,(#579,#586),.PCURVE_S1.);
#574 = CIRCLE('',#575,17.1);
#575 = AXIS2_PLACEMENT_3D('',#576,#577,#578);
#576 = CARTESIAN_POINT('',(27.55,0.,3.));
#577 = DIRECTION('',(-0.,0.,-1.));
#578 = DIRECTION('',(1.,-0.,-0.));
#579 = PCURVE('',#458,#580);
#580 = DEFINITIONAL_REPRESENTATION('',(#581),#585);
#581 = LINE('',#582,#583);
#582 = CARTESIAN_POINT('',(0.,-3.));
#583 = VECTOR('',#584,1.);
#584 = DIRECTION('',(1.,-0.));
#585 = ( GEOMETRIC_REPRESENTATION_CONTEXT(2) 
PARAMETRIC_REPRESENTATION_CONTEXT() REPRESENTATION_CONTEXT('2D SPACE',''
  ) );
#586 = PCURVE('',#587,#592);
#587 = CYLINDRICAL_SURFACE('',#588,17.1);
#588 = AXIS2_PLACEMENT_3D('',#589,#590,#591);
#589 = CARTESIAN_POINT('',(27.55,0.,0.));
#590 = DIRECTION('',(-0.,-0.,1.));
#591 = DIRECTION('',(1.,-0.,-0.));
#592 = DEFINITIONAL_REPRESENTATION('',(#593),#597);
#593 = LINE('',#594,#595);
#594 = CARTESIAN_POINT('',(-0.,3.));
#595 = VECTOR('',#596,1.);
#596 = DIRECTION('',(-1.,0.));
#597 = ( GEOMETRIC_REPRESENTATION_CONTEXT(2) 
PARAMETRIC_REPRESENTATION_CONTEXT() REPRESENTATION_CONTEXT('2D SPACE',''
  ) );
#598 = ORIENTED_EDGE('',*,*,#599,.F.);
#599 = EDGE_CURVE('',#600,#569,#602,.T.);
#600 = VERTEX_POINT('',#601);
#601 = CARTESIAN_POINT('',(19.,-15.90711061606,2.040690263695));
#602 = SURFACE_CURVE('',#603,(#608,#618),.PCURVE_S1.);
#603 = HYPERBOLA('',#604,16.895116980075,16.895116980075);
#604 = AXIS2_PLACEMENT_3D('',#605,#606,#607);
#605 = CARTESIAN_POINT('',(14.810112646197,-11.09685757243,20.1));
#606 = DIRECTION('',(0.754057362777,0.656808566968,0.));
#607 = DIRECTION('',(0.,-0.,-1.));
#608 = PCURVE('',#458,#609);
#609 = DEFINITIONAL_REPRESENTATION('',(#610),#617);
#610 = B_SPLINE_CURVE_WITH_KNOTS('',5,(#611,#612,#613,#614,#615,#616),
  .UNSPECIFIED.,.F.,.F.,(6,6),(-0.369133901075,-0.155578460665),
  .PIECEWISE_BEZIER_KNOTS.);
#611 = CARTESIAN_POINT('',(2.063988474111,-2.040690263695));
#612 = CARTESIAN_POINT('',(2.103946193427,-2.313151155379));
#613 = CARTESIAN_POINT('',(2.144657429761,-2.544431520375));
#614 = CARTESIAN_POINT('',(2.18600845767,-2.735566511737));
#615 = CARTESIAN_POINT('',(2.227860125276,-2.887279764144));
#616 = CARTESIAN_POINT('',(2.27005947203,-3.));
#617 = ( GEOMETRIC_REPRESENTATION_CONTEXT(2) 
PARAMETRIC_REPRESENTATION_CONTEXT() REPRESENTATION_CONTEXT('2D SPACE',''
  ) );
#618 = PCURVE('',#619,#624);
#619 = PLANE('',#620);
#620 = AXIS2_PLACEMENT_3D('',#621,#622,#623);
#621 = CARTESIAN_POINT('',(19.,-15.90711061606,3.));
#622 = DIRECTION('',(0.754057362777,0.656808566968,-0.));
#623 = DIRECTION('',(0.,0.,-1.));
#624 = DEFINITIONAL_REPRESENTATION('',(#625),#629);
#625 = HYPERBOLA('',#626,16.895116980075,16.895116980075);
#626 = AXIS2_PLACEMENT_2D('',#627,#628);
#627 = CARTESIAN_POINT('',(-17.1,6.37916063298));
#628 = DIRECTION('',(1.,-0.));
#629 = ( GEOMETRIC_REPRESENTATION_CONTEXT(2) 
PARAMETRIC_REPRESENTATION_CONTEXT() REPRESENTATION_CONTEXT('2D SPACE',''
  ) );
#630 = ORIENTED_EDGE('',*,*,#631,.T.);
#631 = EDGE_CURVE('',#600,#438,#632,.T.);
#632 = SURFACE_CURVE('',#633,(#638,#648),.PCURVE_S1.);
#633 = HYPERBOLA('',#634,8.55,8.55);
#634 = AXIS2_PLACEMENT_3D('',#635,#636,#637);
#635 = CARTESIAN_POINT('',(19.,0.,20.1));
#636 = DIRECTION('',(-1.,0.,0.));
#637 = DIRECTION('',(-0.,-0.,-1.));
#638 = PCURVE('',#458,#639);
#639 = DEFINITIONAL_REPRESENTATION('',(#640),#647);
#640 = B_SPLINE_CURVE_WITH_KNOTS('',5,(#641,#642,#643,#644,#645,#646),
  .UNSPECIFIED.,.F.,.F.,(6,6),(1.316957896925,1.499280023188),
  .PIECEWISE_BEZIER_KNOTS.);
#641 = CARTESIAN_POINT('',(2.094395102393,-3.));
#642 = CARTESIAN_POINT('',(2.076162889767,-2.459997071885));
#643 = CARTESIAN_POINT('',(2.058650376573,-1.891572803423));
#644 = CARTESIAN_POINT('',(2.041832290841,-1.293231191305));
#645 = CARTESIAN_POINT('',(2.025681454233,-0.663319367468));
#646 = CARTESIAN_POINT('',(2.010170467371,1.7763568394E-15));
#647 = ( GEOMETRIC_REPRESENTATION_CONTEXT(2) 
PARAMETRIC_REPRESENTATION_CONTEXT() REPRESENTATION_CONTEXT('2D SPACE',''
  ) );
#648 = PCURVE('',#44,#649);
#649 = DEFINITIONAL_REPRESENTATION('',(#650),#654);
#650 = HYPERBOLA('',#651,8.55,8.55);
#651 = AXIS2_PLACEMENT_2D('',#652,#653);
#652 = CARTESIAN_POINT('',(-20.1,-23.));
#653 = DIRECTION('',(1.,-0.));
#654 = ( GEOMETRIC_REPRESENTATION_CONTEXT(2) 
PARAMETRIC_REPRESENTATION_CONTEXT() REPRESENTATION_CONTEXT('2D SPACE',''
  ) );
#655 = ORIENTED_EDGE('',*,*,#437,.T.);
#656 = ORIENTED_EDGE('',*,*,#657,.T.);
#657 = EDGE_CURVE('',#415,#658,#660,.T.);
#658 = VERTEX_POINT('',#659);
#659 = CARTESIAN_POINT('',(19.,15.907110616067,2.040690263695));
#660 = SURFACE_CURVE('',#661,(#666,#676),.PCURVE_S1.);
#661 = HYPERBOLA('',#662,8.55,8.55);
#662 = AXIS2_PLACEMENT_3D('',#663,#664,#665);
#663 = CARTESIAN_POINT('',(19.,0.,20.1));
#664 = DIRECTION('',(-1.,0.,0.));
#665 = DIRECTION('',(-0.,-0.,-1.));
#666 = PCURVE('',#458,#667);
#667 = DEFINITIONAL_REPRESENTATION('',(#668),#675);
#668 = B_SPLINE_CURVE_WITH_KNOTS('',5,(#669,#670,#671,#672,#673,#674),
  .UNSPECIFIED.,.F.,.F.,(6,6),(-1.499280023188,-1.316957896925),
  .PIECEWISE_BEZIER_KNOTS.);
#669 = CARTESIAN_POINT('',(4.273014839808,1.7763568394E-15));
#670 = CARTESIAN_POINT('',(4.257503852947,-0.663319367468));
#671 = CARTESIAN_POINT('',(4.241353016338,-1.293231191305));
#672 = CARTESIAN_POINT('',(4.224534930606,-1.891572803423));
#673 = CARTESIAN_POINT('',(4.207022417413,-2.459997071885));
#674 = CARTESIAN_POINT('',(4.188790204786,-3.));
#675 = ( GEOMETRIC_REPRESENTATION_CONTEXT(2) 
PARAMETRIC_REPRESENTATION_CONTEXT() REPRESENTATION_CONTEXT('2D SPACE',''
  ) );
#676 = PCURVE('',#212,#677);
#677 = DEFINITIONAL_REPRESENTATION('',(#678),#682);
#678 = HYPERBOLA('',#679,8.55,8.55);
#679 = AXIS2_PLACEMENT_2D('',#680,#681);
#680 = CARTESIAN_POINT('',(-20.1,-23.));
#681 = DIRECTION('',(1.,-0.));
#682 = ( GEOMETRIC_REPRESENTATION_CONTEXT(2) 
PARAMETRIC_REPRESENTATION_CONTEXT() REPRESENTATION_CONTEXT('2D SPACE',''
  ) );
#683 = ORIENTED_EDGE('',*,*,#684,.T.);
#684 = EDGE_CURVE('',#658,#685,#687,.T.);
#685 = VERTEX_POINT('',#686);
#686 = CARTESIAN_POINT('',(16.543517715128,13.086915133552,3.));
#687 = SURFACE_CURVE('',#688,(#693,#703),.PCURVE_S1.);
#688 = HYPERBOLA('',#689,16.895116980075,16.895116980075);
#689 = AXIS2_PLACEMENT_3D('',#690,#691,#692);
#690 = CARTESIAN_POINT('',(14.810112646197,11.096857572432,20.1));
#691 = DIRECTION('',(-0.754057362777,0.656808566968,0.));
#692 = DIRECTION('',(-0.,-0.,-1.));
#693 = PCURVE('',#458,#694);
#694 = DEFINITIONAL_REPRESENTATION('',(#695),#702);
#695 = B_SPLINE_CURVE_WITH_KNOTS('',5,(#696,#697,#698,#699,#700,#701),
  .UNSPECIFIED.,.F.,.F.,(6,6),(-0.369133901075,-0.155578460665),
  .PIECEWISE_BEZIER_KNOTS.);
#696 = CARTESIAN_POINT('',(4.219196833069,-2.040690263695));
#697 = CARTESIAN_POINT('',(4.179239113753,-2.313151155379));
#698 = CARTESIAN_POINT('',(4.138527877419,-2.544431520375));
#699 = CARTESIAN_POINT('',(4.09717684951,-2.735566511737));
#700 = CARTESIAN_POINT('',(4.055325181904,-2.887279764144));
#701 = CARTESIAN_POINT('',(4.01312583515,-3.));
#702 = ( GEOMETRIC_REPRESENTATION_CONTEXT(2) 
PARAMETRIC_REPRESENTATION_CONTEXT() REPRESENTATION_CONTEXT('2D SPACE',''
  ) );
#703 = PCURVE('',#704,#709);
#704 = PLANE('',#705);
#705 = AXIS2_PLACEMENT_3D('',#706,#707,#708);
#706 = CARTESIAN_POINT('',(19.,15.907110616067,3.));
#707 = DIRECTION('',(-0.754057362777,0.656808566968,-0.));
#708 = DIRECTION('',(0.,0.,-1.));
#709 = DEFINITIONAL_REPRESENTATION('',(#710),#714);
#710 = HYPERBOLA('',#711,16.895116980075,16.895116980075);
#711 = AXIS2_PLACEMENT_2D('',#712,#713);
#712 = CARTESIAN_POINT('',(-17.1,6.37916063298));
#713 = DIRECTION('',(1.,-0.));
#714 = ( GEOMETRIC_REPRESENTATION_CONTEXT(2) 
PARAMETRIC_REPRESENTATION_CONTEXT() REPRESENTATION_CONTEXT('2D SPACE',''
  ) );
#715 = ORIENTED_EDGE('',*,*,#716,.F.);
#716 = EDGE_CURVE('',#717,#685,#719,.T.);
#717 = VERTEX_POINT('',#718);
#718 = CARTESIAN_POINT('',(10.513882243491,1.476716555862,3.));
#719 = SURFACE_CURVE('',#720,(#725,#732),.PCURVE_S1.);
#720 = CIRCLE('',#721,17.1);
#721 = AXIS2_PLACEMENT_3D('',#722,#723,#724);
#722 = CARTESIAN_POINT('',(27.55,0.,3.));
#723 = DIRECTION('',(-0.,0.,-1.));
#724 = DIRECTION('',(1.,-0.,-0.));
#725 = PCURVE('',#458,#726);
#726 = DEFINITIONAL_REPRESENTATION('',(#727),#731);
#727 = LINE('',#728,#729);
#728 = CARTESIAN_POINT('',(0.,-3.));
#729 = VECTOR('',#730,1.);
#730 = DIRECTION('',(1.,-0.));
#731 = ( GEOMETRIC_REPRESENTATION_CONTEXT(2) 
PARAMETRIC_REPRESENTATION_CONTEXT() REPRESENTATION_CONTEXT('2D SPACE',''
  ) );
#732 = PCURVE('',#587,#733);
#733 = DEFINITIONAL_REPRESENTATION('',(#734),#738);
#734 = LINE('',#735,#736);
#735 = CARTESIAN_POINT('',(-0.,3.));
#736 = VECTOR('',#737,1.);
#737 = DIRECTION('',(-1.,0.));
#738 = ( GEOMETRIC_REPRESENTATION_CONTEXT(2) 
PARAMETRIC_REPRESENTATION_CONTEXT() REPRESENTATION_CONTEXT('2D SPACE',''
  ) );
#739 = ORIENTED_EDGE('',*,*,#740,.F.);
#740 = EDGE_CURVE('',#571,#717,#741,.T.);
#741 = SURFACE_CURVE('',#742,(#770,#821),.PCURVE_S1.);
#742 = B_SPLINE_CURVE_WITH_KNOTS('',6,(#743,#744,#745,#746,#747,#748,
    #749,#750,#751,#752,#753,#754,#755,#756,#757,#758,#759,#760,#761,
    #762,#763,#764,#765,#766,#767,#768,#769),.UNSPECIFIED.,.F.,.F.,(7,5,
    5,5,5,7),(0.,0.474521691076,0.920349034584,0.95158986844,1.,
    2.000326308762),.UNSPECIFIED.);
#743 = CARTESIAN_POINT('',(10.513882243491,-1.476716555862,3.));
#744 = CARTESIAN_POINT('',(10.489448239767,-1.366102774133,
    2.985209627958));
#745 = CARTESIAN_POINT('',(10.466838178931,-1.253993770404,
    2.971480306042));
#746 = CARTESIAN_POINT('',(10.446186114506,-1.140440041527,
    2.958905455405));
#747 = CARTESIAN_POINT('',(10.427631147589,-1.025527710182,
    2.947581548963));
#748 = CARTESIAN_POINT('',(10.41130566347,-0.909386144607,2.937600084025
    ));
#749 = CARTESIAN_POINT('',(10.384186970947,-0.682091530784,
    2.920996681382));
#750 = CARTESIAN_POINT('',(10.373118206203,-0.571056196641,
    2.914207640235));
#751 = CARTESIAN_POINT('',(10.364212781859,-0.459248070174,
    2.908738178726));
#752 = CARTESIAN_POINT('',(10.357547579289,-0.346847790928,2.90464117804
    ));
#753 = CARTESIAN_POINT('',(10.353173429372,-0.234060626348,
    2.901951564137));
#754 = CARTESIAN_POINT('',(10.350962934081,-0.113204697762,
    2.900592200603));
#755 = CARTESIAN_POINT('',(10.350829514348,-0.10528966009,2.900510151497
    ));
#756 = CARTESIAN_POINT('',(10.350707435296,-9.737391751249E-02,
    2.900435075408));
#757 = CARTESIAN_POINT('',(10.350596702163,-8.945754631549E-02,
    2.900366975929));
#758 = CARTESIAN_POINT('',(10.3504973194,-8.154062293158E-02,
    2.900305856116));
#759 = CARTESIAN_POINT('',(10.35027288324,-6.135459089291E-02,
    2.900167827973));
#760 = CARTESIAN_POINT('',(10.350163739084,-4.908481574295E-02,
    2.900100703066));
#761 = CARTESIAN_POINT('',(10.350081871846,-3.681418353135E-02,
    2.900050353121));
#762 = CARTESIAN_POINT('',(10.350027290628,-2.454297963625E-02,
    2.900016784385));
#763 = CARTESIAN_POINT('',(10.35,-1.227148977416E-02,2.9));
#764 = CARTESIAN_POINT('',(10.35,0.253572830176,2.9));
#765 = CARTESIAN_POINT('',(10.361652539119,0.507154755508,2.907166389593
    ));
#766 = CARTESIAN_POINT('',(10.384959918307,0.757869297692,2.921501896581
    ));
#767 = CARTESIAN_POINT('',(10.418980286222,1.003820873618,2.942363247017
    ));
#768 = CARTESIAN_POINT('',(10.462413001225,1.243713090933,2.968844678488
    ));
#769 = CARTESIAN_POINT('',(10.513882243491,1.476716555862,3.));
#770 = PCURVE('',#458,#771);
#771 = DEFINITIONAL_REPRESENTATION('',(#772),#820);
#772 = B_SPLINE_CURVE_WITH_KNOTS('',3,(#773,#774,#775,#776,#777,#778,
    #779,#780,#781,#782,#783,#784,#785,#786,#787,#788,#789,#790,#791,
    #792,#793,#794,#795,#796,#797,#798,#799,#800,#801,#802,#803,#804,
    #805,#806,#807,#808,#809,#810,#811,#812,#813,#814,#815,#816,#817,
    #818,#819),.UNSPECIFIED.,.F.,.F.,(4,1,1,1,1,1,1,1,1,1,1,1,1,1,1,1,1,
    1,1,1,1,1,1,1,1,1,1,1,1,1,1,1,1,1,1,1,1,1,1,1,1,1,1,1,4),(0.,
    4.546196156278E-02,9.092392312556E-02,0.136385884688,0.181847846251,
    0.227309807814,0.272771769377,0.318233730939,0.363695692502,
    0.409157654065,0.454619615628,0.500081577191,0.545543538753,
    0.591005500316,0.636467461879,0.681929423442,0.727391385004,
    0.772853346567,0.81831530813,0.863777269693,0.909239231256,
    0.954701192818,1.000163154381,1.045625115944,1.091087077507,
    1.13654903907,1.182011000632,1.227472962195,1.272934923758,
    1.318396885321,1.363858846883,1.409320808446,1.454782770009,
    1.500244731572,1.545706693135,1.591168654697,1.63663061626,
    1.682092577823,1.727554539386,1.773016500948,1.818478462511,
    1.863940424074,1.909402385637,1.9548643472,2.000326308762),
  .QUASI_UNIFORM_KNOTS.);
#773 = CARTESIAN_POINT('',(3.055127260846,-3.));
#774 = CARTESIAN_POINT('',(3.056385737741,-2.997165994555));
#775 = CARTESIAN_POINT('',(3.058908607484,-2.991595362369));
#776 = CARTESIAN_POINT('',(3.062710414228,-2.983541488966));
#777 = CARTESIAN_POINT('',(3.066529498907,-2.975799624671));
#778 = CARTESIAN_POINT('',(3.070365561971,-2.968379719583));
#779 = CARTESIAN_POINT('',(3.074218251769,-2.961291672846));
#780 = CARTESIAN_POINT('',(3.078087155479,-2.954545289932));
#781 = CARTESIAN_POINT('',(3.081971798591,-2.948150234231));
#782 = CARTESIAN_POINT('',(3.085871641948,-2.942115980814));
#783 = CARTESIAN_POINT('',(3.089786079381,-2.936451770812));
#784 = CARTESIAN_POINT('',(3.093714434795,-2.931166564779));
#785 = CARTESIAN_POINT('',(3.097655960243,-2.926269003201));
#786 = CARTESIAN_POINT('',(3.101609911072,-2.921767216825));
#787 = CARTESIAN_POINT('',(3.105575339069,-2.917669047763));
#788 = CARTESIAN_POINT('',(3.109551284575,-2.913981736909));
#789 = CARTESIAN_POINT('',(3.113536739091,-2.910711931397));
#790 = CARTESIAN_POINT('',(3.117530652673,-2.907865630676));
#791 = CARTESIAN_POINT('',(3.121531929271,-2.905448149328));
#792 = CARTESIAN_POINT('',(3.125539424932,-2.90346407594));
#793 = CARTESIAN_POINT('',(3.129551945994,-2.901917232671));
#794 = CARTESIAN_POINT('',(3.13356824391,-2.900810637621));
#795 = CARTESIAN_POINT('',(3.137587022946,-2.900146456888));
#796 = CARTESIAN_POINT('',(3.141607079972,-2.899925979317));
#797 = CARTESIAN_POINT('',(3.145627142012,-2.900149643001));
#798 = CARTESIAN_POINT('',(3.14964576438,-2.900816978094));
#799 = CARTESIAN_POINT('',(3.153661561009,-2.901926579793));
#800 = CARTESIAN_POINT('',(3.157673230539,-2.903476157465));
#801 = CARTESIAN_POINT('',(3.161679543748,-2.905462585522));
#802 = CARTESIAN_POINT('',(3.165679341604,-2.90788195272));
#803 = CARTESIAN_POINT('',(3.169671530746,-2.910729610766));
#804 = CARTESIAN_POINT('',(3.173655079906,-2.914000221975));
#805 = CARTESIAN_POINT('',(3.17762901635,-2.91768780604));
#806 = CARTESIAN_POINT('',(3.181592422556,-2.921785785854));
#807 = CARTESIAN_POINT('',(3.185544433085,-2.926287032403));
#808 = CARTESIAN_POINT('',(3.189484231647,-2.931183908673));
#809 = CARTESIAN_POINT('',(3.193411048343,-2.93646831257));
#810 = CARTESIAN_POINT('',(3.197324157108,-2.942131718829));
#811 = CARTESIAN_POINT('',(3.20122287332,-2.948165219874));
#812 = CARTESIAN_POINT('',(3.205106551594,-2.9545595656));
#813 = CARTESIAN_POINT('',(3.208974583731,-2.961305202143));
#814 = CARTESIAN_POINT('',(3.21282639691,-2.968392309212));
#815 = CARTESIAN_POINT('',(3.216661451727,-2.975810837472));
#816 = CARTESIAN_POINT('',(3.220479241615,-2.983550540312));
#817 = CARTESIAN_POINT('',(3.22427928783,-2.99160102098));
#818 = CARTESIAN_POINT('',(3.226800530433,-2.997168151468));
#819 = CARTESIAN_POINT('',(3.228058046334,-3.));
#820 = ( GEOMETRIC_REPRESENTATION_CONTEXT(2) 
PARAMETRIC_REPRESENTATION_CONTEXT() REPRESENTATION_CONTEXT('2D SPACE',''
  ) );
#821 = PCURVE('',#822,#827);
#822 = CONICAL_SURFACE('',#823,2.25,0.785398163397);
#823 = AXIS2_PLACEMENT_3D('',#824,#825,#826);
#824 = CARTESIAN_POINT('',(8.5,0.,7.));
#825 = DIRECTION('',(1.,0.,0.));
#826 = DIRECTION('',(0.,-1.,0.));
#827 = DEFINITIONAL_REPRESENTATION('',(#828),#876);
#828 = B_SPLINE_CURVE_WITH_KNOTS('',3,(#829,#830,#831,#832,#833,#834,
    #835,#836,#837,#838,#839,#840,#841,#842,#843,#844,#845,#846,#847,
    #848,#849,#850,#851,#852,#853,#854,#855,#856,#857,#858,#859,#860,
    #861,#862,#863,#864,#865,#866,#867,#868,#869,#870,#871,#872,#873,
    #874,#875),.UNSPECIFIED.,.F.,.F.,(4,1,1,1,1,1,1,1,1,1,1,1,1,1,1,1,1,
    1,1,1,1,1,1,1,1,1,1,1,1,1,1,1,1,1,1,1,1,1,1,1,1,1,1,1,4),(0.,
    4.546196156278E-02,9.092392312556E-02,0.136385884688,0.181847846251,
    0.227309807814,0.272771769377,0.318233730939,0.363695692502,
    0.409157654065,0.454619615628,0.500081577191,0.545543538753,
    0.591005500316,0.636467461879,0.681929423442,0.727391385004,
    0.772853346567,0.81831530813,0.863777269693,0.909239231256,
    0.954701192818,1.000163154381,1.045625115944,1.091087077507,
    1.13654903907,1.182011000632,1.227472962195,1.272934923758,
    1.318396885321,1.363858846883,1.409320808446,1.454782770009,
    1.500244731572,1.545706693135,1.591168654697,1.63663061626,
    1.682092577823,1.727554539386,1.773016500948,1.818478462511,
    1.863940424074,1.909402385637,1.9548643472,2.000326308762),
  .QUASI_UNIFORM_KNOTS.);
#829 = CARTESIAN_POINT('',(-5.06604668978,2.013882243491));
#830 = CARTESIAN_POINT('',(-5.061153368984,2.009200406005));
#831 = CARTESIAN_POINT('',(-5.05131206632,2.000004120873));
#832 = CARTESIAN_POINT('',(-5.036389201285,1.98672616094));
#833 = CARTESIAN_POINT('',(-5.021308321768,1.973978959905));
#834 = CARTESIAN_POINT('',(-5.00607293898,1.961776833783));
#835 = CARTESIAN_POINT('',(-4.99068698716,1.950134039786));
#836 = CARTESIAN_POINT('',(-4.975154894331,1.9390647197));
#837 = CARTESIAN_POINT('',(-4.959481581788,1.928582832012));
#838 = CARTESIAN_POINT('',(-4.943672481554,1.918702083225));
#839 = CARTESIAN_POINT('',(-4.927733547363,1.909435854953));
#840 = CARTESIAN_POINT('',(-4.91167126653,1.900797130244));
#841 = CARTESIAN_POINT('',(-4.895492666591,1.892798409083));
#842 = CARTESIAN_POINT('',(-4.879204998349,1.885451487863));
#843 = CARTESIAN_POINT('',(-4.862816582152,1.878767767137));
#844 = CARTESIAN_POINT('',(-4.846336009783,1.872757767966));
#845 = CARTESIAN_POINT('',(-4.829772283329,1.867431152187));
#846 = CARTESIAN_POINT('',(-4.813134769154,1.862796642406));
#847 = CARTESIAN_POINT('',(-4.796433199267,1.858861968497));
#848 = CARTESIAN_POINT('',(-4.779677659103,1.85563380717));
#849 = CARTESIAN_POINT('',(-4.762878573488,1.853117722532));
#850 = CARTESIAN_POINT('',(-4.746046704875,1.851318110427));
#851 = CARTESIAN_POINT('',(-4.72919309604,1.850238128528));
#852 = CARTESIAN_POINT('',(-4.712328456545,1.849879646073));
#853 = CARTESIAN_POINT('',(-4.695463816469,1.850243315079));
#854 = CARTESIAN_POINT('',(-4.678610926059,1.851328439357));
#855 = CARTESIAN_POINT('',(-4.661781259387,1.853132946151));
#856 = CARTESIAN_POINT('',(-4.644985876561,1.85565347961));
#857 = CARTESIAN_POINT('',(-4.628235450101,1.858885471259));
#858 = CARTESIAN_POINT('',(-4.611540248698,1.862823215053));
#859 = CARTESIAN_POINT('',(-4.594910133826,1.867459939444));
#860 = CARTESIAN_POINT('',(-4.578354554386,1.872787878332));
#861 = CARTESIAN_POINT('',(-4.561882543382,1.878798340249));
#862 = CARTESIAN_POINT('',(-4.545502715556,1.885481775845));
#863 = CARTESIAN_POINT('',(-4.529223266243,1.892827843534));
#864 = CARTESIAN_POINT('',(-4.513051971362,1.900825473265));
#865 = CARTESIAN_POINT('',(-4.496996188497,1.909462928364));
#866 = CARTESIAN_POINT('',(-4.481062859026,1.918727865393));
#867 = CARTESIAN_POINT('',(-4.465258511269,1.92860739203));
#868 = CARTESIAN_POINT('',(-4.449589264467,1.939088122901));
#869 = CARTESIAN_POINT('',(-4.434060833935,1.950156233538));
#870 = CARTESIAN_POINT('',(-4.418678535868,1.96179751182));
#871 = CARTESIAN_POINT('',(-4.403447297045,1.973997409346));
#872 = CARTESIAN_POINT('',(-4.388371649553,1.986741083677));
#873 = CARTESIAN_POINT('',(-4.373455784352,2.000013465426));
#874 = CARTESIAN_POINT('',(-4.363620853314,2.009203970804));
#875 = CARTESIAN_POINT('',(-4.35873127099,2.013882243491));
#876 = ( GEOMETRIC_REPRESENTATION_CONTEXT(2) 
PARAMETRIC_REPRESENTATION_CONTEXT() REPRESENTATION_CONTEXT('2D SPACE',''
  ) );
#877 = ADVANCED_FACE('',(#878),#822,.F.);
#878 = FACE_BOUND('',#879,.T.);
#879 = EDGE_LOOP('',(#880,#905,#938,#986,#987,#1037,#1070,#1234,#1260,
    #1261));
#880 = ORIENTED_EDGE('',*,*,#881,.T.);
#881 = EDGE_CURVE('',#882,#884,#886,.T.);
#882 = VERTEX_POINT('',#883);
#883 = CARTESIAN_POINT('',(8.5,-2.25,7.));
#884 = VERTEX_POINT('',#885);
#885 = CARTESIAN_POINT('',(10.95,-4.7,7.));
#886 = SEAM_CURVE('',#887,(#891,#898),.PCURVE_S1.);
#887 = LINE('',#888,#889);
#888 = CARTESIAN_POINT('',(8.5,-2.25,7.));
#889 = VECTOR('',#890,1.);
#890 = DIRECTION('',(0.707106781187,-0.707106781187,-1.731912112471E-16)
  );
#891 = PCURVE('',#822,#892);
#892 = DEFINITIONAL_REPRESENTATION('',(#893),#897);
#893 = LINE('',#894,#895);
#894 = CARTESIAN_POINT('',(-6.28318530718,-0.));
#895 = VECTOR('',#896,1.);
#896 = DIRECTION('',(-0.,1.));
#897 = ( GEOMETRIC_REPRESENTATION_CONTEXT(2) 
PARAMETRIC_REPRESENTATION_CONTEXT() REPRESENTATION_CONTEXT('2D SPACE',''
  ) );
#898 = PCURVE('',#822,#899);
#899 = DEFINITIONAL_REPRESENTATION('',(#900),#904);
#900 = LINE('',#901,#902);
#901 = CARTESIAN_POINT('',(-0.,-0.));
#902 = VECTOR('',#903,1.);
#903 = DIRECTION('',(-0.,1.));
#904 = ( GEOMETRIC_REPRESENTATION_CONTEXT(2) 
PARAMETRIC_REPRESENTATION_CONTEXT() REPRESENTATION_CONTEXT('2D SPACE',''
  ) );
#905 = ORIENTED_EDGE('',*,*,#906,.F.);
#906 = EDGE_CURVE('',#907,#884,#909,.T.);
#907 = VERTEX_POINT('',#908);
#908 = CARTESIAN_POINT('',(10.95,-4.104875150355,4.710895371548));
#909 = SURFACE_CURVE('',#910,(#915,#922),.PCURVE_S1.);
#910 = CIRCLE('',#911,4.7);
#911 = AXIS2_PLACEMENT_3D('',#912,#913,#914);
#912 = CARTESIAN_POINT('',(10.95,0.,7.));
#913 = DIRECTION('',(-1.,0.,0.));
#914 = DIRECTION('',(0.,-1.,0.));
#915 = PCURVE('',#822,#916);
#916 = DEFINITIONAL_REPRESENTATION('',(#917),#921);
#917 = LINE('',#918,#919);
#918 = CARTESIAN_POINT('',(-0.,2.45));
#919 = VECTOR('',#920,1.);
#920 = DIRECTION('',(-1.,0.));
#921 = ( GEOMETRIC_REPRESENTATION_CONTEXT(2) 
PARAMETRIC_REPRESENTATION_CONTEXT() REPRESENTATION_CONTEXT('2D SPACE',''
  ) );
#922 = PCURVE('',#923,#928);
#923 = PLANE('',#924);
#924 = AXIS2_PLACEMENT_3D('',#925,#926,#927);
#925 = CARTESIAN_POINT('',(10.95,0.,7.));
#926 = DIRECTION('',(1.,0.,0.));
#927 = DIRECTION('',(0.,1.,0.));
#928 = DEFINITIONAL_REPRESENTATION('',(#929),#937);
#929 = ( BOUNDED_CURVE() B_SPLINE_CURVE(2,(#930,#931,#932,#933,#934,#935
,#936),.UNSPECIFIED.,.T.,.F.) B_SPLINE_CURVE_WITH_KNOTS((1,2,2,2,2,1),(
    -2.094395102393,0.,2.094395102393,4.188790204786,6.28318530718,
8.377580409573),.UNSPECIFIED.) CURVE() GEOMETRIC_REPRESENTATION_ITEM() 
RATIONAL_B_SPLINE_CURVE((1.,0.5,1.,0.5,1.,0.5,1.)) REPRESENTATION_ITEM(
  '') );
#930 = CARTESIAN_POINT('',(-4.7,0.));
#931 = CARTESIAN_POINT('',(-4.7,8.140638795574));
#932 = CARTESIAN_POINT('',(2.35,4.070319397787));
#933 = CARTESIAN_POINT('',(9.4,1.151167991199E-15));
#934 = CARTESIAN_POINT('',(2.35,-4.070319397787));
#935 = CARTESIAN_POINT('',(-4.7,-8.140638795574));
#936 = CARTESIAN_POINT('',(-4.7,0.));
#937 = ( GEOMETRIC_REPRESENTATION_CONTEXT(2) 
PARAMETRIC_REPRESENTATION_CONTEXT() REPRESENTATION_CONTEXT('2D SPACE',''
  ) );
#938 = ORIENTED_EDGE('',*,*,#939,.T.);
#939 = EDGE_CURVE('',#907,#571,#940,.T.);
#940 = SURFACE_CURVE('',#941,(#954,#970),.PCURVE_S1.);
#941 = B_SPLINE_CURVE_WITH_KNOTS('',6,(#942,#943,#944,#945,#946,#947,
    #948,#949,#950,#951,#952,#953),.UNSPECIFIED.,.F.,.F.,(7,5,7),(0.,
    0.671717367811,1.),.UNSPECIFIED.);
#942 = CARTESIAN_POINT('',(10.95,-4.104875150355,4.710895371548));
#943 = CARTESIAN_POINT('',(10.901077410632,-3.907033570828,
    4.456569376029));
#944 = CARTESIAN_POINT('',(10.848454780639,-3.682086855074,
    4.214405986211));
#945 = CARTESIAN_POINT('',(10.793747630349,-3.43049226214,3.986016817982
    ));
#946 = CARTESIAN_POINT('',(10.738813539924,-3.152644357341,
    3.773759694914));
#947 = CARTESIAN_POINT('',(10.685772142465,-2.849187430817,
    3.580556711793));
#948 = CARTESIAN_POINT('',(10.612960894407,-2.360718467015,
    3.326509260983));
#949 = CARTESIAN_POINT('',(10.590054189876,-2.194532793337,
    3.248527862152));
#950 = CARTESIAN_POINT('',(10.568412431716,-2.022695163286,
    3.176396339289));
#951 = CARTESIAN_POINT('',(10.548318010994,-1.845482565218,
    3.110598563736));
#952 = CARTESIAN_POINT('',(10.530055290321,-1.663296936971,
    3.051641484541));
#953 = CARTESIAN_POINT('',(10.513882055583,-1.476714388068,2.9999994));
#954 = PCURVE('',#822,#955);
#955 = DEFINITIONAL_REPRESENTATION('',(#956),#969);
#956 = B_SPLINE_CURVE_WITH_KNOTS('',6,(#957,#958,#959,#960,#961,#962,
    #963,#964,#965,#966,#967,#968),.UNSPECIFIED.,.F.,.F.,(7,5,7),(0.,
    0.671717367811,1.),.UNSPECIFIED.);
#957 = CARTESIAN_POINT('',(-5.774483851755,2.45));
#958 = CARTESIAN_POINT('',(-5.706722125432,2.401077410632));
#959 = CARTESIAN_POINT('',(-5.63671869332,2.348454780639));
#960 = CARTESIAN_POINT('',(-5.563916740635,2.293747630349));
#961 = CARTESIAN_POINT('',(-5.487860197689,2.238813539924));
#962 = CARTESIAN_POINT('',(-5.408175847799,2.185772142465));
#963 = CARTESIAN_POINT('',(-5.283770860574,2.112960894407));
#964 = CARTESIAN_POINT('',(-5.242019017847,2.090054189876));
#965 = CARTESIAN_POINT('',(-5.19934182396,2.068412431716));
#966 = CARTESIAN_POINT('',(-5.155751665742,2.048318010995));
#967 = CARTESIAN_POINT('',(-5.11129147154,2.030055290321));
#968 = CARTESIAN_POINT('',(-5.066046164101,2.013882055583));
#969 = ( GEOMETRIC_REPRESENTATION_CONTEXT(2) 
PARAMETRIC_REPRESENTATION_CONTEXT() REPRESENTATION_CONTEXT('2D SPACE',''
  ) );
#970 = PCURVE('',#587,#971);
#971 = DEFINITIONAL_REPRESENTATION('',(#972),#985);
#972 = B_SPLINE_CURVE_WITH_KNOTS('',6,(#973,#974,#975,#976,#977,#978,
    #979,#980,#981,#982,#983,#984),.UNSPECIFIED.,.F.,.F.,(7,5,7),(0.,
    0.671717367811,1.),.UNSPECIFIED.);
#973 = CARTESIAN_POINT('',(-2.899174082994,4.710895371548));
#974 = CARTESIAN_POINT('',(-2.911092250435,4.456569376029));
#975 = CARTESIAN_POINT('',(-2.924601103349,4.214405986211));
#976 = CARTESIAN_POINT('',(-2.93965507773,3.986016817982));
#977 = CARTESIAN_POINT('',(-2.956212723559,3.773759694914));
#978 = CARTESIAN_POINT('',(-2.974222123189,3.580556711793));
#979 = CARTESIAN_POINT('',(-3.003103162824,3.326509260983));
#980 = CARTESIAN_POINT('',(-3.012912917543,3.248527862152));
#981 = CARTESIAN_POINT('',(-3.023040214256,3.176396339289));
#982 = CARTESIAN_POINT('',(-3.033468655018,3.110598563736));
#983 = CARTESIAN_POINT('',(-3.044175212867,3.051641484541));
#984 = CARTESIAN_POINT('',(-3.055127388093,2.9999994));
#985 = ( GEOMETRIC_REPRESENTATION_CONTEXT(2) 
PARAMETRIC_REPRESENTATION_CONTEXT() REPRESENTATION_CONTEXT('2D SPACE',''
  ) );
#986 = ORIENTED_EDGE('',*,*,#740,.T.);
#987 = ORIENTED_EDGE('',*,*,#988,.T.);
#988 = EDGE_CURVE('',#717,#989,#991,.T.);
#989 = VERTEX_POINT('',#990);
#990 = CARTESIAN_POINT('',(10.95,4.104875150355,4.710895371548));
#991 = SURFACE_CURVE('',#992,(#1005,#1021),.PCURVE_S1.);
#992 = B_SPLINE_CURVE_WITH_KNOTS('',6,(#993,#994,#995,#996,#997,#998,
    #999,#1000,#1001,#1002,#1003,#1004),.UNSPECIFIED.,.F.,.F.,(7,5,7),(
    0.,0.326093666128,1.),.UNSPECIFIED.);
#993 = CARTESIAN_POINT('',(10.513882055583,1.476714388068,2.9999994));
#994 = CARTESIAN_POINT('',(10.529947484178,1.662053231231,3.051297253222
    ));
#995 = CARTESIAN_POINT('',(10.548074872138,1.843053176056,3.109813258587
    ));
#996 = CARTESIAN_POINT('',(10.568010415032,2.019151514443,3.175080842169
    ));
#997 = CARTESIAN_POINT('',(10.589477855117,2.1899495733,3.246606821047)
  );
#998 = CARTESIAN_POINT('',(10.612198004584,2.355177194531,3.323912835405
    ));
#999 = CARTESIAN_POINT('',(10.684907985466,2.844239194343,3.577410384798
    ));
#1000 = CARTESIAN_POINT('',(10.738097447361,3.149021291936,
    3.770993849957));
#1001 = CARTESIAN_POINT('',(10.793212965339,3.428032796684,
    3.983785281084));
#1002 = CARTESIAN_POINT('',(10.848111900375,3.680620961941,
    4.212828556163));
#1003 = CARTESIAN_POINT('',(10.900917911512,3.906388560858,4.45574021361
    ));
#1004 = CARTESIAN_POINT('',(10.95,4.104875150355,4.710895371548));
#1005 = PCURVE('',#822,#1006);
#1006 = DEFINITIONAL_REPRESENTATION('',(#1007),#1020);
#1007 = B_SPLINE_CURVE_WITH_KNOTS('',6,(#1008,#1009,#1010,#1011,#1012,
    #1013,#1014,#1015,#1016,#1017,#1018,#1019),.UNSPECIFIED.,.F.,.F.,(7,
    5,7),(0.,0.326093666128,1.),.UNSPECIFIED.);
#1008 = CARTESIAN_POINT('',(-4.358731796669,2.013882055583));
#1009 = CARTESIAN_POINT('',(-4.313788081468,2.029947484178));
#1010 = CARTESIAN_POINT('',(-4.269619161609,2.048074872138));
#1011 = CARTESIAN_POINT('',(-4.226307716828,2.068010415032));
#1012 = CARTESIAN_POINT('',(-4.183897122455,2.089477855117));
#1013 = CARTESIAN_POINT('',(-4.142399048543,2.112198004584));
#1014 = CARTESIAN_POINT('',(-4.017901108968,2.184907985466));
#1015 = CARTESIAN_POINT('',(-3.937909303207,2.238097447361));
#1016 = CARTESIAN_POINT('',(-3.861572757997,2.293212965339));
#1017 = CARTESIAN_POINT('',(-3.788515358395,2.348111900375));
#1018 = CARTESIAN_POINT('',(-3.718276754465,2.400917911512));
#1019 = CARTESIAN_POINT('',(-3.650294109014,2.45));
#1020 = ( GEOMETRIC_REPRESENTATION_CONTEXT(2) 
PARAMETRIC_REPRESENTATION_CONTEXT() REPRESENTATION_CONTEXT('2D SPACE',''
  ) );
#1021 = PCURVE('',#587,#1022);
#1022 = DEFINITIONAL_REPRESENTATION('',(#1023),#1036);
#1023 = B_SPLINE_CURVE_WITH_KNOTS('',6,(#1024,#1025,#1026,#1027,#1028,
    #1029,#1030,#1031,#1032,#1033,#1034,#1035),.UNSPECIFIED.,.F.,.F.,(7,
    5,7),(0.,0.326093666128,1.),.UNSPECIFIED.);
#1024 = CARTESIAN_POINT('',(-3.228057919087,2.9999994));
#1025 = CARTESIAN_POINT('',(-3.238937090255,3.051297253222));
#1026 = CARTESIAN_POINT('',(-3.249573881641,3.109813258587));
#1027 = CARTESIAN_POINT('',(-3.259936565888,3.175080842169));
#1028 = CARTESIAN_POINT('',(-3.270002278122,3.246606821047));
#1029 = CARTESIAN_POINT('',(-3.279755056361,3.323912835405));
#1030 = CARTESIAN_POINT('',(-3.308669526471,3.577410384798));
#1031 = CARTESIAN_POINT('',(-3.326756679503,3.770993849957));
#1032 = CARTESIAN_POINT('',(-3.343383070469,3.983785281084));
#1033 = CARTESIAN_POINT('',(-3.358496172421,4.212828556163));
#1034 = CARTESIAN_POINT('',(-3.372054200722,4.45574021361));
#1035 = CARTESIAN_POINT('',(-3.384011224186,4.710895371548));
#1036 = ( GEOMETRIC_REPRESENTATION_CONTEXT(2) 
PARAMETRIC_REPRESENTATION_CONTEXT() REPRESENTATION_CONTEXT('2D SPACE',''
  ) );
#1037 = ORIENTED_EDGE('',*,*,#1038,.F.);
#1038 = EDGE_CURVE('',#1039,#989,#1041,.T.);
#1039 = VERTEX_POINT('',#1040);
#1040 = CARTESIAN_POINT('',(10.95,4.104875150355,9.289104628452));
#1041 = SURFACE_CURVE('',#1042,(#1047,#1054),.PCURVE_S1.);
#1042 = CIRCLE('',#1043,4.7);
#1043 = AXIS2_PLACEMENT_3D('',#1044,#1045,#1046);
#1044 = CARTESIAN_POINT('',(10.95,0.,7.));
#1045 = DIRECTION('',(-1.,0.,0.));
#1046 = DIRECTION('',(0.,-1.,0.));
#1047 = PCURVE('',#822,#1048);
#1048 = DEFINITIONAL_REPRESENTATION('',(#1049),#1053);
#1049 = LINE('',#1050,#1051);
#1050 = CARTESIAN_POINT('',(-0.,2.45));
#1051 = VECTOR('',#1052,1.);
#1052 = DIRECTION('',(-1.,0.));
#1053 = ( GEOMETRIC_REPRESENTATION_CONTEXT(2) 
PARAMETRIC_REPRESENTATION_CONTEXT() REPRESENTATION_CONTEXT('2D SPACE',''
  ) );
#1054 = PCURVE('',#1055,#1060);
#1055 = PLANE('',#1056);
#1056 = AXIS2_PLACEMENT_3D('',#1057,#1058,#1059);
#1057 = CARTESIAN_POINT('',(10.95,0.,7.));
#1058 = DIRECTION('',(1.,0.,0.));
#1059 = DIRECTION('',(0.,1.,0.));
#1060 = DEFINITIONAL_REPRESENTATION('',(#1061),#1069);
#1061 = ( BOUNDED_CURVE() B_SPLINE_CURVE(2,(#1062,#1063,#1064,#1065,
#1066,#1067,#1068),.UNSPECIFIED.,.T.,.F.) B_SPLINE_CURVE_WITH_KNOTS((1,2
    ,2,2,2,1),(-2.094395102393,0.,2.094395102393,4.188790204786,
6.28318530718,8.377580409573),.UNSPECIFIED.) CURVE() 
GEOMETRIC_REPRESENTATION_ITEM() RATIONAL_B_SPLINE_CURVE((1.,0.5,1.,0.5,
1.,0.5,1.)) REPRESENTATION_ITEM('') );
#1062 = CARTESIAN_POINT('',(-4.7,0.));
#1063 = CARTESIAN_POINT('',(-4.7,8.140638795574));
#1064 = CARTESIAN_POINT('',(2.35,4.070319397787));
#1065 = CARTESIAN_POINT('',(9.4,1.151167991199E-15));
#1066 = CARTESIAN_POINT('',(2.35,-4.070319397787));
#1067 = CARTESIAN_POINT('',(-4.7,-8.140638795574));
#1068 = CARTESIAN_POINT('',(-4.7,0.));
#1069 = ( GEOMETRIC_REPRESENTATION_CONTEXT(2) 
PARAMETRIC_REPRESENTATION_CONTEXT() REPRESENTATION_CONTEXT('2D SPACE',''
  ) );
#1070 = ORIENTED_EDGE('',*,*,#1071,.T.);
#1071 = EDGE_CURVE('',#1039,#1072,#1074,.T.);
#1072 = VERTEX_POINT('',#1073);
#1073 = CARTESIAN_POINT('',(10.95,-4.104875150355,9.289104628452));
#1074 = SURFACE_CURVE('',#1075,(#1126,#1180),.PCURVE_S1.);
#1075 = B_SPLINE_CURVE_WITH_KNOTS('',7,(#1076,#1077,#1078,#1079,#1080,
    #1081,#1082,#1083,#1084,#1085,#1086,#1087,#1088,#1089,#1090,#1091,
    #1092,#1093,#1094,#1095,#1096,#1097,#1098,#1099,#1100,#1101,#1102,
    #1103,#1104,#1105,#1106,#1107,#1108,#1109,#1110,#1111,#1112,#1113,
    #1114,#1115,#1116,#1117,#1118,#1119,#1120,#1121,#1122,#1123,#1124,
    #1125),.UNSPECIFIED.,.F.,.F.,(8,6,6,6,6,6,6,6,8),(0.,0.283912739484,
    0.362071436966,0.406534118012,0.49978090456,0.593469249149,
    0.637932058956,0.716091091136,1.),.UNSPECIFIED.);
#1076 = CARTESIAN_POINT('',(10.95,4.104875150355,9.289104628452));
#1077 = CARTESIAN_POINT('',(10.899970097673,3.902555628273,
    9.549187033725));
#1078 = CARTESIAN_POINT('',(10.846196997373,3.672753308385,
    9.796805547874));
#1079 = CARTESIAN_POINT('',(10.79022654072,3.415840146884,
    10.030555276376));
#1080 = CARTESIAN_POINT('',(10.733818029869,3.132124967369,
    10.248232543208));
#1081 = CARTESIAN_POINT('',(10.678988230396,2.822181026807,
    10.447046654776));
#1082 = CARTESIAN_POINT('',(10.627944908587,2.486950865612,
    10.623672993491));
#1083 = CARTESIAN_POINT('',(10.570531946901,2.029182813437,
    10.815854492416));
#1084 = CARTESIAN_POINT('',(10.558599863358,1.928607479245,
    10.855358407501));
#1085 = CARTESIAN_POINT('',(10.547177380521,1.826326382238,
    10.892798145339));
#1086 = CARTESIAN_POINT('',(10.536313106442,1.722403996229,
    10.92808820049));
#1087 = CARTESIAN_POINT('',(10.52605505192,1.616917575629,
    10.961142411211));
#1088 = CARTESIAN_POINT('',(10.516449637206,1.509958747508,
    10.991876053407));
#1089 = CARTESIAN_POINT('',(10.502472608991,1.340012280066,
    11.036325288607));
#1090 = CARTESIAN_POINT('',(10.497629867542,1.277947795976,
    11.05166547862));
#1091 = CARTESIAN_POINT('',(10.493020635809,1.215461562233,
    11.066213352094));
#1092 = CARTESIAN_POINT('',(10.488652654321,1.152575083942,
    11.079954458785));
#1093 = CARTESIAN_POINT('',(10.484533242681,1.089311460461,
    11.092875050742));
#1094 = CARTESIAN_POINT('',(10.48066929957,1.025695385402,
    11.104962082305));
#1095 = CARTESIAN_POINT('',(10.469513223212,0.827653984144,
    11.139778015316));
#1096 = CARTESIAN_POINT('',(10.463110558851,0.692111547502,
    11.159634179346));
#1097 = CARTESIAN_POINT('',(10.457919214739,0.555381475502,
    11.175656914123));
#1098 = CARTESIAN_POINT('',(10.453986961019,0.417735617903,
    11.187754272886));
#1099 = CARTESIAN_POINT('',(10.45134751539,0.279462720924,
    11.195861068671));
#1100 = CARTESIAN_POINT('',(10.450018625597,0.140869112743,
    11.199942792806));
#1101 = CARTESIAN_POINT('',(10.449981590761,-0.136966608389,
    11.200056542668));
#1102 = CARTESIAN_POINT('',(10.451285883283,-0.276224003182,
    11.196050363137));
#1103 = CARTESIAN_POINT('',(10.453913503939,-0.415163412956,
    11.18798025735));
#1104 = CARTESIAN_POINT('',(10.457846682266,-0.553473985048,
    11.175880780101));
#1105 = CARTESIAN_POINT('',(10.463051357867,-0.690862702851,
    11.159817783891));
#1106 = CARTESIAN_POINT('',(10.46947913539,-0.827053692103,
    11.13988442438));
#1107 = CARTESIAN_POINT('',(10.480671366936,-1.025729791389,
    11.104955617338));
#1108 = CARTESIAN_POINT('',(10.484535439643,-1.089345880005,
    11.092868165072));
#1109 = CARTESIAN_POINT('',(10.488654979648,-1.152609505423,
    11.079947152821));
#1110 = CARTESIAN_POINT('',(10.493023088063,-1.215495974318,
    11.066205626612));
#1111 = CARTESIAN_POINT('',(10.497632445093,-1.277982187647,
    11.051657334727));
#1112 = CARTESIAN_POINT('',(10.502475310036,-1.340046640646,
    11.036316727707));
#1113 = CARTESIAN_POINT('',(10.516452685755,-1.509993144077,
    10.991866307767));
#1114 = CARTESIAN_POINT('',(10.526058322297,-1.616952013862,
    10.961131894668));
#1115 = CARTESIAN_POINT('',(10.536316593456,-1.722438441992,
    10.92807691325));
#1116 = CARTESIAN_POINT('',(10.547181078069,-1.826360803039,
    10.89278608901));
#1117 = CARTESIAN_POINT('',(10.558603764551,-1.928641844241,
    10.855345584793));
#1118 = CARTESIAN_POINT('',(10.570536044188,-2.029217093425,
    10.815840906848));
#1119 = CARTESIAN_POINT('',(10.627949076562,-2.486978243738,
    10.623658571291));
#1120 = CARTESIAN_POINT('',(10.678991961933,-2.822202117959,
    10.447033124319));
#1121 = CARTESIAN_POINT('',(10.733821099441,-3.132140404999,
    10.248220696923));
#1122 = CARTESIAN_POINT('',(10.790228823991,-3.415850627471,
    10.03054574019));
#1123 = CARTESIAN_POINT('',(10.846198460068,-3.672759559722,
    9.796798813285));
#1124 = CARTESIAN_POINT('',(10.899970778894,-3.902558383112,
    9.54918349237));
#1125 = CARTESIAN_POINT('',(10.95,-4.104875150355,9.289104628452));
#1126 = PCURVE('',#822,#1127);
#1127 = DEFINITIONAL_REPRESENTATION('',(#1128),#1179);
#1128 = B_SPLINE_CURVE_WITH_KNOTS('',7,(#1129,#1130,#1131,#1132,#1133,
    #1134,#1135,#1136,#1137,#1138,#1139,#1140,#1141,#1142,#1143,#1144,
    #1145,#1146,#1147,#1148,#1149,#1150,#1151,#1152,#1153,#1154,#1155,
    #1156,#1157,#1158,#1159,#1160,#1161,#1162,#1163,#1164,#1165,#1166,
    #1167,#1168,#1169,#1170,#1171,#1172,#1173,#1174,#1175,#1176,#1177,
    #1178),.UNSPECIFIED.,.F.,.F.,(8,6,6,6,6,6,6,6,8),(0.,0.283912739484,
    0.362071436966,0.406534118012,0.49978090456,0.593469249149,
    0.637932058956,0.716091091136,1.),.UNSPECIFIED.);
#1129 = CARTESIAN_POINT('',(-2.632891198165,2.45));
#1130 = CARTESIAN_POINT('',(-2.563595754215,2.399970097673));
#1131 = CARTESIAN_POINT('',(-2.492047332906,2.346196997373));
#1132 = CARTESIAN_POINT('',(-2.417669637094,2.29022654072));
#1133 = CARTESIAN_POINT('',(-2.340003185533,2.233818029869));
#1134 = CARTESIAN_POINT('',(-2.258670228385,2.178988230396));
#1135 = CARTESIAN_POINT('',(-2.173419232763,2.127944908587));
#1136 = CARTESIAN_POINT('',(-2.05960651027,2.070531946901));
#1137 = CARTESIAN_POINT('',(-2.034745255015,2.058599863358));
#1138 = CARTESIAN_POINT('',(-2.009594333873,2.047177380521));
#1139 = CARTESIAN_POINT('',(-1.984159882268,2.036313106442));
#1140 = CARTESIAN_POINT('',(-1.95845116024,2.02605505192));
#1141 = CARTESIAN_POINT('',(-1.932480901546,2.016449637206));
#1142 = CARTESIAN_POINT('',(-1.891352417791,2.002472608991));
#1143 = CARTESIAN_POINT('',(-1.876359897281,1.997629867542));
#1144 = CARTESIAN_POINT('',(-1.861291175842,1.993020635809));
#1145 = CARTESIAN_POINT('',(-1.846149708214,1.988652654321));
#1146 = CARTESIAN_POINT('',(-1.830939329249,1.984533242681));
#1147 = CARTESIAN_POINT('',(-1.815664253914,1.98066929957));
#1148 = CARTESIAN_POINT('',(-1.768168264941,1.969513223212));
#1149 = CARTESIAN_POINT('',(-1.73574102065,1.963110558851));
#1150 = CARTESIAN_POINT('',(-1.703092879215,1.957919214739));
#1151 = CARTESIAN_POINT('',(-1.670273181436,1.953986961019));
#1152 = CARTESIAN_POINT('',(-1.637335254606,1.95134751539));
#1153 = CARTESIAN_POINT('',(-1.604336593019,1.950018625597));
#1154 = CARTESIAN_POINT('',(-1.538185228282,1.949981590761));
#1155 = CARTESIAN_POINT('',(-1.505028886821,1.951285883283));
#1156 = CARTESIAN_POINT('',(-1.471932775173,1.953913503939));
#1157 = CARTESIAN_POINT('',(-1.438955244121,1.957846682266));
#1158 = CARTESIAN_POINT('',(-1.406150417149,1.963051357867));
#1159 = CARTESIAN_POINT('',(-1.373568373436,1.96947913539));
#1160 = CARTESIAN_POINT('',(-1.325920139783,1.980671366936));
#1161 = CARTESIAN_POINT('',(-1.310645052087,1.984535439643));
#1162 = CARTESIAN_POINT('',(-1.29543466278,1.988654979648));
#1163 = CARTESIAN_POINT('',(-1.280293186744,1.993023088063));
#1164 = CARTESIAN_POINT('',(-1.265224458745,1.997632445093));
#1165 = CARTESIAN_POINT('',(-1.250231933424,2.002475310036));
#1166 = CARTESIAN_POINT('',(-1.20910340461,2.016452685755));
#1167 = CARTESIAN_POINT('',(-1.183133109813,2.026058322297));
#1168 = CARTESIAN_POINT('',(-1.15742435698,2.036316593456));
#1169 = CARTESIAN_POINT('',(-1.131989879358,2.047181078069));
#1170 = CARTESIAN_POINT('',(-1.106838936468,2.058603764551));
#1171 = CARTESIAN_POINT('',(-1.081977663213,2.070536044188));
#1172 = CARTESIAN_POINT('',(-0.968166458555,2.127949076562));
#1173 = CARTESIAN_POINT('',(-0.882916890593,2.178991961933));
#1174 = CARTESIAN_POINT('',(-0.801585241831,2.233821099441));
#1175 = CARTESIAN_POINT('',(-0.723919982202,2.290228823991));
#1176 = CARTESIAN_POINT('',(-0.649543374551,2.346198460068));
#1177 = CARTESIAN_POINT('',(-0.577995955829,2.399970778894));
#1178 = CARTESIAN_POINT('',(-0.508701455424,2.45));
#1179 = ( GEOMETRIC_REPRESENTATION_CONTEXT(2) 
PARAMETRIC_REPRESENTATION_CONTEXT() REPRESENTATION_CONTEXT('2D SPACE',''
  ) );
#1180 = PCURVE('',#587,#1181);
#1181 = DEFINITIONAL_REPRESENTATION('',(#1182),#1233);
#1182 = B_SPLINE_CURVE_WITH_KNOTS('',7,(#1183,#1184,#1185,#1186,#1187,
    #1188,#1189,#1190,#1191,#1192,#1193,#1194,#1195,#1196,#1197,#1198,
    #1199,#1200,#1201,#1202,#1203,#1204,#1205,#1206,#1207,#1208,#1209,
    #1210,#1211,#1212,#1213,#1214,#1215,#1216,#1217,#1218,#1219,#1220,
    #1221,#1222,#1223,#1224,#1225,#1226,#1227,#1228,#1229,#1230,#1231,
    #1232),.UNSPECIFIED.,.F.,.F.,(8,6,6,6,6,6,6,6,8),(0.,0.283912739484,
    0.362071436966,0.406534118012,0.49978090456,0.593469249149,
    0.637932058956,0.716091091136,1.),.UNSPECIFIED.);
#1183 = CARTESIAN_POINT('',(-3.384011224186,9.289104628452));
#1184 = CARTESIAN_POINT('',(-3.371823301169,9.549187033725));
#1185 = CARTESIAN_POINT('',(-3.358022641863,9.796805547874));
#1186 = CARTESIAN_POINT('',(-3.342649115819,10.030555276376));
#1187 = CARTESIAN_POINT('',(-3.325738437481,10.248232543208));
#1188 = CARTESIAN_POINT('',(-3.307339464418,10.447046654776));
#1189 = CARTESIAN_POINT('',(-3.287516288106,10.623672993491));
#1190 = CARTESIAN_POINT('',(-3.260536501462,10.815854492416));
#1191 = CARTESIAN_POINT('',(-3.254613787552,10.855358407501));
#1192 = CARTESIAN_POINT('',(-3.248595483871,10.892798145339));
#1193 = CARTESIAN_POINT('',(-3.24248531168,10.92808820049));
#1194 = CARTESIAN_POINT('',(-3.236287681887,10.961142411211));
#1195 = CARTESIAN_POINT('',(-3.230007784981,10.991876053407));
#1196 = CARTESIAN_POINT('',(-3.220035839944,11.036325288607));
#1197 = CARTESIAN_POINT('',(-3.21639533822,11.05166547862));
#1198 = CARTESIAN_POINT('',(-3.212731297441,11.066213352094));
#1199 = CARTESIAN_POINT('',(-3.20904492625,11.079954458785));
#1200 = CARTESIAN_POINT('',(-3.205337520301,11.092875050742));
#1201 = CARTESIAN_POINT('',(-3.201610462251,11.104962082305));
#1202 = CARTESIAN_POINT('',(-3.190010732739,11.139778015316));
#1203 = CARTESIAN_POINT('',(-3.18207576151,11.159634179346));
#1204 = CARTESIAN_POINT('',(-3.174074643014,11.175656914123));
#1205 = CARTESIAN_POINT('',(-3.166022538161,11.187754272886));
#1206 = CARTESIAN_POINT('',(-3.157935512265,11.195861068671));
#1207 = CARTESIAN_POINT('',(-3.149830613472,11.199942792806));
#1208 = CARTESIAN_POINT('',(-3.133582910337,11.200056542668));
#1209 = CARTESIAN_POINT('',(-3.125439214161,11.196050363137));
#1210 = CARTESIAN_POINT('',(-3.117313239518,11.18798025735));
#1211 = CARTESIAN_POINT('',(-3.109222286136,11.175880780101));
#1212 = CARTESIAN_POINT('',(-3.10118265651,11.159817783891));
#1213 = CARTESIAN_POINT('',(-3.093209735788,11.13988442438));
#1214 = CARTESIAN_POINT('',(-3.081572829268,11.104955617338));
#1215 = CARTESIAN_POINT('',(-3.077845769967,11.092868165072));
#1216 = CARTESIAN_POINT('',(-3.074138363417,11.079947152821));
#1217 = CARTESIAN_POINT('',(-3.07045199226,11.066205626612));
#1218 = CARTESIAN_POINT('',(-3.066787952132,11.051657334727));
#1219 = CARTESIAN_POINT('',(-3.063147451659,11.036316727707));
#1220 = CARTESIAN_POINT('',(-3.053175502859,10.991866307767));
#1221 = CARTESIAN_POINT('',(-3.046895602366,10.961131894668));
#1222 = CARTESIAN_POINT('',(-3.040697970909,10.92807691325));
#1223 = CARTESIAN_POINT('',(-3.03458779889,10.89278608901));
#1224 = CARTESIAN_POINT('',(-3.02856949713,10.855345584793));
#1225 = CARTESIAN_POINT('',(-3.022646786806,10.815840906848));
#1226 = CARTESIAN_POINT('',(-2.995667400127,10.623658571291));
#1227 = CARTESIAN_POINT('',(-2.97584459074,10.447033124319));
#1228 = CARTESIAN_POINT('',(-2.957445949543,10.248220696923));
#1229 = CARTESIAN_POINT('',(-2.940535564209,10.03054574019));
#1230 = CARTESIAN_POINT('',(-2.925162289897,9.796798813285));
#1231 = CARTESIAN_POINT('',(-2.911361840056,9.54918349237));
#1232 = CARTESIAN_POINT('',(-2.899174082994,9.289104628452));
#1233 = ( GEOMETRIC_REPRESENTATION_CONTEXT(2) 
PARAMETRIC_REPRESENTATION_CONTEXT() REPRESENTATION_CONTEXT('2D SPACE',''
  ) );
#1234 = ORIENTED_EDGE('',*,*,#1235,.F.);
#1235 = EDGE_CURVE('',#884,#1072,#1236,.T.);
#1236 = SURFACE_CURVE('',#1237,(#1242,#1249),.PCURVE_S1.);
#1237 = CIRCLE('',#1238,4.7);
#1238 = AXIS2_PLACEMENT_3D('',#1239,#1240,#1241);
#1239 = CARTESIAN_POINT('',(10.95,0.,7.));
#1240 = DIRECTION('',(-1.,0.,0.));
#1241 = DIRECTION('',(0.,-1.,0.));
#1242 = PCURVE('',#822,#1243);
#1243 = DEFINITIONAL_REPRESENTATION('',(#1244),#1248);
#1244 = LINE('',#1245,#1246);
#1245 = CARTESIAN_POINT('',(-0.,2.45));
#1246 = VECTOR('',#1247,1.);
#1247 = DIRECTION('',(-1.,0.));
#1248 = ( GEOMETRIC_REPRESENTATION_CONTEXT(2) 
PARAMETRIC_REPRESENTATION_CONTEXT() REPRESENTATION_CONTEXT('2D SPACE',''
  ) );
#1249 = PCURVE('',#923,#1250);
#1250 = DEFINITIONAL_REPRESENTATION('',(#1251),#1259);
#1251 = ( BOUNDED_CURVE() B_SPLINE_CURVE(2,(#1252,#1253,#1254,#1255,
#1256,#1257,#1258),.UNSPECIFIED.,.T.,.F.) B_SPLINE_CURVE_WITH_KNOTS((1,2
    ,2,2,2,1),(-2.094395102393,0.,2.094395102393,4.188790204786,
6.28318530718,8.377580409573),.UNSPECIFIED.) CURVE() 
GEOMETRIC_REPRESENTATION_ITEM() RATIONAL_B_SPLINE_CURVE((1.,0.5,1.,0.5,
1.,0.5,1.)) REPRESENTATION_ITEM('') );
#1252 = CARTESIAN_POINT('',(-4.7,0.));
#1253 = CARTESIAN_POINT('',(-4.7,8.140638795574));
#1254 = CARTESIAN_POINT('',(2.35,4.070319397787));
#1255 = CARTESIAN_POINT('',(9.4,1.151167991199E-15));
#1256 = CARTESIAN_POINT('',(2.35,-4.070319397787));
#1257 = CARTESIAN_POINT('',(-4.7,-8.140638795574));
#1258 = CARTESIAN_POINT('',(-4.7,0.));
#1259 = ( GEOMETRIC_REPRESENTATION_CONTEXT(2) 
PARAMETRIC_REPRESENTATION_CONTEXT() REPRESENTATION_CONTEXT('2D SPACE',''
  ) );
#1260 = ORIENTED_EDGE('',*,*,#881,.F.);
#1261 = ORIENTED_EDGE('',*,*,#1262,.T.);
#1262 = EDGE_CURVE('',#882,#882,#1263,.T.);
#1263 = SURFACE_CURVE('',#1264,(#1269,#1276),.PCURVE_S1.);
#1264 = CIRCLE('',#1265,2.25);
#1265 = AXIS2_PLACEMENT_3D('',#1266,#1267,#1268);
#1266 = CARTESIAN_POINT('',(8.5,0.,7.));
#1267 = DIRECTION('',(-1.,0.,0.));
#1268 = DIRECTION('',(0.,-1.,0.));
#1269 = PCURVE('',#822,#1270);
#1270 = DEFINITIONAL_REPRESENTATION('',(#1271),#1275);
#1271 = LINE('',#1272,#1273);
#1272 = CARTESIAN_POINT('',(-0.,0.));
#1273 = VECTOR('',#1274,1.);
#1274 = DIRECTION('',(-1.,0.));
#1275 = ( GEOMETRIC_REPRESENTATION_CONTEXT(2) 
PARAMETRIC_REPRESENTATION_CONTEXT() REPRESENTATION_CONTEXT('2D SPACE',''
  ) );
#1276 = PCURVE('',#1277,#1282);
#1277 = CYLINDRICAL_SURFACE('',#1278,2.25);
#1278 = AXIS2_PLACEMENT_3D('',#1279,#1280,#1281);
#1279 = CARTESIAN_POINT('',(-1.,0.,7.));
#1280 = DIRECTION('',(1.,0.,0.));
#1281 = DIRECTION('',(0.,-1.,0.));
#1282 = DEFINITIONAL_REPRESENTATION('',(#1283),#1287);
#1283 = LINE('',#1284,#1285);
#1284 = CARTESIAN_POINT('',(-0.,9.5));
#1285 = VECTOR('',#1286,1.);
#1286 = DIRECTION('',(-1.,0.));
#1287 = ( GEOMETRIC_REPRESENTATION_CONTEXT(2) 
PARAMETRIC_REPRESENTATION_CONTEXT() REPRESENTATION_CONTEXT('2D SPACE',''
  ) );
#1288 = ADVANCED_FACE('',(#1289),#1277,.F.);
#1289 = FACE_BOUND('',#1290,.T.);
#1290 = EDGE_LOOP('',(#1291,#1314,#1315,#1316));
#1291 = ORIENTED_EDGE('',*,*,#1292,.T.);
#1292 = EDGE_CURVE('',#1293,#882,#1295,.T.);
#1293 = VERTEX_POINT('',#1294);
#1294 = CARTESIAN_POINT('',(0.,-2.25,7.));
#1295 = SEAM_CURVE('',#1296,(#1300,#1307),.PCURVE_S1.);
#1296 = LINE('',#1297,#1298);
#1297 = CARTESIAN_POINT('',(-1.,-2.25,7.));
#1298 = VECTOR('',#1299,1.);
#1299 = DIRECTION('',(1.,0.,0.));
#1300 = PCURVE('',#1277,#1301);
#1301 = DEFINITIONAL_REPRESENTATION('',(#1302),#1306);
#1302 = LINE('',#1303,#1304);
#1303 = CARTESIAN_POINT('',(-6.28318530718,-0.));
#1304 = VECTOR('',#1305,1.);
#1305 = DIRECTION('',(-0.,1.));
#1306 = ( GEOMETRIC_REPRESENTATION_CONTEXT(2) 
PARAMETRIC_REPRESENTATION_CONTEXT() REPRESENTATION_CONTEXT('2D SPACE',''
  ) );
#1307 = PCURVE('',#1277,#1308);
#1308 = DEFINITIONAL_REPRESENTATION('',(#1309),#1313);
#1309 = LINE('',#1310,#1311);
#1310 = CARTESIAN_POINT('',(-0.,-0.));
#1311 = VECTOR('',#1312,1.);
#1312 = DIRECTION('',(-0.,1.));
#1313 = ( GEOMETRIC_REPRESENTATION_CONTEXT(2) 
PARAMETRIC_REPRESENTATION_CONTEXT() REPRESENTATION_CONTEXT('2D SPACE',''
  ) );
#1314 = ORIENTED_EDGE('',*,*,#1262,.F.);
#1315 = ORIENTED_EDGE('',*,*,#1292,.F.);
#1316 = ORIENTED_EDGE('',*,*,#1317,.T.);
#1317 = EDGE_CURVE('',#1293,#1293,#1318,.T.);
#1318 = SURFACE_CURVE('',#1319,(#1324,#1331),.PCURVE_S1.);
#1319 = CIRCLE('',#1320,2.25);
#1320 = AXIS2_PLACEMENT_3D('',#1321,#1322,#1323);
#1321 = CARTESIAN_POINT('',(0.,0.,7.));
#1322 = DIRECTION('',(-1.,0.,-0.));
#1323 = DIRECTION('',(-0.,-1.,0.));
#1324 = PCURVE('',#1277,#1325);
#1325 = DEFINITIONAL_REPRESENTATION('',(#1326),#1330);
#1326 = LINE('',#1327,#1328);
#1327 = CARTESIAN_POINT('',(-0.,1.));
#1328 = VECTOR('',#1329,1.);
#1329 = DIRECTION('',(-1.,0.));
#1330 = ( GEOMETRIC_REPRESENTATION_CONTEXT(2) 
PARAMETRIC_REPRESENTATION_CONTEXT() REPRESENTATION_CONTEXT('2D SPACE',''
  ) );
#1331 = PCURVE('',#1332,#1337);
#1332 = PLANE('',#1333);
#1333 = AXIS2_PLACEMENT_3D('',#1334,#1335,#1336);
#1334 = CARTESIAN_POINT('',(0.,11.,-1.5));
#1335 = DIRECTION('',(1.,-0.,-0.));
#1336 = DIRECTION('',(0.,0.,-1.));
#1337 = DEFINITIONAL_REPRESENTATION('',(#1338),#1346);
#1338 = ( BOUNDED_CURVE() B_SPLINE_CURVE(2,(#1339,#1340,#1341,#1342,
#1343,#1344,#1345),.UNSPECIFIED.,.T.,.F.) B_SPLINE_CURVE_WITH_KNOTS((1,2
    ,2,2,2,1),(-2.094395102393,0.,2.094395102393,4.188790204786,
6.28318530718,8.377580409573),.UNSPECIFIED.) CURVE() 
GEOMETRIC_REPRESENTATION_ITEM() RATIONAL_B_SPLINE_CURVE((1.,0.5,1.,0.5,
1.,0.5,1.)) REPRESENTATION_ITEM('') );
#1339 = CARTESIAN_POINT('',(-8.5,-13.25));
#1340 = CARTESIAN_POINT('',(-12.39711431703,-13.25));
#1341 = CARTESIAN_POINT('',(-10.44855715851,-9.875));
#1342 = CARTESIAN_POINT('',(-8.5,-6.5));
#1343 = CARTESIAN_POINT('',(-6.551442841485,-9.875));
#1344 = CARTESIAN_POINT('',(-4.60288568297,-13.25));
#1345 = CARTESIAN_POINT('',(-8.5,-13.25));
#1346 = ( GEOMETRIC_REPRESENTATION_CONTEXT(2) 
PARAMETRIC_REPRESENTATION_CONTEXT() REPRESENTATION_CONTEXT('2D SPACE',''
  ) );
#1347 = ADVANCED_FACE('',(#1348,#1462,#1465),#1332,.F.);
#1348 = FACE_BOUND('',#1349,.T.);
#1349 = EDGE_LOOP('',(#1350,#1380,#1408,#1436));
#1350 = ORIENTED_EDGE('',*,*,#1351,.F.);
#1351 = EDGE_CURVE('',#1352,#1354,#1356,.T.);
#1352 = VERTEX_POINT('',#1353);
#1353 = CARTESIAN_POINT('',(0.,11.,-1.5));
#1354 = VERTEX_POINT('',#1355);
#1355 = CARTESIAN_POINT('',(0.,11.,35.5));
#1356 = SURFACE_CURVE('',#1357,(#1361,#1368),.PCURVE_S1.);
#1357 = LINE('',#1358,#1359);
#1358 = CARTESIAN_POINT('',(0.,11.,-1.5));
#1359 = VECTOR('',#1360,1.);
#1360 = DIRECTION('',(-0.,-0.,1.));
#1361 = PCURVE('',#1332,#1362);
#1362 = DEFINITIONAL_REPRESENTATION('',(#1363),#1367);
#1363 = LINE('',#1364,#1365);
#1364 = CARTESIAN_POINT('',(-0.,0.));
#1365 = VECTOR('',#1366,1.);
#1366 = DIRECTION('',(-1.,0.));
#1367 = ( GEOMETRIC_REPRESENTATION_CONTEXT(2) 
PARAMETRIC_REPRESENTATION_CONTEXT() REPRESENTATION_CONTEXT('2D SPACE',''
  ) );
#1368 = PCURVE('',#1369,#1374);
#1369 = PLANE('',#1370);
#1370 = AXIS2_PLACEMENT_3D('',#1371,#1372,#1373);
#1371 = CARTESIAN_POINT('',(0.,11.,-1.5));
#1372 = DIRECTION('',(-0.,-1.,0.));
#1373 = DIRECTION('',(0.,0.,-1.));
#1374 = DEFINITIONAL_REPRESENTATION('',(#1375),#1379);
#1375 = LINE('',#1376,#1377);
#1376 = CARTESIAN_POINT('',(-0.,0.));
#1377 = VECTOR('',#1378,1.);
#1378 = DIRECTION('',(-1.,0.));
#1379 = ( GEOMETRIC_REPRESENTATION_CONTEXT(2) 
PARAMETRIC_REPRESENTATION_CONTEXT() REPRESENTATION_CONTEXT('2D SPACE',''
  ) );
#1380 = ORIENTED_EDGE('',*,*,#1381,.T.);
#1381 = EDGE_CURVE('',#1352,#1382,#1384,.T.);
#1382 = VERTEX_POINT('',#1383);
#1383 = CARTESIAN_POINT('',(0.,-11.,-1.5));
#1384 = SURFACE_CURVE('',#1385,(#1389,#1396),.PCURVE_S1.);
#1385 = LINE('',#1386,#1387);
#1386 = CARTESIAN_POINT('',(0.,11.,-1.5));
#1387 = VECTOR('',#1388,1.);
#1388 = DIRECTION('',(-0.,-1.,0.));
#1389 = PCURVE('',#1332,#1390);
#1390 = DEFINITIONAL_REPRESENTATION('',(#1391),#1395);
#1391 = LINE('',#1392,#1393);
#1392 = CARTESIAN_POINT('',(-0.,0.));
#1393 = VECTOR('',#1394,1.);
#1394 = DIRECTION('',(-0.,-1.));
#1395 = ( GEOMETRIC_REPRESENTATION_CONTEXT(2) 
PARAMETRIC_REPRESENTATION_CONTEXT() REPRESENTATION_CONTEXT('2D SPACE',''
  ) );
#1396 = PCURVE('',#1397,#1402);
#1397 = PLANE('',#1398);
#1398 = AXIS2_PLACEMENT_3D('',#1399,#1400,#1401);
#1399 = CARTESIAN_POINT('',(0.,11.,-1.5));
#1400 = DIRECTION('',(-0.,-0.,1.));
#1401 = DIRECTION('',(-1.,0.,0.));
#1402 = DEFINITIONAL_REPRESENTATION('',(#1403),#1407);
#1403 = LINE('',#1404,#1405);
#1404 = CARTESIAN_POINT('',(-0.,0.));
#1405 = VECTOR('',#1406,1.);
#1406 = DIRECTION('',(-0.,1.));
#1407 = ( GEOMETRIC_REPRESENTATION_CONTEXT(2) 
PARAMETRIC_REPRESENTATION_CONTEXT() REPRESENTATION_CONTEXT('2D SPACE',''
  ) );
#1408 = ORIENTED_EDGE('',*,*,#1409,.T.);
#1409 = EDGE_CURVE('',#1382,#1410,#1412,.T.);
#1410 = VERTEX_POINT('',#1411);
#1411 = CARTESIAN_POINT('',(0.,-11.,35.5));
#1412 = SURFACE_CURVE('',#1413,(#1417,#1424),.PCURVE_S1.);
#1413 = LINE('',#1414,#1415);
#1414 = CARTESIAN_POINT('',(0.,-11.,-1.5));
#1415 = VECTOR('',#1416,1.);
#1416 = DIRECTION('',(-0.,-0.,1.));
#1417 = PCURVE('',#1332,#1418);
#1418 = DEFINITIONAL_REPRESENTATION('',(#1419),#1423);
#1419 = LINE('',#1420,#1421);
#1420 = CARTESIAN_POINT('',(-0.,-22.));
#1421 = VECTOR('',#1422,1.);
#1422 = DIRECTION('',(-1.,0.));
#1423 = ( GEOMETRIC_REPRESENTATION_CONTEXT(2) 
PARAMETRIC_REPRESENTATION_CONTEXT() REPRESENTATION_CONTEXT('2D SPACE',''
  ) );
#1424 = PCURVE('',#1425,#1430);
#1425 = PLANE('',#1426);
#1426 = AXIS2_PLACEMENT_3D('',#1427,#1428,#1429);
#1427 = CARTESIAN_POINT('',(0.,-11.,-1.5));
#1428 = DIRECTION('',(-0.,-1.,0.));
#1429 = DIRECTION('',(0.,0.,-1.));
#1430 = DEFINITIONAL_REPRESENTATION('',(#1431),#1435);
#1431 = LINE('',#1432,#1433);
#1432 = CARTESIAN_POINT('',(-0.,0.));
#1433 = VECTOR('',#1434,1.);
#1434 = DIRECTION('',(-1.,0.));
#1435 = ( GEOMETRIC_REPRESENTATION_CONTEXT(2) 
PARAMETRIC_REPRESENTATION_CONTEXT() REPRESENTATION_CONTEXT('2D SPACE',''
  ) );
#1436 = ORIENTED_EDGE('',*,*,#1437,.F.);
#1437 = EDGE_CURVE('',#1354,#1410,#1438,.T.);
#1438 = SURFACE_CURVE('',#1439,(#1443,#1450),.PCURVE_S1.);
#1439 = LINE('',#1440,#1441);
#1440 = CARTESIAN_POINT('',(0.,11.,35.5));
#1441 = VECTOR('',#1442,1.);
#1442 = DIRECTION('',(-0.,-1.,0.));
#1443 = PCURVE('',#1332,#1444);
#1444 = DEFINITIONAL_REPRESENTATION('',(#1445),#1449);
#1445 = LINE('',#1446,#1447);
#1446 = CARTESIAN_POINT('',(-37.,0.));
#1447 = VECTOR('',#1448,1.);
#1448 = DIRECTION('',(-0.,-1.));
#1449 = ( GEOMETRIC_REPRESENTATION_CONTEXT(2) 
PARAMETRIC_REPRESENTATION_CONTEXT() REPRESENTATION_CONTEXT('2D SPACE',''
  ) );
#1450 = PCURVE('',#1451,#1456);
#1451 = PLANE('',#1452);
#1452 = AXIS2_PLACEMENT_3D('',#1453,#1454,#1455);
#1453 = CARTESIAN_POINT('',(0.,11.,35.5));
#1454 = DIRECTION('',(-0.,-0.,1.));
#1455 = DIRECTION('',(-1.,0.,0.));
#1456 = DEFINITIONAL_REPRESENTATION('',(#1457),#1461);
#1457 = LINE('',#1458,#1459);
#1458 = CARTESIAN_POINT('',(-0.,0.));
#1459 = VECTOR('',#1460,1.);
#1460 = DIRECTION('',(-0.,1.));
#1461 = ( GEOMETRIC_REPRESENTATION_CONTEXT(2) 
PARAMETRIC_REPRESENTATION_CONTEXT() REPRESENTATION_CONTEXT('2D SPACE',''
  ) );
#1462 = FACE_BOUND('',#1463,.T.);
#1463 = EDGE_LOOP('',(#1464));
#1464 = ORIENTED_EDGE('',*,*,#1317,.F.);
#1465 = FACE_BOUND('',#1466,.T.);
#1466 = EDGE_LOOP('',(#1467));
#1467 = ORIENTED_EDGE('',*,*,#1468,.F.);
#1468 = EDGE_CURVE('',#1469,#1469,#1471,.T.);
#1469 = VERTEX_POINT('',#1470);
#1470 = CARTESIAN_POINT('',(0.,-2.25,27.));
#1471 = SURFACE_CURVE('',#1472,(#1477,#1488),.PCURVE_S1.);
#1472 = CIRCLE('',#1473,2.25);
#1473 = AXIS2_PLACEMENT_3D('',#1474,#1475,#1476);
#1474 = CARTESIAN_POINT('',(0.,0.,27.));
#1475 = DIRECTION('',(-1.,0.,-0.));
#1476 = DIRECTION('',(-0.,-1.,0.));
#1477 = PCURVE('',#1332,#1478);
#1478 = DEFINITIONAL_REPRESENTATION('',(#1479),#1487);
#1479 = ( BOUNDED_CURVE() B_SPLINE_CURVE(2,(#1480,#1481,#1482,#1483,
#1484,#1485,#1486),.UNSPECIFIED.,.T.,.F.) B_SPLINE_CURVE_WITH_KNOTS((1,2
    ,2,2,2,1),(-2.094395102393,0.,2.094395102393,4.188790204786,
6.28318530718,8.377580409573),.UNSPECIFIED.) CURVE() 
GEOMETRIC_REPRESENTATION_ITEM() RATIONAL_B_SPLINE_CURVE((1.,0.5,1.,0.5,
1.,0.5,1.)) REPRESENTATION_ITEM('') );
#1480 = CARTESIAN_POINT('',(-28.5,-13.25));
#1481 = CARTESIAN_POINT('',(-32.39711431703,-13.25));
#1482 = CARTESIAN_POINT('',(-30.44855715851,-9.875));
#1483 = CARTESIAN_POINT('',(-28.5,-6.5));
#1484 = CARTESIAN_POINT('',(-26.55144284148,-9.875));
#1485 = CARTESIAN_POINT('',(-24.60288568297,-13.25));
#1486 = CARTESIAN_POINT('',(-28.5,-13.25));
#1487 = ( GEOMETRIC_REPRESENTATION_CONTEXT(2) 
PARAMETRIC_REPRESENTATION_CONTEXT() REPRESENTATION_CONTEXT('2D SPACE',''
  ) );
#1488 = PCURVE('',#1489,#1494);
#1489 = CYLINDRICAL_SURFACE('',#1490,2.25);
#1490 = AXIS2_PLACEMENT_3D('',#1491,#1492,#1493);
#1491 = CARTESIAN_POINT('',(-1.,0.,27.));
#1492 = DIRECTION('',(1.,0.,0.));
#1493 = DIRECTION('',(0.,-1.,0.));
#1494 = DEFINITIONAL_REPRESENTATION('',(#1495),#1499);
#1495 = LINE('',#1496,#1497);
#1496 = CARTESIAN_POINT('',(-0.,1.));
#1497 = VECTOR('',#1498,1.);
#1498 = DIRECTION('',(-1.,0.));
#1499 = ( GEOMETRIC_REPRESENTATION_CONTEXT(2) 
PARAMETRIC_REPRESENTATION_CONTEXT() REPRESENTATION_CONTEXT('2D SPACE',''
  ) );
#1500 = ADVANCED_FACE('',(#1501),#1489,.F.);
#1501 = FACE_BOUND('',#1502,.T.);
#1502 = EDGE_LOOP('',(#1503,#1526,#1553,#1554));
#1503 = ORIENTED_EDGE('',*,*,#1504,.T.);
#1504 = EDGE_CURVE('',#1469,#1505,#1507,.T.);
#1505 = VERTEX_POINT('',#1506);
#1506 = CARTESIAN_POINT('',(3.8,-2.25,27.));
#1507 = SEAM_CURVE('',#1508,(#1512,#1519),.PCURVE_S1.);
#1508 = LINE('',#1509,#1510);
#1509 = CARTESIAN_POINT('',(-1.,-2.25,27.));
#1510 = VECTOR('',#1511,1.);
#1511 = DIRECTION('',(1.,0.,0.));
#1512 = PCURVE('',#1489,#1513);
#1513 = DEFINITIONAL_REPRESENTATION('',(#1514),#1518);
#1514 = LINE('',#1515,#1516);
#1515 = CARTESIAN_POINT('',(-6.28318530718,-0.));
#1516 = VECTOR('',#1517,1.);
#1517 = DIRECTION('',(-0.,1.));
#1518 = ( GEOMETRIC_REPRESENTATION_CONTEXT(2) 
PARAMETRIC_REPRESENTATION_CONTEXT() REPRESENTATION_CONTEXT('2D SPACE',''
  ) );
#1519 = PCURVE('',#1489,#1520);
#1520 = DEFINITIONAL_REPRESENTATION('',(#1521),#1525);
#1521 = LINE('',#1522,#1523);
#1522 = CARTESIAN_POINT('',(-0.,-0.));
#1523 = VECTOR('',#1524,1.);
#1524 = DIRECTION('',(-0.,1.));
#1525 = ( GEOMETRIC_REPRESENTATION_CONTEXT(2) 
PARAMETRIC_REPRESENTATION_CONTEXT() REPRESENTATION_CONTEXT('2D SPACE',''
  ) );
#1526 = ORIENTED_EDGE('',*,*,#1527,.F.);
#1527 = EDGE_CURVE('',#1505,#1505,#1528,.T.);
#1528 = SURFACE_CURVE('',#1529,(#1534,#1541),.PCURVE_S1.);
#1529 = CIRCLE('',#1530,2.25);
#1530 = AXIS2_PLACEMENT_3D('',#1531,#1532,#1533);
#1531 = CARTESIAN_POINT('',(3.8,0.,27.));
#1532 = DIRECTION('',(-1.,0.,0.));
#1533 = DIRECTION('',(0.,-1.,0.));
#1534 = PCURVE('',#1489,#1535);
#1535 = DEFINITIONAL_REPRESENTATION('',(#1536),#1540);
#1536 = LINE('',#1537,#1538);
#1537 = CARTESIAN_POINT('',(-0.,4.8));
#1538 = VECTOR('',#1539,1.);
#1539 = DIRECTION('',(-1.,0.));
#1540 = ( GEOMETRIC_REPRESENTATION_CONTEXT(2) 
PARAMETRIC_REPRESENTATION_CONTEXT() REPRESENTATION_CONTEXT('2D SPACE',''
  ) );
#1541 = PCURVE('',#1542,#1547);
#1542 = CONICAL_SURFACE('',#1543,2.25,0.785398163397);
#1543 = AXIS2_PLACEMENT_3D('',#1544,#1545,#1546);
#1544 = CARTESIAN_POINT('',(3.8,0.,27.));
#1545 = DIRECTION('',(1.,0.,0.));
#1546 = DIRECTION('',(0.,-1.,0.));
#1547 = DEFINITIONAL_REPRESENTATION('',(#1548),#1552);
#1548 = LINE('',#1549,#1550);
#1549 = CARTESIAN_POINT('',(-0.,0.));
#1550 = VECTOR('',#1551,1.);
#1551 = DIRECTION('',(-1.,0.));
#1552 = ( GEOMETRIC_REPRESENTATION_CONTEXT(2) 
PARAMETRIC_REPRESENTATION_CONTEXT() REPRESENTATION_CONTEXT('2D SPACE',''
  ) );
#1553 = ORIENTED_EDGE('',*,*,#1504,.F.);
#1554 = ORIENTED_EDGE('',*,*,#1468,.T.);
#1555 = ADVANCED_FACE('',(#1556),#1542,.F.);
#1556 = FACE_BOUND('',#1557,.T.);
#1557 = EDGE_LOOP('',(#1558,#1581,#1614,#1844,#1877,#2107,#2133,#2134));
#1558 = ORIENTED_EDGE('',*,*,#1559,.T.);
#1559 = EDGE_CURVE('',#1505,#1560,#1562,.T.);
#1560 = VERTEX_POINT('',#1561);
#1561 = CARTESIAN_POINT('',(6.25,-4.7,27.));
#1562 = SEAM_CURVE('',#1563,(#1567,#1574),.PCURVE_S1.);
#1563 = LINE('',#1564,#1565);
#1564 = CARTESIAN_POINT('',(3.8,-2.25,27.));
#1565 = VECTOR('',#1566,1.);
#1566 = DIRECTION('',(0.707106781187,-0.707106781187,-1.731912112471E-16
    ));
#1567 = PCURVE('',#1542,#1568);
#1568 = DEFINITIONAL_REPRESENTATION('',(#1569),#1573);
#1569 = LINE('',#1570,#1571);
#1570 = CARTESIAN_POINT('',(-6.28318530718,-0.));
#1571 = VECTOR('',#1572,1.);
#1572 = DIRECTION('',(-0.,1.));
#1573 = ( GEOMETRIC_REPRESENTATION_CONTEXT(2) 
PARAMETRIC_REPRESENTATION_CONTEXT() REPRESENTATION_CONTEXT('2D SPACE',''
  ) );
#1574 = PCURVE('',#1542,#1575);
#1575 = DEFINITIONAL_REPRESENTATION('',(#1576),#1580);
#1576 = LINE('',#1577,#1578);
#1577 = CARTESIAN_POINT('',(-0.,-0.));
#1578 = VECTOR('',#1579,1.);
#1579 = DIRECTION('',(-0.,1.));
#1580 = ( GEOMETRIC_REPRESENTATION_CONTEXT(2) 
PARAMETRIC_REPRESENTATION_CONTEXT() REPRESENTATION_CONTEXT('2D SPACE',''
  ) );
#1581 = ORIENTED_EDGE('',*,*,#1582,.F.);
#1582 = EDGE_CURVE('',#1583,#1560,#1585,.T.);
#1583 = VERTEX_POINT('',#1584);
#1584 = CARTESIAN_POINT('',(6.25,-4.642197755374,26.265153077165));
#1585 = SURFACE_CURVE('',#1586,(#1591,#1598),.PCURVE_S1.);
#1586 = CIRCLE('',#1587,4.7);
#1587 = AXIS2_PLACEMENT_3D('',#1588,#1589,#1590);
#1588 = CARTESIAN_POINT('',(6.25,0.,27.));
#1589 = DIRECTION('',(-1.,0.,0.));
#1590 = DIRECTION('',(0.,-1.,0.));
#1591 = PCURVE('',#1542,#1592);
#1592 = DEFINITIONAL_REPRESENTATION('',(#1593),#1597);
#1593 = LINE('',#1594,#1595);
#1594 = CARTESIAN_POINT('',(-0.,2.45));
#1595 = VECTOR('',#1596,1.);
#1596 = DIRECTION('',(-1.,0.));
#1597 = ( GEOMETRIC_REPRESENTATION_CONTEXT(2) 
PARAMETRIC_REPRESENTATION_CONTEXT() REPRESENTATION_CONTEXT('2D SPACE',''
  ) );
#1598 = PCURVE('',#1599,#1604);
#1599 = PLANE('',#1600);
#1600 = AXIS2_PLACEMENT_3D('',#1601,#1602,#1603);
#1601 = CARTESIAN_POINT('',(6.25,0.,27.));
#1602 = DIRECTION('',(1.,0.,0.));
#1603 = DIRECTION('',(0.,1.,0.));
#1604 = DEFINITIONAL_REPRESENTATION('',(#1605),#1613);
#1605 = ( BOUNDED_CURVE() B_SPLINE_CURVE(2,(#1606,#1607,#1608,#1609,
#1610,#1611,#1612),.UNSPECIFIED.,.T.,.F.) B_SPLINE_CURVE_WITH_KNOTS((1,2
    ,2,2,2,1),(-2.094395102393,0.,2.094395102393,4.188790204786,
6.28318530718,8.377580409573),.UNSPECIFIED.) CURVE() 
GEOMETRIC_REPRESENTATION_ITEM() RATIONAL_B_SPLINE_CURVE((1.,0.5,1.,0.5,
1.,0.5,1.)) REPRESENTATION_ITEM('') );
#1606 = CARTESIAN_POINT('',(-4.7,0.));
#1607 = CARTESIAN_POINT('',(-4.7,8.140638795574));
#1608 = CARTESIAN_POINT('',(2.35,4.070319397787));
#1609 = CARTESIAN_POINT('',(9.4,1.151167991199E-15));
#1610 = CARTESIAN_POINT('',(2.35,-4.070319397787));
#1611 = CARTESIAN_POINT('',(-4.7,-8.140638795574));
#1612 = CARTESIAN_POINT('',(-4.7,0.));
#1613 = ( GEOMETRIC_REPRESENTATION_CONTEXT(2) 
PARAMETRIC_REPRESENTATION_CONTEXT() REPRESENTATION_CONTEXT('2D SPACE',''
  ) );
#1614 = ORIENTED_EDGE('',*,*,#1615,.T.);
#1615 = EDGE_CURVE('',#1583,#1616,#1618,.T.);
#1616 = VERTEX_POINT('',#1617);
#1617 = CARTESIAN_POINT('',(6.25,4.642197755374,26.265153077165));
#1618 = SURFACE_CURVE('',#1619,(#1692,#1768),.PCURVE_S1.);
#1619 = B_SPLINE_CURVE_WITH_KNOTS('',8,(#1620,#1621,#1622,#1623,#1624,
    #1625,#1626,#1627,#1628,#1629,#1630,#1631,#1632,#1633,#1634,#1635,
    #1636,#1637,#1638,#1639,#1640,#1641,#1642,#1643,#1644,#1645,#1646,
    #1647,#1648,#1649,#1650,#1651,#1652,#1653,#1654,#1655,#1656,#1657,
    #1658,#1659,#1660,#1661,#1662,#1663,#1664,#1665,#1666,#1667,#1668,
    #1669,#1670,#1671,#1672,#1673,#1674,#1675,#1676,#1677,#1678,#1679,
    #1680,#1681,#1682,#1683,#1684,#1685,#1686,#1687,#1688,#1689,#1690,
    #1691),.UNSPECIFIED.,.F.,.F.,(9,7,7,7,7,7,7,7,7,7,9),(0.,
    0.251522022863,0.329736325451,0.393397223937,0.42793954005,
    0.500309810179,0.572029888881,0.606570743409,0.670227474862,
    0.74843355924,1.),.UNSPECIFIED.);
#1620 = CARTESIAN_POINT('',(6.25,-4.642197755374,26.265153077165));
#1621 = CARTESIAN_POINT('',(6.235486200923,-4.575603453144,
    25.937290147911));
#1622 = CARTESIAN_POINT('',(6.213794788433,-4.474931812867,
    25.613809359841));
#1623 = CARTESIAN_POINT('',(6.18541044637,-4.340363881291,
    25.296708342845));
#1624 = CARTESIAN_POINT('',(6.151107782998,-4.171963902836,
    24.988296320032));
#1625 = CARTESIAN_POINT('',(6.111975613303,-3.969877419084,
    24.69113566368));
#1626 = CARTESIAN_POINT('',(6.069403227734,-3.734263124282,
    24.408088714558));
#1627 = CARTESIAN_POINT('',(6.025024679306,-3.465370432914,
    24.142300074945));
#1628 = CARTESIAN_POINT('',(5.966906698939,-3.069056994961,
    23.82125806934));
#1629 = CARTESIAN_POINT('',(5.953129986225,-2.971849901267,
    23.747151810163));
#1630 = CARTESIAN_POINT('',(5.939419805386,-2.871455291296,
    23.675209197622));
#1631 = CARTESIAN_POINT('',(5.925837232156,-2.76789440872,
    23.605558799017));
#1632 = CARTESIAN_POINT('',(5.912446404998,-2.661198533164,
    23.538338499411));
#1633 = CARTESIAN_POINT('',(5.899314022585,-2.551410785377,
    23.473694170296));
#1634 = CARTESIAN_POINT('',(5.886508841286,-2.438587932404,
    23.411778338257));
#1635 = CARTESIAN_POINT('',(5.864002209842,-2.228560807562,
    23.304703037151));
#1636 = CARTESIAN_POINT('',(5.854166809971,-2.132358642254,
    23.258570459708));
#1637 = CARTESIAN_POINT('',(5.844632930941,-2.034237230482,
    23.214436981702));
#1638 = CARTESIAN_POINT('',(5.835439447403,-1.934247396085,
    23.172391879623));
#1639 = CARTESIAN_POINT('',(5.826625576499,-1.83245047745,
    23.132526388319));
#1640 = CARTESIAN_POINT('',(5.818230303608,-1.728919551882,
    23.094932243243));
#1641 = CARTESIAN_POINT('',(5.810291808086,-1.623740659959,
    23.059700222717));
#1642 = CARTESIAN_POINT('',(5.798807286133,-1.459104306966,
    23.009131475643));
#1643 = CARTESIAN_POINT('',(5.794912958146,-1.400739065318,
    22.992065630749));
#1644 = CARTESIAN_POINT('',(5.791169861234,-1.341934476286,
    22.975735497105));
#1645 = CARTESIAN_POINT('',(5.787583730573,-1.282707949131,
    22.960154933784));
#1646 = CARTESIAN_POINT('',(5.784160080324,-1.223078131038,
    22.945337317331));
#1647 = CARTESIAN_POINT('',(5.780904203636,-1.163064907122,
    22.931295541766));
#1648 = CARTESIAN_POINT('',(5.777821172643,-1.102689400425,
    22.918042018583));
#1649 = CARTESIAN_POINT('',(5.768828817017,-0.914767911165,
    22.879497441011));
#1650 = CARTESIAN_POINT('',(5.763521096995,-0.786059223379,
    22.856916131986));
#1651 = CARTESIAN_POINT('',(5.759037443973,-0.656066975548,
    22.837955750063));
#1652 = CARTESIAN_POINT('',(5.755415647202,-0.525023299986,
    22.822710060077));
#1653 = CARTESIAN_POINT('',(5.752685480986,-0.393173805355,
    22.811253014728));
#1654 = CARTESIAN_POINT('',(5.750867666055,-0.260777987684,
    22.803636178008));
#1655 = CARTESIAN_POINT('',(5.749972830932,-0.128109641396,
    22.79988614862));
#1656 = CARTESIAN_POINT('',(5.750027867346,0.136003320831,
    22.800116777497));
#1657 = CARTESIAN_POINT('',(5.750961242434,0.267465521527,
    22.804028293954));
#1658 = CARTESIAN_POINT('',(5.752800637211,0.398648814074,
    22.811736323615));
#1659 = CARTESIAN_POINT('',(5.755535374992,0.529286988893,
    22.823214148115));
#1660 = CARTESIAN_POINT('',(5.759145063971,0.659127741353,
    22.838411021979));
#1661 = CARTESIAN_POINT('',(5.763600597417,0.787932268615,
    22.857254654702));
#1662 = CARTESIAN_POINT('',(5.768865153874,0.915474866467,
    22.879653692845));
#1663 = CARTESIAN_POINT('',(5.777799305359,1.102257527781,
    22.917948048432));
#1664 = CARTESIAN_POINT('',(5.780881120711,1.162632755323,22.93119607152
    ));
#1665 = CARTESIAN_POINT('',(5.784135794264,1.222645845108,22.94523234708
    ));
#1666 = CARTESIAN_POINT('',(5.787558255736,1.282275671148,22.96004446794
    ));
#1667 = CARTESIAN_POINT('',(5.791143213717,1.341502345152,
    22.975619544062));
#1668 = CARTESIAN_POINT('',(5.794885155658,1.400307216524,
    22.991944202542));
#1669 = CARTESIAN_POINT('',(5.798778347881,1.458672872366,23.00900458761
    ));
#1670 = CARTESIAN_POINT('',(5.810259527134,1.623308296557,
    23.059557106042));
#1671 = CARTESIAN_POINT('',(5.818195842271,1.728486225174,
    23.094778288562));
#1672 = CARTESIAN_POINT('',(5.826588992967,1.832016677058,
    23.132361568894));
#1673 = CARTESIAN_POINT('',(5.83540080968,1.933813593026,23.172216189495
    ));
#1674 = CARTESIAN_POINT('',(5.84459231565,2.033803876869,23.214250432407
    ));
#1675 = CARTESIAN_POINT('',(5.854124301199,2.131926171251,23.25837307709
    ));
#1676 = CARTESIAN_POINT('',(5.863957898033,2.228129633595,
    23.304494858255));
#1677 = CARTESIAN_POINT('',(5.886460233075,2.43815594452,23.411543861349
    ));
#1678 = CARTESIAN_POINT('',(5.899262938609,2.550977125463,
    23.473443987649));
#1679 = CARTESIAN_POINT('',(5.912392976818,2.660764011671,
    23.538072486172));
#1680 = CARTESIAN_POINT('',(5.925781607581,2.767459813885,
    23.605276859588));
#1681 = CARTESIAN_POINT('',(5.939362146644,2.871021391499,
    23.674911261367));
#1682 = CARTESIAN_POINT('',(5.953070468292,2.971417447323,
    23.746837827502));
#1683 = CARTESIAN_POINT('',(5.966845508019,3.068626722349,23.82092800822
    ));
#1684 = CARTESIAN_POINT('',(6.024969748989,3.465037563682,
    24.141971126347));
#1685 = CARTESIAN_POINT('',(6.069358065212,3.734013189737,
    24.407788458172));
#1686 = CARTESIAN_POINT('',(6.111941036469,3.969698864521,
    24.690873073437));
#1687 = CARTESIAN_POINT('',(6.151083544434,4.17184490469,24.988078378021
    ));
#1688 = CARTESIAN_POINT('',(6.185395399413,4.340292542704,
    25.296540282501));
#1689 = CARTESIAN_POINT('',(6.213787113217,4.474896190621,
    25.613694982013));
#1690 = CARTESIAN_POINT('',(6.235483629808,4.575591655982,
    25.937232067086));
#1691 = CARTESIAN_POINT('',(6.25,4.642197755374,26.265153077165));
#1692 = PCURVE('',#1542,#1693);
#1693 = DEFINITIONAL_REPRESENTATION('',(#1694),#1767);
#1694 = B_SPLINE_CURVE_WITH_KNOTS('',8,(#1695,#1696,#1697,#1698,#1699,
    #1700,#1701,#1702,#1703,#1704,#1705,#1706,#1707,#1708,#1709,#1710,
    #1711,#1712,#1713,#1714,#1715,#1716,#1717,#1718,#1719,#1720,#1721,
    #1722,#1723,#1724,#1725,#1726,#1727,#1728,#1729,#1730,#1731,#1732,
    #1733,#1734,#1735,#1736,#1737,#1738,#1739,#1740,#1741,#1742,#1743,
    #1744,#1745,#1746,#1747,#1748,#1749,#1750,#1751,#1752,#1753,#1754,
    #1755,#1756,#1757,#1758,#1759,#1760,#1761,#1762,#1763,#1764,#1765,
    #1766),.UNSPECIFIED.,.F.,.F.,(9,7,7,7,7,7,7,7,7,7,9),(0.,
    0.251522022863,0.329736325451,0.393397223937,0.42793954005,
    0.500309810179,0.572029888881,0.606570743409,0.670227474862,
    0.74843355924,1.),.UNSPECIFIED.);
#1695 = CARTESIAN_POINT('',(-6.126190777621,2.45));
#1696 = CARTESIAN_POINT('',(-6.055075287701,2.435486200923));
#1697 = CARTESIAN_POINT('',(-5.983245028911,2.413794788433));
#1698 = CARTESIAN_POINT('',(-5.910135221059,2.38541044637));
#1699 = CARTESIAN_POINT('',(-5.835227605425,2.351107782998));
#1700 = CARTESIAN_POINT('',(-5.758019809155,2.311975613303));
#1701 = CARTESIAN_POINT('',(-5.678002152316,2.269403227734));
#1702 = CARTESIAN_POINT('',(-5.594674650913,2.225024679307));
#1703 = CARTESIAN_POINT('',(-5.480311128765,2.166906698939));
#1704 = CARTESIAN_POINT('',(-5.452814652591,2.153129986225));
#1705 = CARTESIAN_POINT('',(-5.424935353615,2.139419805386));
#1706 = CARTESIAN_POINT('',(-5.396661580882,2.125837232156));
#1707 = CARTESIAN_POINT('',(-5.367983964251,2.112446404998));
#1708 = CARTESIAN_POINT('',(-5.338895678589,2.099314022585));
#1709 = CARTESIAN_POINT('',(-5.30939270797,2.086508841286));
#1710 = CARTESIAN_POINT('',(-5.255122491639,2.064002209842));
#1711 = CARTESIAN_POINT('',(-5.230496067839,2.054166809972));
#1712 = CARTESIAN_POINT('',(-5.205595011912,2.044632930941));
#1713 = CARTESIAN_POINT('',(-5.180421467165,2.035439447403));
#1714 = CARTESIAN_POINT('',(-5.154979793789,2.026625576499));
#1715 = CARTESIAN_POINT('',(-5.129276815896,2.018230303608));
#1716 = CARTESIAN_POINT('',(-5.103322068551,2.010291808086));
#1717 = CARTESIAN_POINT('',(-5.062915203473,1.998807286133));
#1718 = CARTESIAN_POINT('',(-5.048631955404,1.994912958146));
#1719 = CARTESIAN_POINT('',(-5.034280337332,1.991169861234));
#1720 = CARTESIAN_POINT('',(-5.019862644999,1.987583730573));
#1721 = CARTESIAN_POINT('',(-5.005381433143,1.984160080324));
#1722 = CARTESIAN_POINT('',(-4.990839515499,1.980904203636));
#1723 = CARTESIAN_POINT('',(-4.9762399648,1.977821172643));
#1724 = CARTESIAN_POINT('',(-4.930884545874,1.968828817017));
#1725 = CARTESIAN_POINT('',(-4.899942079433,1.963521096995));
#1726 = CARTESIAN_POINT('',(-4.868792644496,1.959037443973));
#1727 = CARTESIAN_POINT('',(-4.837472500631,1.955415647202));
#1728 = CARTESIAN_POINT('',(-4.80602051901,1.952685480986));
#1729 = CARTESIAN_POINT('',(-4.774478465484,1.950867666055));
#1730 = CARTESIAN_POINT('',(-4.742891283663,1.949972830932));
#1731 = CARTESIAN_POINT('',(-4.680007229514,1.950027867346));
#1732 = CARTESIAN_POINT('',(-4.648706193475,1.950961242434));
#1733 = CARTESIAN_POINT('',(-4.617451315162,1.952800637211));
#1734 = CARTESIAN_POINT('',(-4.586286280625,1.955535374992));
#1735 = CARTESIAN_POINT('',(-4.555251689003,1.959145063971));
#1736 = CARTESIAN_POINT('',(-4.524385324847,1.963600597417));
#1737 = CARTESIAN_POINT('',(-4.493722430437,1.968865153874));
#1738 = CARTESIAN_POINT('',(-4.448642401562,1.977799305359));
#1739 = CARTESIAN_POINT('',(-4.434043104,1.980881120711));
#1740 = CARTESIAN_POINT('',(-4.419501417897,1.984135794264));
#1741 = CARTESIAN_POINT('',(-4.405020416777,1.987558255736));
#1742 = CARTESIAN_POINT('',(-4.39060291521,1.991143213717));
#1743 = CARTESIAN_POINT('',(-4.376251468822,1.994885155658));
#1744 = CARTESIAN_POINT('',(-4.361968374286,1.998778347881));
#1745 = CARTESIAN_POINT('',(-4.321562503149,2.010259527134));
#1746 = CARTESIAN_POINT('',(-4.295608543673,2.018195842271));
#1747 = CARTESIAN_POINT('',(-4.269906289454,2.026588992967));
#1748 = CARTESIAN_POINT('',(-4.244465281132,2.03540080968));
#1749 = CARTESIAN_POINT('',(-4.219292348438,2.04459231565));
#1750 = CARTESIAN_POINT('',(-4.194391857204,2.054124301199));
#1751 = CARTESIAN_POINT('',(-4.169765956373,2.063957898033));
#1752 = CARTESIAN_POINT('',(-4.115498010383,2.086460233075));
#1753 = CARTESIAN_POINT('',(-4.085996735164,2.099262938609));
#1754 = CARTESIAN_POINT('',(-4.056910067208,2.112392976818));
#1755 = CARTESIAN_POINT('',(-4.028234000371,2.125781607581));
#1756 = CARTESIAN_POINT('',(-3.999961718795,2.139362146644));
#1757 = CARTESIAN_POINT('',(-3.972083861187,2.153070468292));
#1758 = CARTESIAN_POINT('',(-3.9445887851,2.166845508019));
#1759 = CARTESIAN_POINT('',(-3.830206453087,2.224969748989));
#1760 = CARTESIAN_POINT('',(-3.746860688936,2.269358065212));
#1761 = CARTESIAN_POINT('',(-3.666826373887,2.311941036469));
#1762 = CARTESIAN_POINT('',(-3.589603290173,2.351083544435));
#1763 = CARTESIAN_POINT('',(-3.514681489224,2.385395399413));
#1764 = CARTESIAN_POINT('',(-3.4415583313,2.413787113217));
#1765 = CARTESIAN_POINT('',(-3.369715271157,2.435483629808));
#1766 = CARTESIAN_POINT('',(-3.298587183149,2.45));
#1767 = ( GEOMETRIC_REPRESENTATION_CONTEXT(2) 
PARAMETRIC_REPRESENTATION_CONTEXT() REPRESENTATION_CONTEXT('2D SPACE',''
  ) );
#1768 = PCURVE('',#273,#1769);
#1769 = DEFINITIONAL_REPRESENTATION('',(#1770),#1843);
#1770 = B_SPLINE_CURVE_WITH_KNOTS('',8,(#1771,#1772,#1773,#1774,#1775,
    #1776,#1777,#1778,#1779,#1780,#1781,#1782,#1783,#1784,#1785,#1786,
    #1787,#1788,#1789,#1790,#1791,#1792,#1793,#1794,#1795,#1796,#1797,
    #1798,#1799,#1800,#1801,#1802,#1803,#1804,#1805,#1806,#1807,#1808,
    #1809,#1810,#1811,#1812,#1813,#1814,#1815,#1816,#1817,#1818,#1819,
    #1820,#1821,#1822,#1823,#1824,#1825,#1826,#1827,#1828,#1829,#1830,
    #1831,#1832,#1833,#1834,#1835,#1836,#1837,#1838,#1839,#1840,#1841,
    #1842),.UNSPECIFIED.,.F.,.F.,(9,7,7,7,7,7,7,7,7,7,9),(0.,
    0.251522022863,0.329736325451,0.393397223937,0.42793954005,
    0.500309810179,0.572029888881,0.606570743409,0.670227474862,
    0.74843355924,1.),.UNSPECIFIED.);
#1771 = CARTESIAN_POINT('',(-2.927004699407,10.265153077165));
#1772 = CARTESIAN_POINT('',(-2.93013119247,9.937290147911));
#1773 = CARTESIAN_POINT('',(-2.934855125744,9.613809359841));
#1774 = CARTESIAN_POINT('',(-2.941163692547,9.296708342845));
#1775 = CARTESIAN_POINT('',(-2.94904670888,8.988296320032));
#1776 = CARTESIAN_POINT('',(-2.958487869667,8.69113566368));
#1777 = CARTESIAN_POINT('',(-2.969469034712,8.408088714558));
#1778 = CARTESIAN_POINT('',(-2.981968406651,8.142300074945));
#1779 = CARTESIAN_POINT('',(-3.000342359395,7.82125806934));
#1780 = CARTESIAN_POINT('',(-3.004845908045,7.747151810163));
#1781 = CARTESIAN_POINT('',(-3.009493808476,7.675209197622));
#1782 = CARTESIAN_POINT('',(-3.014284852036,7.605558799017));
#1783 = CARTESIAN_POINT('',(-3.01921739418,7.538338499411));
#1784 = CARTESIAN_POINT('',(-3.024289279096,7.473694170296));
#1785 = CARTESIAN_POINT('',(-3.02949776434,7.411778338257));
#1786 = CARTESIAN_POINT('',(-3.039187195285,7.304703037151));
#1787 = CARTESIAN_POINT('',(-3.043623089237,7.258570459708));
#1788 = CARTESIAN_POINT('',(-3.048145171674,7.214436981702));
#1789 = CARTESIAN_POINT('',(-3.052751081749,7.172391879623));
#1790 = CARTESIAN_POINT('',(-3.057437999289,7.132526388319));
#1791 = CARTESIAN_POINT('',(-3.062202590681,7.094932243243));
#1792 = CARTESIAN_POINT('',(-3.067040954742,7.059700222717));
#1793 = CARTESIAN_POINT('',(-3.074611433147,7.009131475643));
#1794 = CARTESIAN_POINT('',(-3.07729467849,6.992065630749));
#1795 = CARTESIAN_POINT('',(-3.079997574709,6.975735497105));
#1796 = CARTESIAN_POINT('',(-3.082719337493,6.960154933784));
#1797 = CARTESIAN_POINT('',(-3.085459128145,6.945337317331));
#1798 = CARTESIAN_POINT('',(-3.088216053584,6.931295541766));
#1799 = CARTESIAN_POINT('',(-3.090989166343,6.918042018583));
#1800 = CARTESIAN_POINT('',(-3.099619281747,6.879497441011));
#1801 = CARTESIAN_POINT('',(-3.105528240004,6.856916131986));
#1802 = CARTESIAN_POINT('',(-3.111494505432,6.837955750063));
#1803 = CARTESIAN_POINT('',(-3.117507693875,6.822710060077));
#1804 = CARTESIAN_POINT('',(-3.123556840568,6.811253014728));
#1805 = CARTESIAN_POINT('',(-3.129630369771,6.803636178008));
#1806 = CARTESIAN_POINT('',(-3.135716064404,6.79988614862));
#1807 = CARTESIAN_POINT('',(-3.147831338164,6.800116777497));
#1808 = CARTESIAN_POINT('',(-3.153861722524,6.804028293954));
#1809 = CARTESIAN_POINT('',(-3.159879657065,6.811736323615));
#1810 = CARTESIAN_POINT('',(-3.16587326302,6.823214148115));
#1811 = CARTESIAN_POINT('',(-3.171831285105,6.838411021979));
#1812 = CARTESIAN_POINT('',(-3.177743062056,6.857254654702));
#1813 = CARTESIAN_POINT('',(-3.183598497179,6.879653692845));
#1814 = CARTESIAN_POINT('',(-3.192176304863,6.917948048432));
#1815 = CARTESIAN_POINT('',(-3.19494940199,6.93119607152));
#1816 = CARTESIAN_POINT('',(-3.197706318297,6.94523234708));
#1817 = CARTESIAN_POINT('',(-3.200446106188,6.96004446794));
#1818 = CARTESIAN_POINT('',(-3.203167872445,6.975619544062));
#1819 = CARTESIAN_POINT('',(-3.205870778223,6.991944202542));
#1820 = CARTESIAN_POINT('',(-3.208554039056,7.00900458761));
#1821 = CARTESIAN_POINT('',(-3.21612446429,7.059557106042));
#1822 = CARTESIAN_POINT('',(-3.220962776765,7.094778288562));
#1823 = CARTESIAN_POINT('',(-3.225727338636,7.132361568894));
#1824 = CARTESIAN_POINT('',(-3.230414247928,7.172216189495));
#1825 = CARTESIAN_POINT('',(-3.235020170226,7.214250432407));
#1826 = CARTESIAN_POINT('',(-3.239542284559,7.25837307709));
#1827 = CARTESIAN_POINT('',(-3.243978229286,7.304494858255));
#1828 = CARTESIAN_POINT('',(-3.253667602109,7.411543861349));
#1829 = CARTESIAN_POINT('',(-3.258875998346,7.473443987649));
#1830 = CARTESIAN_POINT('',(-3.263947831256,7.538072486172));
#1831 = CARTESIAN_POINT('',(-3.268880357518,7.605276859588));
#1832 = CARTESIAN_POINT('',(-3.273671420554,7.674911261367));
#1833 = CARTESIAN_POINT('',(-3.278319375154,7.746837827502));
#1834 = CARTESIAN_POINT('',(-3.282823012103,7.82092800822));
#1835 = CARTESIAN_POINT('',(-3.301201427282,8.141971126347));
#1836 = CARTESIAN_POINT('',(-3.31370462387,8.407788458172));
#1837 = CARTESIAN_POINT('',(-3.324689095713,8.690873073437));
#1838 = CARTESIAN_POINT('',(-3.334133027853,8.988078378021));
#1839 = CARTESIAN_POINT('',(-3.342018270275,9.296540282501));
#1840 = CARTESIAN_POINT('',(-3.348328509893,9.613694982013));
#1841 = CARTESIAN_POINT('',(-3.353053560853,9.937232067086));
#1842 = CARTESIAN_POINT('',(-3.356180607772,10.265153077165));
#1843 = ( GEOMETRIC_REPRESENTATION_CONTEXT(2) 
PARAMETRIC_REPRESENTATION_CONTEXT() REPRESENTATION_CONTEXT('2D SPACE',''
  ) );
#1844 = ORIENTED_EDGE('',*,*,#1845,.F.);
#1845 = EDGE_CURVE('',#1846,#1616,#1848,.T.);
#1846 = VERTEX_POINT('',#1847);
#1847 = CARTESIAN_POINT('',(6.25,4.642197755374,27.734846922835));
#1848 = SURFACE_CURVE('',#1849,(#1854,#1861),.PCURVE_S1.);
#1849 = CIRCLE('',#1850,4.7);
#1850 = AXIS2_PLACEMENT_3D('',#1851,#1852,#1853);
#1851 = CARTESIAN_POINT('',(6.25,0.,27.));
#1852 = DIRECTION('',(-1.,0.,0.));
#1853 = DIRECTION('',(0.,-1.,0.));
#1854 = PCURVE('',#1542,#1855);
#1855 = DEFINITIONAL_REPRESENTATION('',(#1856),#1860);
#1856 = LINE('',#1857,#1858);
#1857 = CARTESIAN_POINT('',(-0.,2.45));
#1858 = VECTOR('',#1859,1.);
#1859 = DIRECTION('',(-1.,0.));
#1860 = ( GEOMETRIC_REPRESENTATION_CONTEXT(2) 
PARAMETRIC_REPRESENTATION_CONTEXT() REPRESENTATION_CONTEXT('2D SPACE',''
  ) );
#1861 = PCURVE('',#1862,#1867);
#1862 = PLANE('',#1863);
#1863 = AXIS2_PLACEMENT_3D('',#1864,#1865,#1866);
#1864 = CARTESIAN_POINT('',(6.25,0.,27.));
#1865 = DIRECTION('',(1.,0.,0.));
#1866 = DIRECTION('',(0.,1.,0.));
#1867 = DEFINITIONAL_REPRESENTATION('',(#1868),#1876);
#1868 = ( BOUNDED_CURVE() B_SPLINE_CURVE(2,(#1869,#1870,#1871,#1872,
#1873,#1874,#1875),.UNSPECIFIED.,.T.,.F.) B_SPLINE_CURVE_WITH_KNOTS((1,2
    ,2,2,2,1),(-2.094395102393,0.,2.094395102393,4.188790204786,
6.28318530718,8.377580409573),.UNSPECIFIED.) CURVE() 
GEOMETRIC_REPRESENTATION_ITEM() RATIONAL_B_SPLINE_CURVE((1.,0.5,1.,0.5,
1.,0.5,1.)) REPRESENTATION_ITEM('') );
#1869 = CARTESIAN_POINT('',(-4.7,0.));
#1870 = CARTESIAN_POINT('',(-4.7,8.140638795574));
#1871 = CARTESIAN_POINT('',(2.35,4.070319397787));
#1872 = CARTESIAN_POINT('',(9.4,1.151167991199E-15));
#1873 = CARTESIAN_POINT('',(2.35,-4.070319397787));
#1874 = CARTESIAN_POINT('',(-4.7,-8.140638795574));
#1875 = CARTESIAN_POINT('',(-4.7,0.));
#1876 = ( GEOMETRIC_REPRESENTATION_CONTEXT(2) 
PARAMETRIC_REPRESENTATION_CONTEXT() REPRESENTATION_CONTEXT('2D SPACE',''
  ) );
#1877 = ORIENTED_EDGE('',*,*,#1878,.T.);
#1878 = EDGE_CURVE('',#1846,#1879,#1881,.T.);
#1879 = VERTEX_POINT('',#1880);
#1880 = CARTESIAN_POINT('',(6.25,-4.642197755374,27.734846922835));
#1881 = SURFACE_CURVE('',#1882,(#1955,#2031),.PCURVE_S1.);
#1882 = B_SPLINE_CURVE_WITH_KNOTS('',8,(#1883,#1884,#1885,#1886,#1887,
    #1888,#1889,#1890,#1891,#1892,#1893,#1894,#1895,#1896,#1897,#1898,
    #1899,#1900,#1901,#1902,#1903,#1904,#1905,#1906,#1907,#1908,#1909,
    #1910,#1911,#1912,#1913,#1914,#1915,#1916,#1917,#1918,#1919,#1920,
    #1921,#1922,#1923,#1924,#1925,#1926,#1927,#1928,#1929,#1930,#1931,
    #1932,#1933,#1934,#1935,#1936,#1937,#1938,#1939,#1940,#1941,#1942,
    #1943,#1944,#1945,#1946,#1947,#1948,#1949,#1950,#1951,#1952,#1953,
    #1954),.UNSPECIFIED.,.F.,.F.,(9,7,7,7,7,7,7,7,7,7,9),(0.,
    0.251389883214,0.329343525247,0.39280814251,0.427915195926,
    0.500000580385,0.572086013062,0.607193124397,0.670657904316,
    0.748611867279,1.),.UNSPECIFIED.);
#1883 = CARTESIAN_POINT('',(6.25,4.642197755374,27.734846922835));
#1884 = CARTESIAN_POINT('',(6.235493863494,4.575638611652,
    28.062536756624));
#1885 = CARTESIAN_POINT('',(6.213817641561,4.475037879581,
    28.385850176887));
#1886 = CARTESIAN_POINT('',(6.18545520525,4.340576090394,28.702791801351
    ));
#1887 = CARTESIAN_POINT('',(6.151179834299,4.172317642405,
    29.011055786183));
#1888 = CARTESIAN_POINT('',(6.112078355528,3.970407967608,
    29.308083939886));
#1889 = CARTESIAN_POINT('',(6.069537399285,3.73500557998,29.591019082702
    ));
#1890 = CARTESIAN_POINT('',(6.025187855069,3.466359095938,29.85672254428
    ));
#1891 = CARTESIAN_POINT('',(5.967138697572,3.070677147907,
    30.177483736103));
#1892 = CARTESIAN_POINT('',(5.953407183249,2.973842194517,
    30.251375100905));
#1893 = CARTESIAN_POINT('',(5.939740961052,2.873840686213,30.32311887995
    ));
#1894 = CARTESIAN_POINT('',(5.926200462805,2.770693571421,
    30.392587886756));
#1895 = CARTESIAN_POINT('',(5.912849142516,2.664431667564,30.45964574635
    ));
#1896 = CARTESIAN_POINT('',(5.899752984901,2.555097430295,
    30.524148197754));
#1897 = CARTESIAN_POINT('',(5.88698001391,2.442746722729,30.58594439648)
  );
#1898 = CARTESIAN_POINT('',(5.864520663991,2.233584216371,
    30.692858173652));
#1899 = CARTESIAN_POINT('',(5.854702068524,2.137767633394,30.73893983029
    ));
#1900 = CARTESIAN_POINT('',(5.84518160055,2.040041700249,30.78303821033)
  );
#1901 = CARTESIAN_POINT('',(5.83599775889,1.940456427285,30.825064942715
    ));
#1902 = CARTESIAN_POINT('',(5.827189393236,1.839072174793,
    30.864929689607));
#1903 = CARTESIAN_POINT('',(5.818795141917,1.735960857111,
    30.902541574064));
#1904 = CARTESIAN_POINT('',(5.810852869654,1.631207146729,
    30.937810607718));
#1905 = CARTESIAN_POINT('',(5.799275867608,1.466108553281,
    30.988814568747));
#1906 = CARTESIAN_POINT('',(5.795302070579,1.406835191159,
    31.006236367772));
#1907 = CARTESIAN_POINT('',(5.791483982392,1.347106459565,
    31.022899428333));
#1908 = CARTESIAN_POINT('',(5.787827636958,1.286940546347,
    31.038789173969));
#1909 = CARTESIAN_POINT('',(5.784338833933,1.226356959652,
    31.053891538955));
#1910 = CARTESIAN_POINT('',(5.781023138718,1.165376527925,
    31.068192968304));
#1911 = CARTESIAN_POINT('',(5.777885882458,1.104021399911,
    31.081680417762));
#1912 = CARTESIAN_POINT('',(5.768867281881,0.915613259417,
    31.120338079657));
#1913 = CARTESIAN_POINT('',(5.763575498568,0.78742038031,31.142852650279
    ));
#1914 = CARTESIAN_POINT('',(5.759101051025,0.65795273982,31.161775380913
    ));
#1915 = CARTESIAN_POINT('',(5.755481321732,0.527439582965,31.17701352194
    ));
#1916 = CARTESIAN_POINT('',(5.752745814205,0.396123475945,
    31.188493795896));
#1917 = CARTESIAN_POINT('',(5.750915130476,0.264260714774,
    31.196164934468));
#1918 = CARTESIAN_POINT('',(5.749999948574,0.132121733923,
    31.200000215501));
#1919 = CARTESIAN_POINT('',(5.75000005143,-0.13213879238,31.199999784485
    ));
#1920 = CARTESIAN_POINT('',(5.75091533742,-0.26427783542,31.196164067276
    ));
#1921 = CARTESIAN_POINT('',(5.752746125627,-0.396140632146,
    31.188492489494));
#1922 = CARTESIAN_POINT('',(5.755481737171,-0.527456748122,
    31.17701177542));
#1923 = CARTESIAN_POINT('',(5.759101569196,-0.657969887816,
    31.161773195408));
#1924 = CARTESIAN_POINT('',(5.763576117414,-0.78743748593,
    31.142850028815));
#1925 = CARTESIAN_POINT('',(5.768867998657,-0.915630298719,
    31.120335026916));
#1926 = CARTESIAN_POINT('',(5.777886742824,-1.104038367939,
    31.08167672027));
#1927 = CARTESIAN_POINT('',(5.781024047635,-1.165393507315,
    31.068189051101));
#1928 = CARTESIAN_POINT('',(5.784339790893,-1.226373944516,
    31.05388740204));
#1929 = CARTESIAN_POINT('',(5.787828641377,-1.286957530919,
    31.038784817518));
#1930 = CARTESIAN_POINT('',(5.791485033614,-1.34712343821,
    31.022894852687));
#1931 = CARTESIAN_POINT('',(5.795303167884,-1.406852158382,
    31.006231573422));
#1932 = CARTESIAN_POINT('',(5.799277010212,-1.466125503738,
    30.988809556317));
#1933 = CARTESIAN_POINT('',(5.810854143895,-1.631224132623,
    30.937804955089));
#1934 = CARTESIAN_POINT('',(5.818796501481,-1.735977880579,
    30.902535496585));
#1935 = CARTESIAN_POINT('',(5.827190835839,-1.839089216723,
    30.864923186231));
#1936 = CARTESIAN_POINT('',(5.835999281868,-1.940473469291,
    30.825058013201));
#1937 = CARTESIAN_POINT('',(5.845183200904,-2.040058724678,
    30.783030855114));
#1938 = CARTESIAN_POINT('',(5.854703742963,-2.137784623329,
    30.738932050364));
#1939 = CARTESIAN_POINT('',(5.86452240898,-2.233601155621,
    30.692849970444));
#1940 = CARTESIAN_POINT('',(5.886981927005,-2.442763693704,
    30.585935162376));
#1941 = CARTESIAN_POINT('',(5.899754994855,-2.555114466559,
    30.524138348093));
#1942 = CARTESIAN_POINT('',(5.912851244182,-2.664448737468,
    30.459635276249));
#1943 = CARTESIAN_POINT('',(5.926202650405,-2.770710644175,
    30.392576792472));
#1944 = CARTESIAN_POINT('',(5.939743228246,-2.8738577318,30.323107158707
    ));
#1945 = CARTESIAN_POINT('',(5.953409523201,-2.973859183597,
    30.25136275075));
#1946 = CARTESIAN_POINT('',(5.967141103007,-3.070694051738,
    30.177470755765));
#1947 = CARTESIAN_POINT('',(6.025190013857,-3.466372173829,
    29.856709611384));
#1948 = CARTESIAN_POINT('',(6.069539174025,-3.735015399741,
    29.591007278854));
#1949 = CARTESIAN_POINT('',(6.112079714215,-3.970414983114,
    29.308073617371));
#1950 = CARTESIAN_POINT('',(6.151180786751,-4.172322318196,
    29.011047219065));
#1951 = CARTESIAN_POINT('',(6.185455796557,-4.340578893766,
    28.702785195028));
#1952 = CARTESIAN_POINT('',(6.213817943222,-4.475039279645,
    28.385845680633));
#1953 = CARTESIAN_POINT('',(6.235493964573,-4.575639075438,
    28.062534473275));
#1954 = CARTESIAN_POINT('',(6.25,-4.642197755374,27.734846922835));
#1955 = PCURVE('',#1542,#1956);
#1956 = DEFINITIONAL_REPRESENTATION('',(#1957),#2030);
#1957 = B_SPLINE_CURVE_WITH_KNOTS('',8,(#1958,#1959,#1960,#1961,#1962,
    #1963,#1964,#1965,#1966,#1967,#1968,#1969,#1970,#1971,#1972,#1973,
    #1974,#1975,#1976,#1977,#1978,#1979,#1980,#1981,#1982,#1983,#1984,
    #1985,#1986,#1987,#1988,#1989,#1990,#1991,#1992,#1993,#1994,#1995,
    #1996,#1997,#1998,#1999,#2000,#2001,#2002,#2003,#2004,#2005,#2006,
    #2007,#2008,#2009,#2010,#2011,#2012,#2013,#2014,#2015,#2016,#2017,
    #2018,#2019,#2020,#2021,#2022,#2023,#2024,#2025,#2026,#2027,#2028,
    #2029),.UNSPECIFIED.,.F.,.F.,(9,7,7,7,7,7,7,7,7,7,9),(0.,
    0.251389883214,0.329343525247,0.39280814251,0.427915195926,
    0.500000580385,0.572086013062,0.607193124397,0.670657904316,
    0.748611867279,1.),.UNSPECIFIED.);
#1958 = CARTESIAN_POINT('',(-2.984598124031,2.45));
#1959 = CARTESIAN_POINT('',(-2.913520179584,2.435493863494));
#1960 = CARTESIAN_POINT('',(-2.841727982188,2.413817641561));
#1961 = CARTESIAN_POINT('',(-2.768657822171,2.38545520525));
#1962 = CARTESIAN_POINT('',(-2.693792315601,2.351179834299));
#1963 = CARTESIAN_POINT('',(-2.616629895238,2.312078355528));
#1964 = CARTESIAN_POINT('',(-2.536661686465,2.269537399285));
#1965 = CARTESIAN_POINT('',(-2.453388396683,2.225187855069));
#1966 = CARTESIAN_POINT('',(-2.339179514335,2.167138697572));
#1967 = CARTESIAN_POINT('',(-2.31178038234,2.153407183249));
#1968 = CARTESIAN_POINT('',(-2.284001139062,2.139740961052));
#1969 = CARTESIAN_POINT('',(-2.255830231048,2.126200462805));
#1970 = CARTESIAN_POINT('',(-2.227258348286,2.112849142516));
#1971 = CARTESIAN_POINT('',(-2.198278682653,2.099752984901));
#1972 = CARTESIAN_POINT('',(-2.168887186351,2.08698001391));
#1973 = CARTESIAN_POINT('',(-2.114818126393,2.064520663991));
#1974 = CARTESIAN_POINT('',(-2.090280307969,2.054702068524));
#1975 = CARTESIAN_POINT('',(-2.065469485254,2.045181600551));
#1976 = CARTESIAN_POINT('',(-2.040387708723,2.03599775889));
#1977 = CARTESIAN_POINT('',(-2.015039211671,2.027189393236));
#1978 = CARTESIAN_POINT('',(-1.989430652737,2.018795141918));
#1979 = CARTESIAN_POINT('',(-1.963571358422,2.010852869654));
#1980 = CARTESIAN_POINT('',(-1.923036913423,1.999275867608));
#1981 = CARTESIAN_POINT('',(-1.908527319761,1.995302070579));
#1982 = CARTESIAN_POINT('',(-1.89394689993,1.991483982392));
#1983 = CARTESIAN_POINT('',(-1.879298045441,1.987827636958));
#1984 = CARTESIAN_POINT('',(-1.864583424016,1.984338833933));
#1985 = CARTESIAN_POINT('',(-1.849805979586,1.981023138718));
#1986 = CARTESIAN_POINT('',(-1.834968932298,1.977885882458));
#1987 = CARTESIAN_POINT('',(-1.78949563542,1.968867281881));
#1988 = CARTESIAN_POINT('',(-1.758676457372,1.963575498568));
#1989 = CARTESIAN_POINT('',(-1.727651739128,1.959101051025));
#1990 = CARTESIAN_POINT('',(-1.696457280447,1.955481321732));
#1991 = CARTESIAN_POINT('',(-1.665131464568,1.952745814205));
#1992 = CARTESIAN_POINT('',(-1.633715536697,1.950915130476));
#1993 = CARTESIAN_POINT('',(-1.602253882491,1.949999948574));
#1994 = CARTESIAN_POINT('',(-1.539334709562,1.95000005143));
#1995 = CARTESIAN_POINT('',(-1.50787303862,1.95091533742));
#1996 = CARTESIAN_POINT('',(-1.476457098385,1.952746125627));
#1997 = CARTESIAN_POINT('',(-1.445131274482,1.955481737171));
#1998 = CARTESIAN_POINT('',(-1.41393681199,1.959101569196));
#1999 = CARTESIAN_POINT('',(-1.382912093937,1.963576117414));
#2000 = CARTESIAN_POINT('',(-1.352092919791,1.968867998657));
#2001 = CARTESIAN_POINT('',(-1.306619619078,1.977886742824));
#2002 = CARTESIAN_POINT('',(-1.291782561616,1.981024047635));
#2003 = CARTESIAN_POINT('',(-1.27700510789,1.984339790893));
#2004 = CARTESIAN_POINT('',(-1.262290478012,1.987828641377));
#2005 = CARTESIAN_POINT('',(-1.247641615879,1.991485033614));
#2006 = CARTESIAN_POINT('',(-1.233061189178,1.995303167884));
#2007 = CARTESIAN_POINT('',(-1.218551589379,1.999277010212));
#2008 = CARTESIAN_POINT('',(-1.178017105265,2.010854143895));
#2009 = CARTESIAN_POINT('',(-1.152157779994,2.018796501481));
#2010 = CARTESIAN_POINT('',(-1.126549192602,2.027190835839));
#2011 = CARTESIAN_POINT('',(-1.101200669376,2.035999281868));
#2012 = CARTESIAN_POINT('',(-1.076118868735,2.045183200904));
#2013 = CARTESIAN_POINT('',(-1.051308023754,2.054703742963));
#2014 = CARTESIAN_POINT('',(-1.02677018469,2.06452240898));
#2015 = CARTESIAN_POINT('',(-0.97270103556,2.086981927005));
#2016 = CARTESIAN_POINT('',(-0.94330947275,2.099754994855));
#2017 = CARTESIAN_POINT('',(-0.914329743637,2.112851244182));
#2018 = CARTESIAN_POINT('',(-0.885757800043,2.126202650405));
#2019 = CARTESIAN_POINT('',(-0.857586833482,2.139743228246));
#2020 = CARTESIAN_POINT('',(-0.8298075336,2.153409523201));
#2021 = CARTESIAN_POINT('',(-0.802408346614,2.167141103007));
#2022 = CARTESIAN_POINT('',(-0.688200203315,2.225190013857));
#2023 = CARTESIAN_POINT('',(-0.604927631126,2.269539174025));
#2024 = CARTESIAN_POINT('',(-0.524960076958,2.312079714215));
#2025 = CARTESIAN_POINT('',(-0.447798257357,2.351180786751));
#2026 = CARTESIAN_POINT('',(-0.372933308272,2.385455796557));
#2027 = CARTESIAN_POINT('',(-0.299863672949,2.413817943222));
#2028 = CARTESIAN_POINT('',(-0.228071978733,2.435493964573));
#2029 = CARTESIAN_POINT('',(-0.156994529559,2.45));
#2030 = ( GEOMETRIC_REPRESENTATION_CONTEXT(2) 
PARAMETRIC_REPRESENTATION_CONTEXT() REPRESENTATION_CONTEXT('2D SPACE',''
  ) );
#2031 = PCURVE('',#273,#2032);
#2032 = DEFINITIONAL_REPRESENTATION('',(#2033),#2106);
#2033 = B_SPLINE_CURVE_WITH_KNOTS('',8,(#2034,#2035,#2036,#2037,#2038,
    #2039,#2040,#2041,#2042,#2043,#2044,#2045,#2046,#2047,#2048,#2049,
    #2050,#2051,#2052,#2053,#2054,#2055,#2056,#2057,#2058,#2059,#2060,
    #2061,#2062,#2063,#2064,#2065,#2066,#2067,#2068,#2069,#2070,#2071,
    #2072,#2073,#2074,#2075,#2076,#2077,#2078,#2079,#2080,#2081,#2082,
    #2083,#2084,#2085,#2086,#2087,#2088,#2089,#2090,#2091,#2092,#2093,
    #2094,#2095,#2096,#2097,#2098,#2099,#2100,#2101,#2102,#2103,#2104,
    #2105),.UNSPECIFIED.,.F.,.F.,(9,7,7,7,7,7,7,7,7,7,9),(0.,
    0.251389883214,0.329343525247,0.39280814251,0.427915195926,
    0.500000580385,0.572086013062,0.607193124397,0.670657904316,
    0.748611867279,1.),.UNSPECIFIED.);
#2034 = CARTESIAN_POINT('',(-3.356180607772,11.734846922835));
#2035 = CARTESIAN_POINT('',(-3.353055765344,12.062536756624));
#2036 = CARTESIAN_POINT('',(-3.348335158523,12.385850176887));
#2037 = CARTESIAN_POINT('',(-3.342031563002,12.702791801351));
#2038 = CARTESIAN_POINT('',(-3.334155157262,13.011055786183));
#2039 = CARTESIAN_POINT('',(-3.324722223967,13.308083939886));
#2040 = CARTESIAN_POINT('',(-3.313750875901,13.591019082702));
#2041 = CARTESIAN_POINT('',(-3.3012628582,13.85672254428));
#2042 = CARTESIAN_POINT('',(-3.282918024378,14.177483736103));
#2043 = CARTESIAN_POINT('',(-3.278431667834,14.251375100905));
#2044 = CARTESIAN_POINT('',(-3.273801905417,14.32311887995));
#2045 = CARTESIAN_POINT('',(-3.269029930157,14.392587886756));
#2046 = CARTESIAN_POINT('',(-3.264117363711,14.45964574635));
#2047 = CARTESIAN_POINT('',(-3.259066330204,14.524148197754));
#2048 = CARTESIAN_POINT('',(-3.253879530084,14.58594439648));
#2049 = CARTESIAN_POINT('',(-3.24422976563,14.692858173652));
#2050 = CARTESIAN_POINT('',(-3.239811544889,14.73893983029));
#2051 = CARTESIAN_POINT('',(-3.235307576835,14.78303821033));
#2052 = CARTESIAN_POINT('',(-3.230720185479,14.825064942715));
#2053 = CARTESIAN_POINT('',(-3.226052146959,14.864929689607));
#2054 = CARTESIAN_POINT('',(-3.221306742746,14.902541574064));
#2055 = CARTESIAN_POINT('',(-3.216487812849,14.937810607718));
#2056 = CARTESIAN_POINT('',(-3.208895886449,14.988814568747));
#2057 = CARTESIAN_POINT('',(-3.20617083438,15.006236367772));
#2058 = CARTESIAN_POINT('',(-3.203425414305,15.022899428333));
#2059 = CARTESIAN_POINT('',(-3.200660445715,15.038789173969));
#2060 = CARTESIAN_POINT('',(-3.1978768061,15.053891538955));
#2061 = CARTESIAN_POINT('',(-3.195075430955,15.068192968304));
#2062 = CARTESIAN_POINT('',(-3.192257313775,15.081680417762));
#2063 = CARTESIAN_POINT('',(-3.18360484289,15.120338079657));
#2064 = CARTESIAN_POINT('',(-3.177719554098,15.142852650279));
#2065 = CARTESIAN_POINT('',(-3.171777350724,15.161775380913));
#2066 = CARTESIAN_POINT('',(-3.165788487845,15.17701352194));
#2067 = CARTESIAN_POINT('',(-3.159763794576,15.188493795896));
#2068 = CARTESIAN_POINT('',(-3.153714704083,15.196164934468));
#2069 = CARTESIAN_POINT('',(-3.147653283586,15.200000215501));
#2070 = CARTESIAN_POINT('',(-3.135531241095,15.199999784485));
#2071 = CARTESIAN_POINT('',(-3.129469817713,15.196164067276));
#2072 = CARTESIAN_POINT('',(-3.123420725523,15.188492489494));
#2073 = CARTESIAN_POINT('',(-3.117396031744,15.17701177542));
#2074 = CARTESIAN_POINT('',(-3.111407169521,15.161773195408));
#2075 = CARTESIAN_POINT('',(-3.105464967931,15.142850028815));
#2076 = CARTESIAN_POINT('',(-3.099579681993,15.120335026916));
#2077 = CARTESIAN_POINT('',(-3.090927214058,15.08167672027));
#2078 = CARTESIAN_POINT('',(-3.088109096244,15.068189051101));
#2079 = CARTESIAN_POINT('',(-3.085307720729,15.05388740204));
#2080 = CARTESIAN_POINT('',(-3.082524081002,15.038784817518));
#2081 = CARTESIAN_POINT('',(-3.079759112552,15.022894852687));
#2082 = CARTESIAN_POINT('',(-3.077013692866,15.006231573422));
#2083 = CARTESIAN_POINT('',(-3.074288641425,14.988809556317));
#2084 = CARTESIAN_POINT('',(-3.066696712981,14.937804955089));
#2085 = CARTESIAN_POINT('',(-3.06187778107,14.902535496585));
#2086 = CARTESIAN_POINT('',(-3.057132375704,14.864923186231));
#2087 = CARTESIAN_POINT('',(-3.052464336861,14.825058013201));
#2088 = CARTESIAN_POINT('',(-3.047876945982,14.783030855114));
#2089 = CARTESIAN_POINT('',(-3.043372979173,14.738932050364));
#2090 = CARTESIAN_POINT('',(-3.038954760415,14.692849970444));
#2091 = CARTESIAN_POINT('',(-3.029304993691,14.585935162376));
#2092 = CARTESIAN_POINT('',(-3.024118190094,14.524138348093));
#2093 = CARTESIAN_POINT('',(-3.019067154554,14.459635276249));
#2094 = CARTESIAN_POINT('',(-3.014154587487,14.392576792472));
#2095 = CARTESIAN_POINT('',(-3.009382612988,14.323107158707));
#2096 = CARTESIAN_POINT('',(-3.004752852686,14.25136275075));
#2097 = CARTESIAN_POINT('',(-3.000266499592,14.177470755765));
#2098 = CARTESIAN_POINT('',(-2.981921841056,13.856709611384));
#2099 = CARTESIAN_POINT('',(-2.96943397361,13.591007278854));
#2100 = CARTESIAN_POINT('',(-2.958462755458,13.308073617371));
#2101 = CARTESIAN_POINT('',(-2.949029931038,13.011047219065));
#2102 = CARTESIAN_POINT('',(-2.941153612755,12.702785195028));
#2103 = CARTESIAN_POINT('',(-2.93485008296,12.385845680633));
#2104 = CARTESIAN_POINT('',(-2.930129520062,12.062534473275));
#2105 = CARTESIAN_POINT('',(-2.927004699407,11.734846922835));
#2106 = ( GEOMETRIC_REPRESENTATION_CONTEXT(2) 
PARAMETRIC_REPRESENTATION_CONTEXT() REPRESENTATION_CONTEXT('2D SPACE',''
  ) );
#2107 = ORIENTED_EDGE('',*,*,#2108,.F.);
#2108 = EDGE_CURVE('',#1560,#1879,#2109,.T.);
#2109 = SURFACE_CURVE('',#2110,(#2115,#2122),.PCURVE_S1.);
#2110 = CIRCLE('',#2111,4.7);
#2111 = AXIS2_PLACEMENT_3D('',#2112,#2113,#2114);
#2112 = CARTESIAN_POINT('',(6.25,0.,27.));
#2113 = DIRECTION('',(-1.,0.,0.));
#2114 = DIRECTION('',(0.,-1.,0.));
#2115 = PCURVE('',#1542,#2116);
#2116 = DEFINITIONAL_REPRESENTATION('',(#2117),#2121);
#2117 = LINE('',#2118,#2119);
#2118 = CARTESIAN_POINT('',(-0.,2.45));
#2119 = VECTOR('',#2120,1.);
#2120 = DIRECTION('',(-1.,0.));
#2121 = ( GEOMETRIC_REPRESENTATION_CONTEXT(2) 
PARAMETRIC_REPRESENTATION_CONTEXT() REPRESENTATION_CONTEXT('2D SPACE',''
  ) );
#2122 = PCURVE('',#1599,#2123);
#2123 = DEFINITIONAL_REPRESENTATION('',(#2124),#2132);
#2124 = ( BOUNDED_CURVE() B_SPLINE_CURVE(2,(#2125,#2126,#2127,#2128,
#2129,#2130,#2131),.UNSPECIFIED.,.T.,.F.) B_SPLINE_CURVE_WITH_KNOTS((1,2
    ,2,2,2,1),(-2.094395102393,0.,2.094395102393,4.188790204786,
6.28318530718,8.377580409573),.UNSPECIFIED.) CURVE() 
GEOMETRIC_REPRESENTATION_ITEM() RATIONAL_B_SPLINE_CURVE((1.,0.5,1.,0.5,
1.,0.5,1.)) REPRESENTATION_ITEM('') );
#2125 = CARTESIAN_POINT('',(-4.7,0.));
#2126 = CARTESIAN_POINT('',(-4.7,8.140638795574));
#2127 = CARTESIAN_POINT('',(2.35,4.070319397787));
#2128 = CARTESIAN_POINT('',(9.4,1.151167991199E-15));
#2129 = CARTESIAN_POINT('',(2.35,-4.070319397787));
#2130 = CARTESIAN_POINT('',(-4.7,-8.140638795574));
#2131 = CARTESIAN_POINT('',(-4.7,0.));
#2132 = ( GEOMETRIC_REPRESENTATION_CONTEXT(2) 
PARAMETRIC_REPRESENTATION_CONTEXT() REPRESENTATION_CONTEXT('2D SPACE',''
  ) );
#2133 = ORIENTED_EDGE('',*,*,#1559,.F.);
#2134 = ORIENTED_EDGE('',*,*,#1527,.T.);
#2135 = ADVANCED_FACE('',(#2136),#1862,.F.);
#2136 = FACE_BOUND('',#2137,.T.);
#2137 = EDGE_LOOP('',(#2138,#2159));
#2138 = ORIENTED_EDGE('',*,*,#2139,.T.);
#2139 = EDGE_CURVE('',#1616,#1846,#2140,.T.);
#2140 = SURFACE_CURVE('',#2141,(#2145,#2152),.PCURVE_S1.);
#2141 = LINE('',#2142,#2143);
#2142 = CARTESIAN_POINT('',(6.25,4.642197755374,16.));
#2143 = VECTOR('',#2144,1.);
#2144 = DIRECTION('',(-0.,-0.,1.));
#2145 = PCURVE('',#1862,#2146);
#2146 = DEFINITIONAL_REPRESENTATION('',(#2147),#2151);
#2147 = LINE('',#2148,#2149);
#2148 = CARTESIAN_POINT('',(4.642197755374,-11.));
#2149 = VECTOR('',#2150,1.);
#2150 = DIRECTION('',(-0.,1.));
#2151 = ( GEOMETRIC_REPRESENTATION_CONTEXT(2) 
PARAMETRIC_REPRESENTATION_CONTEXT() REPRESENTATION_CONTEXT('2D SPACE',''
  ) );
#2152 = PCURVE('',#273,#2153);
#2153 = DEFINITIONAL_REPRESENTATION('',(#2154),#2158);
#2154 = LINE('',#2155,#2156);
#2155 = CARTESIAN_POINT('',(-3.356180607772,0.));
#2156 = VECTOR('',#2157,1.);
#2157 = DIRECTION('',(-0.,1.));
#2158 = ( GEOMETRIC_REPRESENTATION_CONTEXT(2) 
PARAMETRIC_REPRESENTATION_CONTEXT() REPRESENTATION_CONTEXT('2D SPACE',''
  ) );
#2159 = ORIENTED_EDGE('',*,*,#1845,.T.);
#2160 = ADVANCED_FACE('',(#2161),#1599,.F.);
#2161 = FACE_BOUND('',#2162,.T.);
#2162 = EDGE_LOOP('',(#2163,#2164,#2165));
#2163 = ORIENTED_EDGE('',*,*,#1582,.T.);
#2164 = ORIENTED_EDGE('',*,*,#2108,.T.);
#2165 = ORIENTED_EDGE('',*,*,#2166,.F.);
#2166 = EDGE_CURVE('',#1583,#1879,#2167,.T.);
#2167 = SURFACE_CURVE('',#2168,(#2172,#2179),.PCURVE_S1.);
#2168 = LINE('',#2169,#2170);
#2169 = CARTESIAN_POINT('',(6.25,-4.642197755374,16.));
#2170 = VECTOR('',#2171,1.);
#2171 = DIRECTION('',(-0.,-0.,1.));
#2172 = PCURVE('',#1599,#2173);
#2173 = DEFINITIONAL_REPRESENTATION('',(#2174),#2178);
#2174 = LINE('',#2175,#2176);
#2175 = CARTESIAN_POINT('',(-4.642197755374,-11.));
#2176 = VECTOR('',#2177,1.);
#2177 = DIRECTION('',(-0.,1.));
#2178 = ( GEOMETRIC_REPRESENTATION_CONTEXT(2) 
PARAMETRIC_REPRESENTATION_CONTEXT() REPRESENTATION_CONTEXT('2D SPACE',''
  ) );
#2179 = PCURVE('',#273,#2180);
#2180 = DEFINITIONAL_REPRESENTATION('',(#2181),#2185);
#2181 = LINE('',#2182,#2183);
#2182 = CARTESIAN_POINT('',(-2.927004699407,0.));
#2183 = VECTOR('',#2184,1.);
#2184 = DIRECTION('',(-0.,1.));
#2185 = ( GEOMETRIC_REPRESENTATION_CONTEXT(2) 
PARAMETRIC_REPRESENTATION_CONTEXT() REPRESENTATION_CONTEXT('2D SPACE',''
  ) );
#2186 = ADVANCED_FACE('',(#2187),#1425,.T.);
#2187 = FACE_BOUND('',#2188,.F.);
#2188 = EDGE_LOOP('',(#2189,#2212,#2213,#2236,#2257,#2278));
#2189 = ORIENTED_EDGE('',*,*,#2190,.F.);
#2190 = EDGE_CURVE('',#1382,#2191,#2193,.T.);
#2191 = VERTEX_POINT('',#2192);
#2192 = CARTESIAN_POINT('',(3.,-11.,-1.5));
#2193 = SURFACE_CURVE('',#2194,(#2198,#2205),.PCURVE_S1.);
#2194 = LINE('',#2195,#2196);
#2195 = CARTESIAN_POINT('',(0.,-11.,-1.5));
#2196 = VECTOR('',#2197,1.);
#2197 = DIRECTION('',(1.,-0.,-0.));
#2198 = PCURVE('',#1425,#2199);
#2199 = DEFINITIONAL_REPRESENTATION('',(#2200),#2204);
#2200 = LINE('',#2201,#2202);
#2201 = CARTESIAN_POINT('',(-0.,0.));
#2202 = VECTOR('',#2203,1.);
#2203 = DIRECTION('',(0.,1.));
#2204 = ( GEOMETRIC_REPRESENTATION_CONTEXT(2) 
PARAMETRIC_REPRESENTATION_CONTEXT() REPRESENTATION_CONTEXT('2D SPACE',''
  ) );
#2205 = PCURVE('',#1397,#2206);
#2206 = DEFINITIONAL_REPRESENTATION('',(#2207),#2211);
#2207 = LINE('',#2208,#2209);
#2208 = CARTESIAN_POINT('',(-0.,22.));
#2209 = VECTOR('',#2210,1.);
#2210 = DIRECTION('',(-1.,-0.));
#2211 = ( GEOMETRIC_REPRESENTATION_CONTEXT(2) 
PARAMETRIC_REPRESENTATION_CONTEXT() REPRESENTATION_CONTEXT('2D SPACE',''
  ) );
#2212 = ORIENTED_EDGE('',*,*,#1409,.T.);
#2213 = ORIENTED_EDGE('',*,*,#2214,.T.);
#2214 = EDGE_CURVE('',#1410,#2215,#2217,.T.);
#2215 = VERTEX_POINT('',#2216);
#2216 = CARTESIAN_POINT('',(3.,-11.,35.5));
#2217 = SURFACE_CURVE('',#2218,(#2222,#2229),.PCURVE_S1.);
#2218 = LINE('',#2219,#2220);
#2219 = CARTESIAN_POINT('',(0.,-11.,35.5));
#2220 = VECTOR('',#2221,1.);
#2221 = DIRECTION('',(1.,-0.,-0.));
#2222 = PCURVE('',#1425,#2223);
#2223 = DEFINITIONAL_REPRESENTATION('',(#2224),#2228);
#2224 = LINE('',#2225,#2226);
#2225 = CARTESIAN_POINT('',(-37.,0.));
#2226 = VECTOR('',#2227,1.);
#2227 = DIRECTION('',(0.,1.));
#2228 = ( GEOMETRIC_REPRESENTATION_CONTEXT(2) 
PARAMETRIC_REPRESENTATION_CONTEXT() REPRESENTATION_CONTEXT('2D SPACE',''
  ) );
#2229 = PCURVE('',#1451,#2230);
#2230 = DEFINITIONAL_REPRESENTATION('',(#2231),#2235);
#2231 = LINE('',#2232,#2233);
#2232 = CARTESIAN_POINT('',(-0.,22.));
#2233 = VECTOR('',#2234,1.);
#2234 = DIRECTION('',(-1.,-0.));
#2235 = ( GEOMETRIC_REPRESENTATION_CONTEXT(2) 
PARAMETRIC_REPRESENTATION_CONTEXT() REPRESENTATION_CONTEXT('2D SPACE',''
  ) );
#2236 = ORIENTED_EDGE('',*,*,#2237,.F.);
#2237 = EDGE_CURVE('',#85,#2215,#2238,.T.);
#2238 = SURFACE_CURVE('',#2239,(#2243,#2250),.PCURVE_S1.);
#2239 = LINE('',#2240,#2241);
#2240 = CARTESIAN_POINT('',(3.,-11.,-1.5));
#2241 = VECTOR('',#2242,1.);
#2242 = DIRECTION('',(-0.,-0.,1.));
#2243 = PCURVE('',#1425,#2244);
#2244 = DEFINITIONAL_REPRESENTATION('',(#2245),#2249);
#2245 = LINE('',#2246,#2247);
#2246 = CARTESIAN_POINT('',(-0.,3.));
#2247 = VECTOR('',#2248,1.);
#2248 = DIRECTION('',(-1.,0.));
#2249 = ( GEOMETRIC_REPRESENTATION_CONTEXT(2) 
PARAMETRIC_REPRESENTATION_CONTEXT() REPRESENTATION_CONTEXT('2D SPACE',''
  ) );
#2250 = PCURVE('',#128,#2251);
#2251 = DEFINITIONAL_REPRESENTATION('',(#2252),#2256);
#2252 = LINE('',#2253,#2254);
#2253 = CARTESIAN_POINT('',(-0.,-22.));
#2254 = VECTOR('',#2255,1.);
#2255 = DIRECTION('',(-1.,0.));
#2256 = ( GEOMETRIC_REPRESENTATION_CONTEXT(2) 
PARAMETRIC_REPRESENTATION_CONTEXT() REPRESENTATION_CONTEXT('2D SPACE',''
  ) );
#2257 = ORIENTED_EDGE('',*,*,#2258,.F.);
#2258 = EDGE_CURVE('',#517,#85,#2259,.T.);
#2259 = SURFACE_CURVE('',#2260,(#2264,#2271),.PCURVE_S1.);
#2260 = LINE('',#2261,#2262);
#2261 = CARTESIAN_POINT('',(3.,-11.,-1.5));
#2262 = VECTOR('',#2263,1.);
#2263 = DIRECTION('',(-0.,-0.,1.));
#2264 = PCURVE('',#1425,#2265);
#2265 = DEFINITIONAL_REPRESENTATION('',(#2266),#2270);
#2266 = LINE('',#2267,#2268);
#2267 = CARTESIAN_POINT('',(-0.,3.));
#2268 = VECTOR('',#2269,1.);
#2269 = DIRECTION('',(-1.,0.));
#2270 = ( GEOMETRIC_REPRESENTATION_CONTEXT(2) 
PARAMETRIC_REPRESENTATION_CONTEXT() REPRESENTATION_CONTEXT('2D SPACE',''
  ) );
#2271 = PCURVE('',#100,#2272);
#2272 = DEFINITIONAL_REPRESENTATION('',(#2273),#2277);
#2273 = LINE('',#2274,#2275);
#2274 = CARTESIAN_POINT('',(1.5,-34.));
#2275 = VECTOR('',#2276,1.);
#2276 = DIRECTION('',(-1.,0.));
#2277 = ( GEOMETRIC_REPRESENTATION_CONTEXT(2) 
PARAMETRIC_REPRESENTATION_CONTEXT() REPRESENTATION_CONTEXT('2D SPACE',''
  ) );
#2278 = ORIENTED_EDGE('',*,*,#2279,.F.);
#2279 = EDGE_CURVE('',#2191,#517,#2280,.T.);
#2280 = SURFACE_CURVE('',#2281,(#2285,#2292),.PCURVE_S1.);
#2281 = LINE('',#2282,#2283);
#2282 = CARTESIAN_POINT('',(3.,-11.,-1.5));
#2283 = VECTOR('',#2284,1.);
#2284 = DIRECTION('',(-0.,-0.,1.));
#2285 = PCURVE('',#1425,#2286);
#2286 = DEFINITIONAL_REPRESENTATION('',(#2287),#2291);
#2287 = LINE('',#2288,#2289);
#2288 = CARTESIAN_POINT('',(-0.,3.));
#2289 = VECTOR('',#2290,1.);
#2290 = DIRECTION('',(-1.,0.));
#2291 = ( GEOMETRIC_REPRESENTATION_CONTEXT(2) 
PARAMETRIC_REPRESENTATION_CONTEXT() REPRESENTATION_CONTEXT('2D SPACE',''
  ) );
#2292 = PCURVE('',#553,#2293);
#2293 = DEFINITIONAL_REPRESENTATION('',(#2294),#2298);
#2294 = LINE('',#2295,#2296);
#2295 = CARTESIAN_POINT('',(-0.,-22.));
#2296 = VECTOR('',#2297,1.);
#2297 = DIRECTION('',(-1.,0.));
#2298 = ( GEOMETRIC_REPRESENTATION_CONTEXT(2) 
PARAMETRIC_REPRESENTATION_CONTEXT() REPRESENTATION_CONTEXT('2D SPACE',''
  ) );
#2299 = ADVANCED_FACE('',(#2300),#1397,.F.);
#2300 = FACE_BOUND('',#2301,.T.);
#2301 = EDGE_LOOP('',(#2302,#2303,#2326,#2347));
#2302 = ORIENTED_EDGE('',*,*,#1381,.F.);
#2303 = ORIENTED_EDGE('',*,*,#2304,.T.);
#2304 = EDGE_CURVE('',#1352,#2305,#2307,.T.);
#2305 = VERTEX_POINT('',#2306);
#2306 = CARTESIAN_POINT('',(3.,11.,-1.5));
#2307 = SURFACE_CURVE('',#2308,(#2312,#2319),.PCURVE_S1.);
#2308 = LINE('',#2309,#2310);
#2309 = CARTESIAN_POINT('',(0.,11.,-1.5));
#2310 = VECTOR('',#2311,1.);
#2311 = DIRECTION('',(1.,-0.,-0.));
#2312 = PCURVE('',#1397,#2313);
#2313 = DEFINITIONAL_REPRESENTATION('',(#2314),#2318);
#2314 = LINE('',#2315,#2316);
#2315 = CARTESIAN_POINT('',(-0.,0.));
#2316 = VECTOR('',#2317,1.);
#2317 = DIRECTION('',(-1.,-0.));
#2318 = ( GEOMETRIC_REPRESENTATION_CONTEXT(2) 
PARAMETRIC_REPRESENTATION_CONTEXT() REPRESENTATION_CONTEXT('2D SPACE',''
  ) );
#2319 = PCURVE('',#1369,#2320);
#2320 = DEFINITIONAL_REPRESENTATION('',(#2321),#2325);
#2321 = LINE('',#2322,#2323);
#2322 = CARTESIAN_POINT('',(-0.,0.));
#2323 = VECTOR('',#2324,1.);
#2324 = DIRECTION('',(0.,1.));
#2325 = ( GEOMETRIC_REPRESENTATION_CONTEXT(2) 
PARAMETRIC_REPRESENTATION_CONTEXT() REPRESENTATION_CONTEXT('2D SPACE',''
  ) );
#2326 = ORIENTED_EDGE('',*,*,#2327,.T.);
#2327 = EDGE_CURVE('',#2305,#2191,#2328,.T.);
#2328 = SURFACE_CURVE('',#2329,(#2333,#2340),.PCURVE_S1.);
#2329 = LINE('',#2330,#2331);
#2330 = CARTESIAN_POINT('',(3.,11.,-1.5));
#2331 = VECTOR('',#2332,1.);
#2332 = DIRECTION('',(-0.,-1.,0.));
#2333 = PCURVE('',#1397,#2334);
#2334 = DEFINITIONAL_REPRESENTATION('',(#2335),#2339);
#2335 = LINE('',#2336,#2337);
#2336 = CARTESIAN_POINT('',(-3.,0.));
#2337 = VECTOR('',#2338,1.);
#2338 = DIRECTION('',(-0.,1.));
#2339 = ( GEOMETRIC_REPRESENTATION_CONTEXT(2) 
PARAMETRIC_REPRESENTATION_CONTEXT() REPRESENTATION_CONTEXT('2D SPACE',''
  ) );
#2340 = PCURVE('',#553,#2341);
#2341 = DEFINITIONAL_REPRESENTATION('',(#2342),#2346);
#2342 = LINE('',#2343,#2344);
#2343 = CARTESIAN_POINT('',(-0.,0.));
#2344 = VECTOR('',#2345,1.);
#2345 = DIRECTION('',(-0.,-1.));
#2346 = ( GEOMETRIC_REPRESENTATION_CONTEXT(2) 
PARAMETRIC_REPRESENTATION_CONTEXT() REPRESENTATION_CONTEXT('2D SPACE',''
  ) );
#2347 = ORIENTED_EDGE('',*,*,#2190,.F.);
#2348 = ADVANCED_FACE('',(#2349),#1451,.T.);
#2349 = FACE_BOUND('',#2350,.F.);
#2350 = EDGE_LOOP('',(#2351,#2352,#2375,#2396));
#2351 = ORIENTED_EDGE('',*,*,#1437,.F.);
#2352 = ORIENTED_EDGE('',*,*,#2353,.T.);
#2353 = EDGE_CURVE('',#1354,#2354,#2356,.T.);
#2354 = VERTEX_POINT('',#2355);
#2355 = CARTESIAN_POINT('',(3.,11.,35.5));
#2356 = SURFACE_CURVE('',#2357,(#2361,#2368),.PCURVE_S1.);
#2357 = LINE('',#2358,#2359);
#2358 = CARTESIAN_POINT('',(0.,11.,35.5));
#2359 = VECTOR('',#2360,1.);
#2360 = DIRECTION('',(1.,-0.,-0.));
#2361 = PCURVE('',#1451,#2362);
#2362 = DEFINITIONAL_REPRESENTATION('',(#2363),#2367);
#2363 = LINE('',#2364,#2365);
#2364 = CARTESIAN_POINT('',(-0.,0.));
#2365 = VECTOR('',#2366,1.);
#2366 = DIRECTION('',(-1.,-0.));
#2367 = ( GEOMETRIC_REPRESENTATION_CONTEXT(2) 
PARAMETRIC_REPRESENTATION_CONTEXT() REPRESENTATION_CONTEXT('2D SPACE',''
  ) );
#2368 = PCURVE('',#1369,#2369);
#2369 = DEFINITIONAL_REPRESENTATION('',(#2370),#2374);
#2370 = LINE('',#2371,#2372);
#2371 = CARTESIAN_POINT('',(-37.,0.));
#2372 = VECTOR('',#2373,1.);
#2373 = DIRECTION('',(0.,1.));
#2374 = ( GEOMETRIC_REPRESENTATION_CONTEXT(2) 
PARAMETRIC_REPRESENTATION_CONTEXT() REPRESENTATION_CONTEXT('2D SPACE',''
  ) );
#2375 = ORIENTED_EDGE('',*,*,#2376,.T.);
#2376 = EDGE_CURVE('',#2354,#2215,#2377,.T.);
#2377 = SURFACE_CURVE('',#2378,(#2382,#2389),.PCURVE_S1.);
#2378 = LINE('',#2379,#2380);
#2379 = CARTESIAN_POINT('',(3.,11.,35.5));
#2380 = VECTOR('',#2381,1.);
#2381 = DIRECTION('',(-0.,-1.,0.));
#2382 = PCURVE('',#1451,#2383);
#2383 = DEFINITIONAL_REPRESENTATION('',(#2384),#2388);
#2384 = LINE('',#2385,#2386);
#2385 = CARTESIAN_POINT('',(-3.,0.));
#2386 = VECTOR('',#2387,1.);
#2387 = DIRECTION('',(-0.,1.));
#2388 = ( GEOMETRIC_REPRESENTATION_CONTEXT(2) 
PARAMETRIC_REPRESENTATION_CONTEXT() REPRESENTATION_CONTEXT('2D SPACE',''
  ) );
#2389 = PCURVE('',#128,#2390);
#2390 = DEFINITIONAL_REPRESENTATION('',(#2391),#2395);
#2391 = LINE('',#2392,#2393);
#2392 = CARTESIAN_POINT('',(-37.,0.));
#2393 = VECTOR('',#2394,1.);
#2394 = DIRECTION('',(-0.,-1.));
#2395 = ( GEOMETRIC_REPRESENTATION_CONTEXT(2) 
PARAMETRIC_REPRESENTATION_CONTEXT() REPRESENTATION_CONTEXT('2D SPACE',''
  ) );
#2396 = ORIENTED_EDGE('',*,*,#2214,.F.);
#2397 = ADVANCED_FACE('',(#2398),#1369,.F.);
#2398 = FACE_BOUND('',#2399,.T.);
#2399 = EDGE_LOOP('',(#2400,#2401,#2402,#2403,#2424,#2445));
#2400 = ORIENTED_EDGE('',*,*,#2304,.F.);
#2401 = ORIENTED_EDGE('',*,*,#1351,.T.);
#2402 = ORIENTED_EDGE('',*,*,#2353,.T.);
#2403 = ORIENTED_EDGE('',*,*,#2404,.F.);
#2404 = EDGE_CURVE('',#113,#2354,#2405,.T.);
#2405 = SURFACE_CURVE('',#2406,(#2410,#2417),.PCURVE_S1.);
#2406 = LINE('',#2407,#2408);
#2407 = CARTESIAN_POINT('',(3.,11.,-1.5));
#2408 = VECTOR('',#2409,1.);
#2409 = DIRECTION('',(-0.,-0.,1.));
#2410 = PCURVE('',#1369,#2411);
#2411 = DEFINITIONAL_REPRESENTATION('',(#2412),#2416);
#2412 = LINE('',#2413,#2414);
#2413 = CARTESIAN_POINT('',(-0.,3.));
#2414 = VECTOR('',#2415,1.);
#2415 = DIRECTION('',(-1.,0.));
#2416 = ( GEOMETRIC_REPRESENTATION_CONTEXT(2) 
PARAMETRIC_REPRESENTATION_CONTEXT() REPRESENTATION_CONTEXT('2D SPACE',''
  ) );
#2417 = PCURVE('',#128,#2418);
#2418 = DEFINITIONAL_REPRESENTATION('',(#2419),#2423);
#2419 = LINE('',#2420,#2421);
#2420 = CARTESIAN_POINT('',(-0.,0.));
#2421 = VECTOR('',#2422,1.);
#2422 = DIRECTION('',(-1.,0.));
#2423 = ( GEOMETRIC_REPRESENTATION_CONTEXT(2) 
PARAMETRIC_REPRESENTATION_CONTEXT() REPRESENTATION_CONTEXT('2D SPACE',''
  ) );
#2424 = ORIENTED_EDGE('',*,*,#2425,.F.);
#2425 = EDGE_CURVE('',#391,#113,#2426,.T.);
#2426 = SURFACE_CURVE('',#2427,(#2431,#2438),.PCURVE_S1.);
#2427 = LINE('',#2428,#2429);
#2428 = CARTESIAN_POINT('',(3.,11.,-1.5));
#2429 = VECTOR('',#2430,1.);
#2430 = DIRECTION('',(-0.,-0.,1.));
#2431 = PCURVE('',#1369,#2432);
#2432 = DEFINITIONAL_REPRESENTATION('',(#2433),#2437);
#2433 = LINE('',#2434,#2435);
#2434 = CARTESIAN_POINT('',(-0.,3.));
#2435 = VECTOR('',#2436,1.);
#2436 = DIRECTION('',(-1.,0.));
#2437 = ( GEOMETRIC_REPRESENTATION_CONTEXT(2) 
PARAMETRIC_REPRESENTATION_CONTEXT() REPRESENTATION_CONTEXT('2D SPACE',''
  ) );
#2438 = PCURVE('',#156,#2439);
#2439 = DEFINITIONAL_REPRESENTATION('',(#2440),#2444);
#2440 = LINE('',#2441,#2442);
#2441 = CARTESIAN_POINT('',(1.5,-12.));
#2442 = VECTOR('',#2443,1.);
#2443 = DIRECTION('',(-1.,0.));
#2444 = ( GEOMETRIC_REPRESENTATION_CONTEXT(2) 
PARAMETRIC_REPRESENTATION_CONTEXT() REPRESENTATION_CONTEXT('2D SPACE',''
  ) );
#2445 = ORIENTED_EDGE('',*,*,#2446,.F.);
#2446 = EDGE_CURVE('',#2305,#391,#2447,.T.);
#2447 = SURFACE_CURVE('',#2448,(#2452,#2459),.PCURVE_S1.);
#2448 = LINE('',#2449,#2450);
#2449 = CARTESIAN_POINT('',(3.,11.,-1.5));
#2450 = VECTOR('',#2451,1.);
#2451 = DIRECTION('',(-0.,-0.,1.));
#2452 = PCURVE('',#1369,#2453);
#2453 = DEFINITIONAL_REPRESENTATION('',(#2454),#2458);
#2454 = LINE('',#2455,#2456);
#2455 = CARTESIAN_POINT('',(-0.,3.));
#2456 = VECTOR('',#2457,1.);
#2457 = DIRECTION('',(-1.,0.));
#2458 = ( GEOMETRIC_REPRESENTATION_CONTEXT(2) 
PARAMETRIC_REPRESENTATION_CONTEXT() REPRESENTATION_CONTEXT('2D SPACE',''
  ) );
#2459 = PCURVE('',#553,#2460);
#2460 = DEFINITIONAL_REPRESENTATION('',(#2461),#2465);
#2461 = LINE('',#2462,#2463);
#2462 = CARTESIAN_POINT('',(-0.,0.));
#2463 = VECTOR('',#2464,1.);
#2464 = DIRECTION('',(-1.,0.));
#2465 = ( GEOMETRIC_REPRESENTATION_CONTEXT(2) 
PARAMETRIC_REPRESENTATION_CONTEXT() REPRESENTATION_CONTEXT('2D SPACE',''
  ) );
#2466 = ADVANCED_FACE('',(#2467),#1055,.F.);
#2467 = FACE_BOUND('',#2468,.T.);
#2468 = EDGE_LOOP('',(#2469,#2490));
#2469 = ORIENTED_EDGE('',*,*,#2470,.T.);
#2470 = EDGE_CURVE('',#989,#1039,#2471,.T.);
#2471 = SURFACE_CURVE('',#2472,(#2476,#2483),.PCURVE_S1.);
#2472 = LINE('',#2473,#2474);
#2473 = CARTESIAN_POINT('',(10.95,4.104875150355,0.));
#2474 = VECTOR('',#2475,1.);
#2475 = DIRECTION('',(-0.,-0.,1.));
#2476 = PCURVE('',#1055,#2477);
#2477 = DEFINITIONAL_REPRESENTATION('',(#2478),#2482);
#2478 = LINE('',#2479,#2480);
#2479 = CARTESIAN_POINT('',(4.104875150355,-7.));
#2480 = VECTOR('',#2481,1.);
#2481 = DIRECTION('',(-0.,1.));
#2482 = ( GEOMETRIC_REPRESENTATION_CONTEXT(2) 
PARAMETRIC_REPRESENTATION_CONTEXT() REPRESENTATION_CONTEXT('2D SPACE',''
  ) );
#2483 = PCURVE('',#587,#2484);
#2484 = DEFINITIONAL_REPRESENTATION('',(#2485),#2489);
#2485 = LINE('',#2486,#2487);
#2486 = CARTESIAN_POINT('',(-3.384011224186,0.));
#2487 = VECTOR('',#2488,1.);
#2488 = DIRECTION('',(-0.,1.));
#2489 = ( GEOMETRIC_REPRESENTATION_CONTEXT(2) 
PARAMETRIC_REPRESENTATION_CONTEXT() REPRESENTATION_CONTEXT('2D SPACE',''
  ) );
#2490 = ORIENTED_EDGE('',*,*,#1038,.T.);
#2491 = ADVANCED_FACE('',(#2492),#923,.F.);
#2492 = FACE_BOUND('',#2493,.T.);
#2493 = EDGE_LOOP('',(#2494,#2495,#2496));
#2494 = ORIENTED_EDGE('',*,*,#906,.T.);
#2495 = ORIENTED_EDGE('',*,*,#1235,.T.);
#2496 = ORIENTED_EDGE('',*,*,#2497,.F.);
#2497 = EDGE_CURVE('',#907,#1072,#2498,.T.);
#2498 = SURFACE_CURVE('',#2499,(#2503,#2510),.PCURVE_S1.);
#2499 = LINE('',#2500,#2501);
#2500 = CARTESIAN_POINT('',(10.95,-4.104875150355,0.));
#2501 = VECTOR('',#2502,1.);
#2502 = DIRECTION('',(-0.,-0.,1.));
#2503 = PCURVE('',#923,#2504);
#2504 = DEFINITIONAL_REPRESENTATION('',(#2505),#2509);
#2505 = LINE('',#2506,#2507);
#2506 = CARTESIAN_POINT('',(-4.104875150355,-7.));
#2507 = VECTOR('',#2508,1.);
#2508 = DIRECTION('',(-0.,1.));
#2509 = ( GEOMETRIC_REPRESENTATION_CONTEXT(2) 
PARAMETRIC_REPRESENTATION_CONTEXT() REPRESENTATION_CONTEXT('2D SPACE',''
  ) );
#2510 = PCURVE('',#587,#2511);
#2511 = DEFINITIONAL_REPRESENTATION('',(#2512),#2516);
#2512 = LINE('',#2513,#2514);
#2513 = CARTESIAN_POINT('',(-2.899174082994,0.));
#2514 = VECTOR('',#2515,1.);
#2515 = DIRECTION('',(-0.,1.));
#2516 = ( GEOMETRIC_REPRESENTATION_CONTEXT(2) 
PARAMETRIC_REPRESENTATION_CONTEXT() REPRESENTATION_CONTEXT('2D SPACE',''
  ) );
#2517 = ADVANCED_FACE('',(#2518),#704,.F.);
#2518 = FACE_BOUND('',#2519,.T.);
#2519 = EDGE_LOOP('',(#2520,#2521,#2544,#2572));
#2520 = ORIENTED_EDGE('',*,*,#684,.F.);
#2521 = ORIENTED_EDGE('',*,*,#2522,.T.);
#2522 = EDGE_CURVE('',#658,#2523,#2525,.T.);
#2523 = VERTEX_POINT('',#2524);
#2524 = CARTESIAN_POINT('',(19.,15.907110616067,16.));
#2525 = SURFACE_CURVE('',#2526,(#2530,#2537),.PCURVE_S1.);
#2526 = LINE('',#2527,#2528);
#2527 = CARTESIAN_POINT('',(19.,15.907110616067,3.));
#2528 = VECTOR('',#2529,1.);
#2529 = DIRECTION('',(-0.,-0.,1.));
#2530 = PCURVE('',#704,#2531);
#2531 = DEFINITIONAL_REPRESENTATION('',(#2532),#2536);
#2532 = LINE('',#2533,#2534);
#2533 = CARTESIAN_POINT('',(-0.,0.));
#2534 = VECTOR('',#2535,1.);
#2535 = DIRECTION('',(-1.,0.));
#2536 = ( GEOMETRIC_REPRESENTATION_CONTEXT(2) 
PARAMETRIC_REPRESENTATION_CONTEXT() REPRESENTATION_CONTEXT('2D SPACE',''
  ) );
#2537 = PCURVE('',#212,#2538);
#2538 = DEFINITIONAL_REPRESENTATION('',(#2539),#2543);
#2539 = LINE('',#2540,#2541);
#2540 = CARTESIAN_POINT('',(-3.,-7.092889383933));
#2541 = VECTOR('',#2542,1.);
#2542 = DIRECTION('',(-1.,0.));
#2543 = ( GEOMETRIC_REPRESENTATION_CONTEXT(2) 
PARAMETRIC_REPRESENTATION_CONTEXT() REPRESENTATION_CONTEXT('2D SPACE',''
  ) );
#2544 = ORIENTED_EDGE('',*,*,#2545,.T.);
#2545 = EDGE_CURVE('',#2523,#2546,#2548,.T.);
#2546 = VERTEX_POINT('',#2547);
#2547 = CARTESIAN_POINT('',(16.543517715128,13.086915133552,16.));
#2548 = SURFACE_CURVE('',#2549,(#2553,#2560),.PCURVE_S1.);
#2549 = LINE('',#2550,#2551);
#2550 = CARTESIAN_POINT('',(16.905056323098,13.50198409425,16.));
#2551 = VECTOR('',#2552,1.);
#2552 = DIRECTION('',(-0.656808566968,-0.754057362777,0.));
#2553 = PCURVE('',#704,#2554);
#2554 = DEFINITIONAL_REPRESENTATION('',(#2555),#2559);
#2555 = LINE('',#2556,#2557);
#2556 = CARTESIAN_POINT('',(-13.,3.18958031649));
#2557 = VECTOR('',#2558,1.);
#2558 = DIRECTION('',(-0.,1.));
#2559 = ( GEOMETRIC_REPRESENTATION_CONTEXT(2) 
PARAMETRIC_REPRESENTATION_CONTEXT() REPRESENTATION_CONTEXT('2D SPACE',''
  ) );
#2560 = PCURVE('',#2561,#2566);
#2561 = PLANE('',#2562);
#2562 = AXIS2_PLACEMENT_3D('',#2563,#2564,#2565);
#2563 = CARTESIAN_POINT('',(27.55,0.,16.));
#2564 = DIRECTION('',(-0.,-0.,1.));
#2565 = DIRECTION('',(-1.,0.,0.));
#2566 = DEFINITIONAL_REPRESENTATION('',(#2567),#2571);
#2567 = LINE('',#2568,#2569);
#2568 = CARTESIAN_POINT('',(10.644943676902,-13.50198409425));
#2569 = VECTOR('',#2570,1.);
#2570 = DIRECTION('',(0.656808566968,0.754057362777));
#2571 = ( GEOMETRIC_REPRESENTATION_CONTEXT(2) 
PARAMETRIC_REPRESENTATION_CONTEXT() REPRESENTATION_CONTEXT('2D SPACE',''
  ) );
#2572 = ORIENTED_EDGE('',*,*,#2573,.F.);
#2573 = EDGE_CURVE('',#685,#2546,#2574,.T.);
#2574 = SURFACE_CURVE('',#2575,(#2579,#2586),.PCURVE_S1.);
#2575 = LINE('',#2576,#2577);
#2576 = CARTESIAN_POINT('',(16.543517715128,13.086915133552,3.));
#2577 = VECTOR('',#2578,1.);
#2578 = DIRECTION('',(-0.,-0.,1.));
#2579 = PCURVE('',#704,#2580);
#2580 = DEFINITIONAL_REPRESENTATION('',(#2581),#2585);
#2581 = LINE('',#2582,#2583);
#2582 = CARTESIAN_POINT('',(-0.,3.740027777369));
#2583 = VECTOR('',#2584,1.);
#2584 = DIRECTION('',(-1.,0.));
#2585 = ( GEOMETRIC_REPRESENTATION_CONTEXT(2) 
PARAMETRIC_REPRESENTATION_CONTEXT() REPRESENTATION_CONTEXT('2D SPACE',''
  ) );
#2586 = PCURVE('',#587,#2587);
#2587 = DEFINITIONAL_REPRESENTATION('',(#2588),#2592);
#2588 = LINE('',#2589,#2590);
#2589 = CARTESIAN_POINT('',(-4.01312583515,3.));
#2590 = VECTOR('',#2591,1.);
#2591 = DIRECTION('',(-0.,1.));
#2592 = ( GEOMETRIC_REPRESENTATION_CONTEXT(2) 
PARAMETRIC_REPRESENTATION_CONTEXT() REPRESENTATION_CONTEXT('2D SPACE',''
  ) );
#2593 = ADVANCED_FACE('',(#2594),#2561,.T.);
#2594 = FACE_BOUND('',#2595,.F.);
#2595 = EDGE_LOOP('',(#2596,#2621,#2644,#2667,#2695,#2718,#2739,#2740));
#2596 = ORIENTED_EDGE('',*,*,#2597,.F.);
#2597 = EDGE_CURVE('',#2598,#2600,#2602,.T.);
#2598 = VERTEX_POINT('',#2599);
#2599 = CARTESIAN_POINT('',(19.,-15.90711061606,16.));
#2600 = VERTEX_POINT('',#2601);
#2601 = CARTESIAN_POINT('',(16.543517715128,-13.08691513355,16.));
#2602 = SURFACE_CURVE('',#2603,(#2607,#2614),.PCURVE_S1.);
#2603 = LINE('',#2604,#2605);
#2604 = CARTESIAN_POINT('',(16.905056323098,-13.50198409425,16.));
#2605 = VECTOR('',#2606,1.);
#2606 = DIRECTION('',(-0.656808566968,0.754057362777,-0.));
#2607 = PCURVE('',#2561,#2608);
#2608 = DEFINITIONAL_REPRESENTATION('',(#2609),#2613);
#2609 = LINE('',#2610,#2611);
#2610 = CARTESIAN_POINT('',(10.644943676902,13.50198409425));
#2611 = VECTOR('',#2612,1.);
#2612 = DIRECTION('',(0.656808566968,-0.754057362777));
#2613 = ( GEOMETRIC_REPRESENTATION_CONTEXT(2) 
PARAMETRIC_REPRESENTATION_CONTEXT() REPRESENTATION_CONTEXT('2D SPACE',''
  ) );
#2614 = PCURVE('',#619,#2615);
#2615 = DEFINITIONAL_REPRESENTATION('',(#2616),#2620);
#2616 = LINE('',#2617,#2618);
#2617 = CARTESIAN_POINT('',(-13.,3.18958031649));
#2618 = VECTOR('',#2619,1.);
#2619 = DIRECTION('',(-0.,1.));
#2620 = ( GEOMETRIC_REPRESENTATION_CONTEXT(2) 
PARAMETRIC_REPRESENTATION_CONTEXT() REPRESENTATION_CONTEXT('2D SPACE',''
  ) );
#2621 = ORIENTED_EDGE('',*,*,#2622,.F.);
#2622 = EDGE_CURVE('',#2623,#2598,#2625,.T.);
#2623 = VERTEX_POINT('',#2624);
#2624 = CARTESIAN_POINT('',(19.,-21.1514425123,16.));
#2625 = SURFACE_CURVE('',#2626,(#2630,#2637),.PCURVE_S1.);
#2626 = LINE('',#2627,#2628);
#2627 = CARTESIAN_POINT('',(19.,-21.1514425123,16.));
#2628 = VECTOR('',#2629,1.);
#2629 = DIRECTION('',(-0.,1.,-0.));
#2630 = PCURVE('',#2561,#2631);
#2631 = DEFINITIONAL_REPRESENTATION('',(#2632),#2636);
#2632 = LINE('',#2633,#2634);
#2633 = CARTESIAN_POINT('',(8.55,21.151442512301));
#2634 = VECTOR('',#2635,1.);
#2635 = DIRECTION('',(-0.,-1.));
#2636 = ( GEOMETRIC_REPRESENTATION_CONTEXT(2) 
PARAMETRIC_REPRESENTATION_CONTEXT() REPRESENTATION_CONTEXT('2D SPACE',''
  ) );
#2637 = PCURVE('',#44,#2638);
#2638 = DEFINITIONAL_REPRESENTATION('',(#2639),#2643);
#2639 = LINE('',#2640,#2641);
#2640 = CARTESIAN_POINT('',(-16.,-44.1514425123));
#2641 = VECTOR('',#2642,1.);
#2642 = DIRECTION('',(-0.,1.));
#2643 = ( GEOMETRIC_REPRESENTATION_CONTEXT(2) 
PARAMETRIC_REPRESENTATION_CONTEXT() REPRESENTATION_CONTEXT('2D SPACE',''
  ) );
#2644 = ORIENTED_EDGE('',*,*,#2645,.T.);
#2645 = EDGE_CURVE('',#2623,#2646,#2648,.T.);
#2646 = VERTEX_POINT('',#2647);
#2647 = CARTESIAN_POINT('',(16.327861963506,-18.68966607218,16.));
#2648 = SURFACE_CURVE('',#2649,(#2653,#2660),.PCURVE_S1.);
#2649 = LINE('',#2650,#2651);
#2650 = CARTESIAN_POINT('',(16.042239695862,-18.42652915349,16.));
#2651 = VECTOR('',#2652,1.);
#2652 = DIRECTION('',(-0.735463264787,0.677564599244,-0.));
#2653 = PCURVE('',#2561,#2654);
#2654 = DEFINITIONAL_REPRESENTATION('',(#2655),#2659);
#2655 = LINE('',#2656,#2657);
#2656 = CARTESIAN_POINT('',(11.507760304138,18.42652915349));
#2657 = VECTOR('',#2658,1.);
#2658 = DIRECTION('',(0.735463264787,-0.677564599244));
#2659 = ( GEOMETRIC_REPRESENTATION_CONTEXT(2) 
PARAMETRIC_REPRESENTATION_CONTEXT() REPRESENTATION_CONTEXT('2D SPACE',''
  ) );
#2660 = PCURVE('',#299,#2661);
#2661 = DEFINITIONAL_REPRESENTATION('',(#2662),#2666);
#2662 = LINE('',#2663,#2664);
#2663 = CARTESIAN_POINT('',(-0.,4.021628877677));
#2664 = VECTOR('',#2665,1.);
#2665 = DIRECTION('',(-0.,1.));
#2666 = ( GEOMETRIC_REPRESENTATION_CONTEXT(2) 
PARAMETRIC_REPRESENTATION_CONTEXT() REPRESENTATION_CONTEXT('2D SPACE',''
  ) );
#2667 = ORIENTED_EDGE('',*,*,#2668,.T.);
#2668 = EDGE_CURVE('',#2646,#2669,#2671,.T.);
#2669 = VERTEX_POINT('',#2670);
#2670 = CARTESIAN_POINT('',(16.327861963506,18.689666072187,16.));
#2671 = SURFACE_CURVE('',#2672,(#2677,#2688),.PCURVE_S1.);
#2672 = CIRCLE('',#2673,21.8);
#2673 = AXIS2_PLACEMENT_3D('',#2674,#2675,#2676);
#2674 = CARTESIAN_POINT('',(27.55,0.,16.));
#2675 = DIRECTION('',(-0.,0.,-1.));
#2676 = DIRECTION('',(1.,-0.,-0.));
#2677 = PCURVE('',#2561,#2678);
#2678 = DEFINITIONAL_REPRESENTATION('',(#2679),#2687);
#2679 = ( BOUNDED_CURVE() B_SPLINE_CURVE(2,(#2680,#2681,#2682,#2683,
#2684,#2685,#2686),.UNSPECIFIED.,.T.,.F.) B_SPLINE_CURVE_WITH_KNOTS((1,2
    ,2,2,2,1),(-2.094395102393,0.,2.094395102393,4.188790204786,
6.28318530718,8.377580409573),.UNSPECIFIED.) CURVE() 
GEOMETRIC_REPRESENTATION_ITEM() RATIONAL_B_SPLINE_CURVE((1.,0.5,1.,0.5,
1.,0.5,1.)) REPRESENTATION_ITEM('') );
#2680 = CARTESIAN_POINT('',(-21.8,0.));
#2681 = CARTESIAN_POINT('',(-21.8,37.758707605002));
#2682 = CARTESIAN_POINT('',(10.9,18.879353802501));
#2683 = CARTESIAN_POINT('',(43.6,5.339460044282E-15));
#2684 = CARTESIAN_POINT('',(10.9,-18.8793538025));
#2685 = CARTESIAN_POINT('',(-21.8,-37.758707605));
#2686 = CARTESIAN_POINT('',(-21.8,0.));
#2687 = ( GEOMETRIC_REPRESENTATION_CONTEXT(2) 
PARAMETRIC_REPRESENTATION_CONTEXT() REPRESENTATION_CONTEXT('2D SPACE',''
  ) );
#2688 = PCURVE('',#273,#2689);
#2689 = DEFINITIONAL_REPRESENTATION('',(#2690),#2694);
#2690 = LINE('',#2691,#2692);
#2691 = CARTESIAN_POINT('',(-0.,0.));
#2692 = VECTOR('',#2693,1.);
#2693 = DIRECTION('',(-1.,0.));
#2694 = ( GEOMETRIC_REPRESENTATION_CONTEXT(2) 
PARAMETRIC_REPRESENTATION_CONTEXT() REPRESENTATION_CONTEXT('2D SPACE',''
  ) );
#2695 = ORIENTED_EDGE('',*,*,#2696,.F.);
#2696 = EDGE_CURVE('',#2697,#2669,#2699,.T.);
#2697 = VERTEX_POINT('',#2698);
#2698 = CARTESIAN_POINT('',(19.,21.151442512301,16.));
#2699 = SURFACE_CURVE('',#2700,(#2704,#2711),.PCURVE_S1.);
#2700 = LINE('',#2701,#2702);
#2701 = CARTESIAN_POINT('',(16.042239695862,18.42652915349,16.));
#2702 = VECTOR('',#2703,1.);
#2703 = DIRECTION('',(-0.735463264787,-0.677564599244,0.));
#2704 = PCURVE('',#2561,#2705);
#2705 = DEFINITIONAL_REPRESENTATION('',(#2706),#2710);
#2706 = LINE('',#2707,#2708);
#2707 = CARTESIAN_POINT('',(11.507760304138,-18.42652915349));
#2708 = VECTOR('',#2709,1.);
#2709 = DIRECTION('',(0.735463264787,0.677564599244));
#2710 = ( GEOMETRIC_REPRESENTATION_CONTEXT(2) 
PARAMETRIC_REPRESENTATION_CONTEXT() REPRESENTATION_CONTEXT('2D SPACE',''
  ) );
#2711 = PCURVE('',#240,#2712);
#2712 = DEFINITIONAL_REPRESENTATION('',(#2713),#2717);
#2713 = LINE('',#2714,#2715);
#2714 = CARTESIAN_POINT('',(-0.,4.021628877677));
#2715 = VECTOR('',#2716,1.);
#2716 = DIRECTION('',(-0.,1.));
#2717 = ( GEOMETRIC_REPRESENTATION_CONTEXT(2) 
PARAMETRIC_REPRESENTATION_CONTEXT() REPRESENTATION_CONTEXT('2D SPACE',''
  ) );
#2718 = ORIENTED_EDGE('',*,*,#2719,.F.);
#2719 = EDGE_CURVE('',#2523,#2697,#2720,.T.);
#2720 = SURFACE_CURVE('',#2721,(#2725,#2732),.PCURVE_S1.);
#2721 = LINE('',#2722,#2723);
#2722 = CARTESIAN_POINT('',(19.,15.907110616067,16.));
#2723 = VECTOR('',#2724,1.);
#2724 = DIRECTION('',(-0.,1.,-0.));
#2725 = PCURVE('',#2561,#2726);
#2726 = DEFINITIONAL_REPRESENTATION('',(#2727),#2731);
#2727 = LINE('',#2728,#2729);
#2728 = CARTESIAN_POINT('',(8.55,-15.90711061606));
#2729 = VECTOR('',#2730,1.);
#2730 = DIRECTION('',(-0.,-1.));
#2731 = ( GEOMETRIC_REPRESENTATION_CONTEXT(2) 
PARAMETRIC_REPRESENTATION_CONTEXT() REPRESENTATION_CONTEXT('2D SPACE',''
  ) );
#2732 = PCURVE('',#212,#2733);
#2733 = DEFINITIONAL_REPRESENTATION('',(#2734),#2738);
#2734 = LINE('',#2735,#2736);
#2735 = CARTESIAN_POINT('',(-16.,-7.092889383933));
#2736 = VECTOR('',#2737,1.);
#2737 = DIRECTION('',(-0.,1.));
#2738 = ( GEOMETRIC_REPRESENTATION_CONTEXT(2) 
PARAMETRIC_REPRESENTATION_CONTEXT() REPRESENTATION_CONTEXT('2D SPACE',''
  ) );
#2739 = ORIENTED_EDGE('',*,*,#2545,.T.);
#2740 = ORIENTED_EDGE('',*,*,#2741,.F.);
#2741 = EDGE_CURVE('',#2600,#2546,#2742,.T.);
#2742 = SURFACE_CURVE('',#2743,(#2748,#2759),.PCURVE_S1.);
#2743 = CIRCLE('',#2744,17.1);
#2744 = AXIS2_PLACEMENT_3D('',#2745,#2746,#2747);
#2745 = CARTESIAN_POINT('',(27.55,0.,16.));
#2746 = DIRECTION('',(-0.,0.,-1.));
#2747 = DIRECTION('',(1.,-0.,-0.));
#2748 = PCURVE('',#2561,#2749);
#2749 = DEFINITIONAL_REPRESENTATION('',(#2750),#2758);
#2750 = ( BOUNDED_CURVE() B_SPLINE_CURVE(2,(#2751,#2752,#2753,#2754,
#2755,#2756,#2757),.UNSPECIFIED.,.T.,.F.) B_SPLINE_CURVE_WITH_KNOTS((1,2
    ,2,2,2,1),(-2.094395102393,0.,2.094395102393,4.188790204786,
6.28318530718,8.377580409573),.UNSPECIFIED.) CURVE() 
GEOMETRIC_REPRESENTATION_ITEM() RATIONAL_B_SPLINE_CURVE((1.,0.5,1.,0.5,
1.,0.5,1.)) REPRESENTATION_ITEM('') );
#2751 = CARTESIAN_POINT('',(-17.1,0.));
#2752 = CARTESIAN_POINT('',(-17.1,29.618068809428));
#2753 = CARTESIAN_POINT('',(8.55,14.809034404714));
#2754 = CARTESIAN_POINT('',(34.2,4.188292053084E-15));
#2755 = CARTESIAN_POINT('',(8.55,-14.80903440471));
#2756 = CARTESIAN_POINT('',(-17.1,-29.61806880942));
#2757 = CARTESIAN_POINT('',(-17.1,0.));
#2758 = ( GEOMETRIC_REPRESENTATION_CONTEXT(2) 
PARAMETRIC_REPRESENTATION_CONTEXT() REPRESENTATION_CONTEXT('2D SPACE',''
  ) );
#2759 = PCURVE('',#587,#2760);
#2760 = DEFINITIONAL_REPRESENTATION('',(#2761),#2765);
#2761 = LINE('',#2762,#2763);
#2762 = CARTESIAN_POINT('',(-0.,16.));
#2763 = VECTOR('',#2764,1.);
#2764 = DIRECTION('',(-1.,0.));
#2765 = ( GEOMETRIC_REPRESENTATION_CONTEXT(2) 
PARAMETRIC_REPRESENTATION_CONTEXT() REPRESENTATION_CONTEXT('2D SPACE',''
  ) );
#2766 = ADVANCED_FACE('',(#2767),#619,.T.);
#2767 = FACE_BOUND('',#2768,.F.);
#2768 = EDGE_LOOP('',(#2769,#2770,#2791,#2792));
#2769 = ORIENTED_EDGE('',*,*,#599,.F.);
#2770 = ORIENTED_EDGE('',*,*,#2771,.T.);
#2771 = EDGE_CURVE('',#600,#2598,#2772,.T.);
#2772 = SURFACE_CURVE('',#2773,(#2777,#2784),.PCURVE_S1.);
#2773 = LINE('',#2774,#2775);
#2774 = CARTESIAN_POINT('',(19.,-15.90711061606,3.));
#2775 = VECTOR('',#2776,1.);
#2776 = DIRECTION('',(-0.,-0.,1.));
#2777 = PCURVE('',#619,#2778);
#2778 = DEFINITIONAL_REPRESENTATION('',(#2779),#2783);
#2779 = LINE('',#2780,#2781);
#2780 = CARTESIAN_POINT('',(-0.,0.));
#2781 = VECTOR('',#2782,1.);
#2782 = DIRECTION('',(-1.,0.));
#2783 = ( GEOMETRIC_REPRESENTATION_CONTEXT(2) 
PARAMETRIC_REPRESENTATION_CONTEXT() REPRESENTATION_CONTEXT('2D SPACE',''
  ) );
#2784 = PCURVE('',#44,#2785);
#2785 = DEFINITIONAL_REPRESENTATION('',(#2786),#2790);
#2786 = LINE('',#2787,#2788);
#2787 = CARTESIAN_POINT('',(-3.,-38.90711061606));
#2788 = VECTOR('',#2789,1.);
#2789 = DIRECTION('',(-1.,0.));
#2790 = ( GEOMETRIC_REPRESENTATION_CONTEXT(2) 
PARAMETRIC_REPRESENTATION_CONTEXT() REPRESENTATION_CONTEXT('2D SPACE',''
  ) );
#2791 = ORIENTED_EDGE('',*,*,#2597,.T.);
#2792 = ORIENTED_EDGE('',*,*,#2793,.F.);
#2793 = EDGE_CURVE('',#569,#2600,#2794,.T.);
#2794 = SURFACE_CURVE('',#2795,(#2799,#2806),.PCURVE_S1.);
#2795 = LINE('',#2796,#2797);
#2796 = CARTESIAN_POINT('',(16.543517715128,-13.08691513355,3.));
#2797 = VECTOR('',#2798,1.);
#2798 = DIRECTION('',(-0.,-0.,1.));
#2799 = PCURVE('',#619,#2800);
#2800 = DEFINITIONAL_REPRESENTATION('',(#2801),#2805);
#2801 = LINE('',#2802,#2803);
#2802 = CARTESIAN_POINT('',(-0.,3.740027777369));
#2803 = VECTOR('',#2804,1.);
#2804 = DIRECTION('',(-1.,0.));
#2805 = ( GEOMETRIC_REPRESENTATION_CONTEXT(2) 
PARAMETRIC_REPRESENTATION_CONTEXT() REPRESENTATION_CONTEXT('2D SPACE',''
  ) );
#2806 = PCURVE('',#587,#2807);
#2807 = DEFINITIONAL_REPRESENTATION('',(#2808),#2812);
#2808 = LINE('',#2809,#2810);
#2809 = CARTESIAN_POINT('',(-2.27005947203,3.));
#2810 = VECTOR('',#2811,1.);
#2811 = DIRECTION('',(-0.,1.));
#2812 = ( GEOMETRIC_REPRESENTATION_CONTEXT(2) 
PARAMETRIC_REPRESENTATION_CONTEXT() REPRESENTATION_CONTEXT('2D SPACE',''
  ) );
#2813 = ADVANCED_FACE('',(#2814),#587,.F.);
#2814 = FACE_BOUND('',#2815,.T.);
#2815 = EDGE_LOOP('',(#2816,#2817,#2818,#2819,#2820,#2821,#2822,#2823,
    #2824,#2825));
#2816 = ORIENTED_EDGE('',*,*,#2741,.F.);
#2817 = ORIENTED_EDGE('',*,*,#2793,.F.);
#2818 = ORIENTED_EDGE('',*,*,#568,.T.);
#2819 = ORIENTED_EDGE('',*,*,#939,.F.);
#2820 = ORIENTED_EDGE('',*,*,#2497,.T.);
#2821 = ORIENTED_EDGE('',*,*,#1071,.F.);
#2822 = ORIENTED_EDGE('',*,*,#2470,.F.);
#2823 = ORIENTED_EDGE('',*,*,#988,.F.);
#2824 = ORIENTED_EDGE('',*,*,#716,.T.);
#2825 = ORIENTED_EDGE('',*,*,#2573,.T.);
#2826 = ADVANCED_FACE('',(#2827),#553,.T.);
#2827 = FACE_BOUND('',#2828,.F.);
#2828 = EDGE_LOOP('',(#2829,#2830,#2831,#2832));
#2829 = ORIENTED_EDGE('',*,*,#2446,.F.);
#2830 = ORIENTED_EDGE('',*,*,#2327,.T.);
#2831 = ORIENTED_EDGE('',*,*,#2279,.T.);
#2832 = ORIENTED_EDGE('',*,*,#539,.F.);
#2833 = ADVANCED_FACE('',(#2834),#156,.F.);
#2834 = FACE_BOUND('',#2835,.T.);
#2835 = EDGE_LOOP('',(#2836,#2837,#2838,#2839));
#2836 = ORIENTED_EDGE('',*,*,#140,.F.);
#2837 = ORIENTED_EDGE('',*,*,#344,.F.);
#2838 = ORIENTED_EDGE('',*,*,#390,.T.);
#2839 = ORIENTED_EDGE('',*,*,#2425,.T.);
#2840 = ADVANCED_FACE('',(#2841),#212,.T.);
#2841 = FACE_BOUND('',#2842,.F.);
#2842 = EDGE_LOOP('',(#2843,#2844,#2845,#2846,#2847,#2848,#2849));
#2843 = ORIENTED_EDGE('',*,*,#196,.F.);
#2844 = ORIENTED_EDGE('',*,*,#366,.F.);
#2845 = ORIENTED_EDGE('',*,*,#414,.T.);
#2846 = ORIENTED_EDGE('',*,*,#657,.T.);
#2847 = ORIENTED_EDGE('',*,*,#2522,.T.);
#2848 = ORIENTED_EDGE('',*,*,#2719,.T.);
#2849 = ORIENTED_EDGE('',*,*,#2850,.T.);
#2850 = EDGE_CURVE('',#2697,#197,#2851,.T.);
#2851 = SURFACE_CURVE('',#2852,(#2856,#2863),.PCURVE_S1.);
#2852 = LINE('',#2853,#2854);
#2853 = CARTESIAN_POINT('',(19.,21.151442512301,16.));
#2854 = VECTOR('',#2855,1.);
#2855 = DIRECTION('',(-0.,-0.,1.));
#2856 = PCURVE('',#212,#2857);
#2857 = DEFINITIONAL_REPRESENTATION('',(#2858),#2862);
#2858 = LINE('',#2859,#2860);
#2859 = CARTESIAN_POINT('',(-16.,-1.848557487699));
#2860 = VECTOR('',#2861,1.);
#2861 = DIRECTION('',(-1.,0.));
#2862 = ( GEOMETRIC_REPRESENTATION_CONTEXT(2) 
PARAMETRIC_REPRESENTATION_CONTEXT() REPRESENTATION_CONTEXT('2D SPACE',''
  ) );
#2863 = PCURVE('',#240,#2864);
#2864 = DEFINITIONAL_REPRESENTATION('',(#2865),#2869);
#2865 = LINE('',#2866,#2867);
#2866 = CARTESIAN_POINT('',(-0.,0.));
#2867 = VECTOR('',#2868,1.);
#2868 = DIRECTION('',(-1.,0.));
#2869 = ( GEOMETRIC_REPRESENTATION_CONTEXT(2) 
PARAMETRIC_REPRESENTATION_CONTEXT() REPRESENTATION_CONTEXT('2D SPACE',''
  ) );
#2870 = ADVANCED_FACE('',(#2871),#128,.T.);
#2871 = FACE_BOUND('',#2872,.F.);
#2872 = EDGE_LOOP('',(#2873,#2874,#2875,#2876));
#2873 = ORIENTED_EDGE('',*,*,#2404,.F.);
#2874 = ORIENTED_EDGE('',*,*,#112,.T.);
#2875 = ORIENTED_EDGE('',*,*,#2237,.T.);
#2876 = ORIENTED_EDGE('',*,*,#2376,.F.);
#2877 = ADVANCED_FACE('',(#2878),#240,.F.);
#2878 = FACE_BOUND('',#2879,.T.);
#2879 = EDGE_LOOP('',(#2880,#2881,#2882,#2883));
#2880 = ORIENTED_EDGE('',*,*,#2696,.F.);
#2881 = ORIENTED_EDGE('',*,*,#2850,.T.);
#2882 = ORIENTED_EDGE('',*,*,#224,.T.);
#2883 = ORIENTED_EDGE('',*,*,#2884,.F.);
#2884 = EDGE_CURVE('',#2669,#225,#2885,.T.);
#2885 = SURFACE_CURVE('',#2886,(#2890,#2897),.PCURVE_S1.);
#2886 = LINE('',#2887,#2888);
#2887 = CARTESIAN_POINT('',(16.327861963506,18.689666072187,16.));
#2888 = VECTOR('',#2889,1.);
#2889 = DIRECTION('',(-0.,-0.,1.));
#2890 = PCURVE('',#240,#2891);
#2891 = DEFINITIONAL_REPRESENTATION('',(#2892),#2896);
#2892 = LINE('',#2893,#2894);
#2893 = CARTESIAN_POINT('',(-0.,3.633271931356));
#2894 = VECTOR('',#2895,1.);
#2895 = DIRECTION('',(-1.,0.));
#2896 = ( GEOMETRIC_REPRESENTATION_CONTEXT(2) 
PARAMETRIC_REPRESENTATION_CONTEXT() REPRESENTATION_CONTEXT('2D SPACE',''
  ) );
#2897 = PCURVE('',#273,#2898);
#2898 = DEFINITIONAL_REPRESENTATION('',(#2899),#2903);
#2899 = LINE('',#2900,#2901);
#2900 = CARTESIAN_POINT('',(-4.171641493266,0.));
#2901 = VECTOR('',#2902,1.);
#2902 = DIRECTION('',(-0.,1.));
#2903 = ( GEOMETRIC_REPRESENTATION_CONTEXT(2) 
PARAMETRIC_REPRESENTATION_CONTEXT() REPRESENTATION_CONTEXT('2D SPACE',''
  ) );
#2904 = ADVANCED_FACE('',(#2905),#100,.F.);
#2905 = FACE_BOUND('',#2906,.T.);
#2906 = EDGE_LOOP('',(#2907,#2908,#2909,#2910));
#2907 = ORIENTED_EDGE('',*,*,#84,.F.);
#2908 = ORIENTED_EDGE('',*,*,#2258,.F.);
#2909 = ORIENTED_EDGE('',*,*,#516,.T.);
#2910 = ORIENTED_EDGE('',*,*,#2911,.T.);
#2911 = EDGE_CURVE('',#494,#57,#2912,.T.);
#2912 = SURFACE_CURVE('',#2913,(#2917,#2924),.PCURVE_S1.);
#2913 = LINE('',#2914,#2915);
#2914 = CARTESIAN_POINT('',(3.,-23.,0.));
#2915 = VECTOR('',#2916,1.);
#2916 = DIRECTION('',(-0.,-0.,1.));
#2917 = PCURVE('',#100,#2918);
#2918 = DEFINITIONAL_REPRESENTATION('',(#2919),#2923);
#2919 = LINE('',#2920,#2921);
#2920 = CARTESIAN_POINT('',(-0.,-46.));
#2921 = VECTOR('',#2922,1.);
#2922 = DIRECTION('',(-1.,0.));
#2923 = ( GEOMETRIC_REPRESENTATION_CONTEXT(2) 
PARAMETRIC_REPRESENTATION_CONTEXT() REPRESENTATION_CONTEXT('2D SPACE',''
  ) );
#2924 = PCURVE('',#72,#2925);
#2925 = DEFINITIONAL_REPRESENTATION('',(#2926),#2930);
#2926 = LINE('',#2927,#2928);
#2927 = CARTESIAN_POINT('',(-0.,0.));
#2928 = VECTOR('',#2929,1.);
#2929 = DIRECTION('',(-1.,0.));
#2930 = ( GEOMETRIC_REPRESENTATION_CONTEXT(2) 
PARAMETRIC_REPRESENTATION_CONTEXT() REPRESENTATION_CONTEXT('2D SPACE',''
  ) );
#2931 = ADVANCED_FACE('',(#2932,#2958),#273,.F.);
#2932 = FACE_BOUND('',#2933,.T.);
#2933 = EDGE_LOOP('',(#2934,#2935,#2956,#2957));
#2934 = ORIENTED_EDGE('',*,*,#252,.F.);
#2935 = ORIENTED_EDGE('',*,*,#2936,.F.);
#2936 = EDGE_CURVE('',#2646,#253,#2937,.T.);
#2937 = SURFACE_CURVE('',#2938,(#2942,#2949),.PCURVE_S1.);
#2938 = LINE('',#2939,#2940);
#2939 = CARTESIAN_POINT('',(16.327861963506,-18.68966607218,16.));
#2940 = VECTOR('',#2941,1.);
#2941 = DIRECTION('',(-0.,-0.,1.));
#2942 = PCURVE('',#273,#2943);
#2943 = DEFINITIONAL_REPRESENTATION('',(#2944),#2948);
#2944 = LINE('',#2945,#2946);
#2945 = CARTESIAN_POINT('',(-2.111543813914,0.));
#2946 = VECTOR('',#2947,1.);
#2947 = DIRECTION('',(-0.,1.));
#2948 = ( GEOMETRIC_REPRESENTATION_CONTEXT(2) 
PARAMETRIC_REPRESENTATION_CONTEXT() REPRESENTATION_CONTEXT('2D SPACE',''
  ) );
#2949 = PCURVE('',#299,#2950);
#2950 = DEFINITIONAL_REPRESENTATION('',(#2951),#2955);
#2951 = LINE('',#2952,#2953);
#2952 = CARTESIAN_POINT('',(-0.,3.633271931356));
#2953 = VECTOR('',#2954,1.);
#2954 = DIRECTION('',(-1.,0.));
#2955 = ( GEOMETRIC_REPRESENTATION_CONTEXT(2) 
PARAMETRIC_REPRESENTATION_CONTEXT() REPRESENTATION_CONTEXT('2D SPACE',''
  ) );
#2956 = ORIENTED_EDGE('',*,*,#2668,.T.);
#2957 = ORIENTED_EDGE('',*,*,#2884,.T.);
#2958 = FACE_BOUND('',#2959,.T.);
#2959 = EDGE_LOOP('',(#2960,#2961,#2962,#2963));
#2960 = ORIENTED_EDGE('',*,*,#2139,.F.);
#2961 = ORIENTED_EDGE('',*,*,#1615,.F.);
#2962 = ORIENTED_EDGE('',*,*,#2166,.T.);
#2963 = ORIENTED_EDGE('',*,*,#1878,.F.);
#2964 = ADVANCED_FACE('',(#2965),#72,.T.);
#2965 = FACE_BOUND('',#2966,.F.);
#2966 = EDGE_LOOP('',(#2967,#2968,#2969,#2970));
#2967 = ORIENTED_EDGE('',*,*,#493,.F.);
#2968 = ORIENTED_EDGE('',*,*,#2911,.T.);
#2969 = ORIENTED_EDGE('',*,*,#56,.T.);
#2970 = ORIENTED_EDGE('',*,*,#2971,.F.);
#2971 = EDGE_CURVE('',#471,#24,#2972,.T.);
#2972 = SURFACE_CURVE('',#2973,(#2977,#2984),.PCURVE_S1.);
#2973 = LINE('',#2974,#2975);
#2974 = CARTESIAN_POINT('',(19.,-23.,0.));
#2975 = VECTOR('',#2976,1.);
#2976 = DIRECTION('',(-0.,-0.,1.));
#2977 = PCURVE('',#72,#2978);
#2978 = DEFINITIONAL_REPRESENTATION('',(#2979),#2983);
#2979 = LINE('',#2980,#2981);
#2980 = CARTESIAN_POINT('',(-0.,16.));
#2981 = VECTOR('',#2982,1.);
#2982 = DIRECTION('',(-1.,0.));
#2983 = ( GEOMETRIC_REPRESENTATION_CONTEXT(2) 
PARAMETRIC_REPRESENTATION_CONTEXT() REPRESENTATION_CONTEXT('2D SPACE',''
  ) );
#2984 = PCURVE('',#44,#2985);
#2985 = DEFINITIONAL_REPRESENTATION('',(#2986),#2990);
#2986 = LINE('',#2987,#2988);
#2987 = CARTESIAN_POINT('',(-0.,-46.));
#2988 = VECTOR('',#2989,1.);
#2989 = DIRECTION('',(-1.,0.));
#2990 = ( GEOMETRIC_REPRESENTATION_CONTEXT(2) 
PARAMETRIC_REPRESENTATION_CONTEXT() REPRESENTATION_CONTEXT('2D SPACE',''
  ) );
#2991 = ADVANCED_FACE('',(#2992),#299,.T.);
#2992 = FACE_BOUND('',#2993,.F.);
#2993 = EDGE_LOOP('',(#2994,#2995,#3016,#3017));
#2994 = ORIENTED_EDGE('',*,*,#2645,.F.);
#2995 = ORIENTED_EDGE('',*,*,#2996,.T.);
#2996 = EDGE_CURVE('',#2623,#22,#2997,.T.);
#2997 = SURFACE_CURVE('',#2998,(#3002,#3009),.PCURVE_S1.);
#2998 = LINE('',#2999,#3000);
#2999 = CARTESIAN_POINT('',(19.,-21.1514425123,16.));
#3000 = VECTOR('',#3001,1.);
#3001 = DIRECTION('',(-0.,-0.,1.));
#3002 = PCURVE('',#299,#3003);
#3003 = DEFINITIONAL_REPRESENTATION('',(#3004),#3008);
#3004 = LINE('',#3005,#3006);
#3005 = CARTESIAN_POINT('',(-0.,0.));
#3006 = VECTOR('',#3007,1.);
#3007 = DIRECTION('',(-1.,0.));
#3008 = ( GEOMETRIC_REPRESENTATION_CONTEXT(2) 
PARAMETRIC_REPRESENTATION_CONTEXT() REPRESENTATION_CONTEXT('2D SPACE',''
  ) );
#3009 = PCURVE('',#44,#3010);
#3010 = DEFINITIONAL_REPRESENTATION('',(#3011),#3015);
#3011 = LINE('',#3012,#3013);
#3012 = CARTESIAN_POINT('',(-16.,-44.1514425123));
#3013 = VECTOR('',#3014,1.);
#3014 = DIRECTION('',(-1.,0.));
#3015 = ( GEOMETRIC_REPRESENTATION_CONTEXT(2) 
PARAMETRIC_REPRESENTATION_CONTEXT() REPRESENTATION_CONTEXT('2D SPACE',''
  ) );
#3016 = ORIENTED_EDGE('',*,*,#285,.T.);
#3017 = ORIENTED_EDGE('',*,*,#2936,.F.);
#3018 = ADVANCED_FACE('',(#3019),#44,.T.);
#3019 = FACE_BOUND('',#3020,.F.);
#3020 = EDGE_LOOP('',(#3021,#3022,#3023,#3024,#3025,#3026,#3027));
#3021 = ORIENTED_EDGE('',*,*,#21,.F.);
#3022 = ORIENTED_EDGE('',*,*,#2996,.F.);
#3023 = ORIENTED_EDGE('',*,*,#2622,.T.);
#3024 = ORIENTED_EDGE('',*,*,#2771,.F.);
#3025 = ORIENTED_EDGE('',*,*,#631,.T.);
#3026 = ORIENTED_EDGE('',*,*,#470,.T.);
#3027 = ORIENTED_EDGE('',*,*,#2971,.T.);
#3028 = ( GEOMETRIC_REPRESENTATION_CONTEXT(3) 
GLOBAL_UNCERTAINTY_ASSIGNED_CONTEXT((#3032)) 
GLOBAL_UNIT_ASSIGNED_CONTEXT((#3029,#3030,#3031)) REPRESENTATION_CONTEXT
('Context #1','3D Context with UNIT and UNCERTAINTY') );
#3029 = ( LENGTH_UNIT() NAMED_UNIT(*) SI_UNIT(.MILLI.,.METRE.) );
#3030 = ( NAMED_UNIT(*) PLANE_ANGLE_UNIT() SI_UNIT($,.RADIAN.) );
#3031 = ( NAMED_UNIT(*) SI_UNIT($,.STERADIAN.) SOLID_ANGLE_UNIT() );
#3032 = UNCERTAINTY_MEASURE_WITH_UNIT(LENGTH_MEASURE(2.E-05),#3029,
  'distance_accuracy_value','confusion accuracy');
#3033 = PRODUCT_RELATED_PRODUCT_CATEGORY('part',$,(#7));
ENDSEC;
END-ISO-10303-21;
